data;BRFS3;CVCB3;CYRE3;FLRY3;GOLL4;ITUB4;KLBN3;MGLU3;PETR3;TAE11;SPXI11
01/12/2015;54,77;13,83;7,51;7,95;3,37;16,96;2,35;0,04;9,25;17,72;81,77
02/12/2015;54,69;13,97;7,87;7,96;3,47;16,42;2,35;0,03;9,35;17,59;81,33
03/12/2015;55,21;13,87;7,88;8;3,57;17,47;2,35;0,03;9,27;17,78;79,1
04/12/2015;55,66;13,62;7,71;8;3,49;17,08;2,35;0,03;9,94;18,01;79,99
07/12/2015;56,32;13,8;7,74;8;3,44;16,95;2,35;0,03;9,75;18,14;79,9
08/12/2015;56,06;13,35;7,75;7,91;3,41;16,76;2,35;0,03;9,21;18,06;80,4
09/12/2015;56,44;13,11;7,9;7,98;3,51;17,67;2,35;0,03;8,65;17,38;78,12
10/12/2015;56,03;13,06;7,89;7,81;3,34;17,45;2,35;0,03;8,9;17,43;79,29
11/12/2015;55,95;13,4;7,9;7,73;3,33;17,45;2,35;0,03;9,3;17,25;79,66
14/12/2015;55,55;13,45;7,71;7,5;3,35;17,04;2,35;0,03;9,02;17,12;79,57
15/12/2015;55,01;13,16;7,82;7,6;3,24;17,15;2,35;0,03;8,79;17,15;80,99
16/12/2015;55,41;12,94;7,81;7,73;3,24;17,04;2,35;0,03;8,89;16,74;82,4
17/12/2015;55,79;13,09;7,84;7,66;3,15;17,33;2,35;0,04;8,99;17,04;81,44
18/12/2015;55,67;13,41;7,56;7,63;2,95;16,32;2,35;0,04;9,2;16,76;80,78
21/12/2015;56,42;12,84;7,5;7,4;2,8;16,02;2,35;0,04;8,51;16,26;81,81
22/12/2015;57,42;12,52;7,42;7,55;2,49;16,12;2,35;0,04;8,67;16,29;82,15
23/12/2015;57,5;12,35;7,4;7,5;2,46;16,06;2,35;0,04;8,41;16,4;82,15
28/12/2015;57,43;12,35;7,43;7,48;2,39;16;2,35;0,05;8,74;16,74;80,35
29/12/2015;55,79;12,59;7,4;7,68;2,39;16,01;2,35;0,07;8,87;16,72;81,5
30/12/2015;53,89;13,08;7,5;8;2,52;15,96;2,35;0,07;8,71;16,6;83,1
04/01/2016;53,42;13,24;7,28;7,63;2,41;15,23;2,35;0,07;8,57;16,63;82,35
05/01/2016;54,43;12,75;7,61;7,72;2,25;15,36;2,35;0,07;8,31;16,26;83
06/01/2016;53,35;12,28;7,32;7,68;2;15,3;2,35;0,07;8,73;15,92;81,65
07/01/2016;51,25;12,09;7,36;7,69;1,87;15,01;2,35;0,06;8,22;15,83;80,25
08/01/2016;52,24;12,16;7,5;7,72;1,79;15,01;2,35;0,06;7,72;15,43;79,5
11/01/2016;51,01;12,06;7,49;7,67;1,69;14,84;2,35;0,06;8;15,96;78,49
12/01/2016;49,53;12,28;7,54;7,51;1,61;14,9;2,35;0,06;7,89;16,3;78,97
13/01/2016;48,85;12,69;7,59;7,53;1,44;14,67;2,35;0,05;7,62;16,25;77,18
14/01/2016;48,78;12,45;7,45;7,53;1,31;14,88;2,35;0,05;7,18;16,24;78,42
15/01/2016;47,34;12,31;7,25;7,5;1,27;14,5;2,35;0,05;6,8;16,24;76,85
18/01/2016;46,04;12,3;7,13;7,26;1,3;14,33;2,35;0,06;6,94;15,7;76,77
19/01/2016;46,45;12,49;7,3;7,5;1,27;14,18;2,35;0,06;6,76;15,71;77,84
20/01/2016;46,31;12,31;7,22;7,4;1,28;13,98;2,35;0,05;6,68;15,64;77,82
21/01/2016;46,31;12,4;7,3;7,27;1,18;14,01;2,35;0,05;5,93;15,05;78,79
22/01/2016;46,31;12,64;7,21;7,18;1,16;14,15;2,35;0,05;5,94;15,51;79,41
26/01/2016;44,95;12,9;6,95;7,04;1,17;14,3;2,35;0,05;6,6;15,49;78,24
27/01/2016;45,85;12,37;7,21;7,13;1,19;14,35;2,35;0,05;6,1;15,7;78,53
28/01/2016;45,47;13,06;7,05;7,04;1,2;14,45;2,35;0,05;5,98;16,49;78,35
29/01/2016;47,52;12,82;7,15;7,3;1,53;15,12;2,35;0,05;6,7;17,01;78,32
01/02/2016;47,91;12,6;7,3;7,47;2,3;15,44;2,35;0,06;6,61;17,27;78,3
02/02/2016;47,14;12,49;7,35;7,45;1,95;14,33;2,35;0,06;6,81;17,61;77,14
03/02/2016;48,62;12,51;7,35;7,35;2,16;14,67;2,35;0,06;6,38;17,05;75,57
04/02/2016;49,19;12,32;7,6;7,19;2,32;14,88;2,35;0,06;6,1;17,07;75,38
05/02/2016;50,06;12,6;7,91;7,33;2,22;15,03;2,35;0,06;6,3;17,58;74,57
10/02/2016;49,95;12,02;7,94;7,21;2,03;15,1;2,35;0,05;6,61;17,54;74,71
11/02/2016;48,94;11,21;7,77;7,17;1,95;14,65;2,35;0,05;6,04;17,74;74,33
12/02/2016;49,95;11;7,8;7,25;1,99;14,77;2,35;0,05;5,89;17,71;75,92
15/02/2016;50,4;11,26;7,9;7,5;1,91;14,72;2,35;0,06;6,17;17,79;77
16/02/2016;51,34;11,1;8,15;7,61;1,93;15,08;2,35;0,07;6,52;17,55;78,4
17/02/2016;51,51;11,18;8,12;7,55;1,88;15,24;2,35;0,07;6,44;17,68;78,04
18/02/2016;52,47;11,3;8;7,56;1,85;14,93;2,35;0,07;6,41;18,22;78,97
19/02/2016;52,92;12,07;8,13;7,63;1,8;14,71;2,35;0,07;6,8;18,49;78,06
22/02/2016;54,68;12,29;8,22;7,7;1,98;15,3;2,35;0,07;6,53;18,64;78,3
23/02/2016;54,68;12,08;8,03;7,73;1,97;15,08;2,35;0,07;6,71;18,36;77,96
24/02/2016;54,13;11,95;8;7,73;1,93;14,96;2,35;0,07;7,26;18,45;77,95
25/02/2016;53,36;11,96;7,98;7,96;1,88;14,97;2,35;0,07;6,83;17,94;78,88
26/02/2016;49,26;12,06;8,15;7,95;2,17;14,97;2,35;0,07;6,96;18,49;79,1
29/02/2016;50,64;12,85;8,2;8,15;2,31;15,39;2,35;0,07;7,24;18,65;79,03
01/03/2016;52,13;13,29;8,39;8,06;2,25;16,11;2,35;0,08;7,15;18,73;79,5
02/03/2016;51,75;13,51;8,08;8,53;2,73;16,48;2,35;0,08;7,59;18,92;79,05
03/03/2016;51,94;14,22;8,51;8,75;3,8;18,12;2,35;0,09;7,47;18,23;77,89
04/03/2016;51,42;14,8;9,3;9;3,16;19;2,35;0,1;8,3;18,43;76,8
07/03/2016;52,08;15,11;9,5;9,03;3,3;18,92;2,35;0,1;9,11;18,56;77,57
08/03/2016;51,67;15,04;9,68;9,23;3,26;19,34;2,35;0,1;10,2;18,09;75,83
09/03/2016;52,71;15,12;9,65;9,4;3,22;18,7;2,35;0,1;9,9;18,08;74,84
10/03/2016;52,95;15,28;10,39;9,73;3,43;19,43;2,35;0,11;9,96;18,19;73,62
11/03/2016;51,84;15,8;10,25;9,83;3,3;19,59;2,35;0,11;9,83;18,19;74
14/03/2016;51,89;16,37;10,12;9,95;3,06;19,5;2,35;0,11;9,8;17,87;75,1
15/03/2016;51,74;15,75;9,4;9,88;2,68;18,64;2,35;0,11;10,16;18,16;77,4
16/03/2016;52,23;14,96;9,96;9,74;2,66;18,08;2,35;0,11;8,99;17,92;77,51
17/03/2016;53,61;16;10,97;9,66;3,04;20,06;2,35;0,11;8,91;18,34;75,99
18/03/2016;53,42;16,27;11,1;9,73;2,99;20,12;2,35;0,11;10,52;19,08;74,6
21/03/2016;54,62;16,9;11,05;10,01;2,93;20,12;2,35;0,11;10,55;19,11;75,44
22/03/2016;54,55;16,76;10,6;10,32;3,29;19,61;2,35;0,12;10,19;19,48;75,05
23/03/2016;51,76;16,34;10,35;10,5;3,2;18,98;2,35;0,12;10;19,25;76,26
24/03/2016;51,47;16,25;9,91;10,29;3,11;18,78;2,35;0,12;10,2;19,38;76,99
28/03/2016;52,61;15,98;10,5;10,37;3,3;19,25;2,35;0,12;9,66;19,44;75,75
29/03/2016;52,96;16,74;10,67;10,35;3,27;19,36;2,35;0,12;10,45;19,45;76,49
30/03/2016;52,34;17,05;10,68;10,85;2,96;19,47;2,35;0,12;10,5;20,05;76,33
31/03/2016;50,67;16,71;10,43;10,78;2,77;18,92;2,35;0,12;10,9;20,08;75,37
01/04/2016;50,95;16,7;10,45;10,52;2,72;19,04;2,35;0,12;10,63;19,94;74,77
04/04/2016;49,36;17,04;10,21;10,72;2,49;18,37;2,35;0,12;10,53;19,75;75,85
05/04/2016;49,53;17,08;10,17;11,12;2,54;18,41;2,35;0,11;10,16;19,5;76,35
06/04/2016;49,38;17,17;9,85;10,95;2,48;17,88;2,35;0,11;9,52;19,6;76,55
07/04/2016;49,42;17,42;9,8;11,15;2,37;18,07;2,35;0,11;9,76;19,66;76,57
08/04/2016;49,03;18,16;10,31;11,3;2,36;19,21;2,35;0,11;9,99;19,62;74,88
11/04/2016;47,77;18,96;10,07;10,95;2,29;19,31;2,35;0,11;10,4;19,95;72,68
12/04/2016;47,68;19,33;10,43;11;2,31;20,18;2,35;0,11;10,6;20,94;73,13
13/04/2016;47,47;19,5;10,6;10,78;2,59;20,43;2,35;0,11;10,62;20,64;73,67
14/04/2016;47,44;19,2;10,2;10,6;2,5;19,84;2,35;0,11;11,71;20,97;73,52
15/04/2016;48,68;18,47;10,62;10,97;2,59;19,96;2,35;0,11;11,95;20,91;74,62
18/04/2016;48,77;19,29;10,6;11,17;2,48;19,82;2,35;0,11;11,59;21,01;76,63
19/04/2016;48,3;19,48;10,98;11,59;2,66;19,93;2,35;0,11;11,88;19,9;75,42
20/04/2016;47,64;19,63;10,53;11,57;2,57;19,56;2,35;0,11;11,92;20,19;75,37
22/04/2016;47,4;19,4;10,3;11,7;2,53;19,2;2,35;0,11;12,1;19,7;75,7
25/04/2016;47,3;19,74;10,44;11,43;2,43;19,03;2,35;0,11;12,14;20,02;75,22
26/04/2016;48,44;19,29;10,47;11,15;2,5;19,69;2,35;0,11;12,8;19,9;74,78
27/04/2016;48,79;19;10,75;11,25;2,47;20,36;2,35;0,11;12,48;20,05;74,96
28/04/2016;48,39;19,05;10,79;11,75;2,45;20,22;2,35;0,14;12,98;20,21;73,56
29/04/2016;48,58;19,05;10,27;12,49;2,44;19,92;2,35;0,13;13,46;20,1;72,21
02/05/2016;47,85;18,91;10,04;12,84;2,56;19,36;2,35;0,13;13,75;19,76;73,82
03/05/2016;46,22;18,54;9,97;12,44;2,53;18,25;2,35;0,13;13,33;19,5;74,67
04/05/2016;46,09;18,5;10,01;12,17;3,25;18,7;2,35;0,14;13,2;19,76;73,8
05/05/2016;46,31;18,14;10,01;12,06;2,7;18,42;2,35;0,13;12,9;20;73,7
06/05/2016;46,16;17,93;10,12;12,08;2,65;18,42;2,35;0,13;13,43;19,77;73,19
09/05/2016;45,34;18,46;9,97;12;2,63;18,54;2,35;0,13;12,35;19,11;73,55
10/05/2016;48,68;18,25;10,3;12,51;2,67;19,7;2,35;0,14;12,93;19,38;73,28
11/05/2016;46,64;19,11;10,8;12,5;2,8;19,58;2,35;0,14;12,43;19,68;72,28
12/05/2016;47;19,21;11,16;12,55;3,11;19,78;2,35;0,14;13,05;19,89;72,94
13/05/2016;46,95;20,1;11,25;12,5;2,97;19,03;2,35;0,13;13,06;20,04;73,39
16/05/2016;46,67;19,86;11,12;12,72;2,93;18,74;2,35;0,13;12,78;19,42;73,58
17/05/2016;45,94;20,3;10,83;12,75;2,74;18,34;2,35;0,13;12,24;19,07;72,58
18/05/2016;45,96;20,17;10,59;13,05;2,75;18,62;2,35;0,13;12,66;19,2;72,58
19/05/2016;45,65;20,22;10,35;12,95;2,66;18,47;2,35;0,14;12,2;19,56;73,89
20/05/2016;45,28;20,04;10,01;13,18;2,61;18,23;2,35;0,13;11,9;19,04;73,49
23/05/2016;44,34;19,61;9,9;13,35;2,66;18,29;2,35;0,14;11,76;19,15;74,43
24/05/2016;44,93;19,97;9,84;13,25;2,47;18,27;2,35;0,13;10,9;19,35;74,43
25/05/2016;45,44;20,1;9,69;13,4;2,5;18,19;2,35;0,14;11,3;18,75;76,35
27/05/2016;45,42;20,44;9,66;13,25;2,5;18,01;2,35;0,13;11,13;18,25;76,82
30/05/2016;44,93;21,08;9,63;12,93;2,4;18;2,35;0,13;10,85;18,31;76,82
31/05/2016;45,1;20,85;9,6;12,98;2,27;17,61;2,35;0,13;10,45;18,29;76,83
01/06/2016;45,76;21,27;9,84;13,01;2,3;17,86;2,35;0,13;10,6;18,97;76,67
02/06/2016;47,55;21;9,9;13,15;2,32;18,13;2,35;0,13;10,15;18,19;76,73
03/06/2016;48,22;20,6;10,32;13,46;2,32;18,11;2,35;0,13;10,38;17,88;75,12
06/06/2016;47,3;20,87;10,3;13,55;2,36;17,93;2,35;0,14;10,79;18,25;74,9
07/06/2016;47,28;20,57;10,16;13,63;2,39;18,22;2,35;0,15;10,98;17,68;74,04
08/06/2016;48,09;21;10,7;13,68;2,55;18,5;2,35;0,15;10,75;18,05;72,6
09/06/2016;47,54;20,8;10,78;13,62;2,76;18,46;6,51;0,15;11,25;18,42;73,15
10/06/2016;46,5;20,76;10,45;13,48;2,53;17,52;6,6;0,15;11,96;17,87;72,97
13/06/2016;46,18;20,52;10,32;13,45;2,47;17,59;6,05;0,14;11,39;17,76;73,5
14/06/2016;44,85;20,57;10,02;13,27;2,42;17,34;6,03;0,14;10,88;18,14;73,5
15/06/2016;44,91;20,39;10;13,23;2,51;17,25;6,56;0,14;10,79;18,09;72,99
16/06/2016;44,46;20,81;10;13,2;2,45;17,57;6,4;0,14;10,46;18,24;73,13
17/06/2016;44,44;21;9,94;13,36;2,6;17,53;6;0,13;10,54;18,39;71,56
20/06/2016;44,98;21,13;10,23;13,13;2,68;17,82;6,31;0,14;11,01;18,52;72,06
21/06/2016;45,23;20,97;10,56;13,13;2,8;17,81;6,27;0,14;11,72;18,43;72,44
22/06/2016;43,55;20,83;10,45;13,15;2,98;17,5;6,5;0,15;11,7;18,7;71,48
23/06/2016;44,62;21,67;10,75;13,29;3,6;18,18;6,55;0,15;12,01;18,87;71,78
24/06/2016;43,25;21,13;9,92;13,2;3,6;17,55;6,55;0,14;11,92;18,63;69,92
27/06/2016;43,12;20,99;9,73;13,29;3,25;16,96;6,79;0,14;11,2;18,75;68,95
28/06/2016;42,72;21,11;9,75;13,45;3,68;17,55;6,68;0,15;11,43;18,66;68,39
29/06/2016;44,3;21,86;10,1;13,51;3,41;17,95;6,85;0,15;11,23;18,99;68,16
30/06/2016;44,56;22,3;10,29;13,75;3,45;18,36;6,27;0,15;11,48;18,82;68,58
01/07/2016;46,43;22,9;10,12;13,3;3,4;18,73;6,03;0,15;11,45;19,44;68,99
04/07/2016;48,31;22,76;10,28;13,15;3,2;18,72;6,3;0,15;11,55;19,66;68,99
05/07/2016;47,53;22,85;10,07;13,09;3,19;18,59;6,57;0,15;12,11;19,92;70,05
06/07/2016;48,15;23,18;9,92;13,11;3,27;18,66;6,57;0,15;11,72;20,29;71,15
07/07/2016;48,4;23,25;10;13,02;3,25;18,85;6,57;0,15;11,15;19,92;71,15
08/07/2016;48,88;23,9;10,1;13,46;3,32;19,36;6,41;0,15;11,91;19,9;71,45
11/07/2016;49,98;24,08;10,18;13,94;3,47;19,55;6,41;0,17;12,23;19,95;71,92
12/07/2016;50,56;24,08;10,05;14,55;4,12;19,38;5,96;0,16;12,5;20,72;72,08
13/07/2016;50,51;24,32;9,96;15,07;4,29;19,78;6,12;0,16;13,15;20,74;71,56
14/07/2016;50,92;24,55;10,29;15,37;4,4;20,35;5,97;0,17;13,06;21,15;71,81
15/07/2016;50,41;25,65;10,39;15,36;4,91;20,28;5,94;0,17;13,35;20,26;71,96
18/07/2016;50,97;25,12;10,76;15,3;5,24;20,62;6;0,17;13,35;20,25;71,63
19/07/2016;50,96;25,61;10,93;15,68;5,19;20,5;5,77;0,17;13,15;20,69;71,64
20/07/2016;50,7;25,98;10,89;15,14;5,53;20,82;5,86;0,17;13,71;21,44;71,8
21/07/2016;50,55;25,2;10,96;15,1;5,7;20,55;5,89;0,17;13,81;22;72,25
22/07/2016;51,65;25,38;10,85;15,18;5,52;20,67;5,75;0,17;13,58;21,64;72,06
25/07/2016;51,55;25,71;10,85;15,13;5,37;20,52;6,1;0,17;13,85;21,56;72,52
26/07/2016;51,23;25,27;10,81;15,2;5,03;20,25;5,9;0,18;13,98;21,67;72,52
27/07/2016;50,73;26;10,79;15,33;5,04;20,33;5,9;0,18;13,68;22,33;72
28/07/2016;51;22,95;10,93;15,5;4,92;20,11;6,05;0,17;13,86;23,36;72,72
29/07/2016;54,3;21,7;11,21;15,61;5,13;20,48;5,92;0,17;13,48;23,85;71,51
01/08/2016;53,23;21,77;11,24;15,63;5,34;20,26;6,53;0,18;13,57;26,03;72,21
02/08/2016;52,5;21,9;11,06;15,7;5,2;20,5;6,16;0,18;14,04;24,36;72,2
03/08/2016;52;21,69;11,17;16,35;5,29;21,36;6;0,17;13,19;23,44;71,38
04/08/2016;52,29;21,85;11,5;16,81;5,64;21,48;5,85;0,18;13,05;23,7;70,4
05/08/2016;52,45;22,4;11,55;17;5,6;21,35;6,02;0,2;13,55;21,8;70,4
08/08/2016;53,3;22,7;11,33;17,26;5,4;21,21;6,25;0,21;13,66;22,42;70,35
09/08/2016;53,64;21,9;11,08;17,7;5,45;21,25;6;0,21;13,38;23,48;69,9
10/08/2016;52,69;21,42;10,65;17,69;5,66;21,08;6,2;0,22;13,75;23,96;69,3
11/08/2016;52,97;21;10,62;17,56;5,78;21,62;6,07;0,23;13,79;24,46;69,99
12/08/2016;53,87;22,2;10,31;17,91;6,14;21,78;5,98;0,23;13,2;23,97;70,84
15/08/2016;54,6;23,15;10,05;17,89;6,26;22,01;6,1;0,23;13,6;23,35;71,22
16/08/2016;54,88;22,64;10,03;18,2;6,51;21,92;6,26;0,23;14,02;23,09;71,22
17/08/2016;53,99;22,28;10,05;18,37;6,4;22,21;6,3;0,24;14,63;23,59;71,36
18/08/2016;53,85;22,68;10,16;19,03;6,79;22,17;6,07;0,25;14,54;23,38;72,05
19/08/2016;53,8;22,31;10,36;18,71;6,47;22,02;6,14;0,24;14,99;23,99;71,45
22/08/2016;53,18;22,45;10,21;18,65;6,15;21,6;6,23;0,24;15,07;23,54;71,29
23/08/2016;53,52;22,1;10,1;18,5;6,52;21,56;6,23;0,24;14,9;23,24;72
24/08/2016;53,82;22,22;10,23;18,47;6,15;21,46;6,03;0,25;14,56;22,73;71,55
25/08/2016;53,87;21,63;10,26;18,63;6,23;21,39;6,2;0,24;14,75;22,46;71,45
26/08/2016;53,79;21,71;10,47;18,75;6,16;21,65;6,3;0,24;14,7;22,6;72,3
29/08/2016;53,95;22,2;10,8;18,79;6,27;22,04;6,1;0,24;14,94;22,56;71,87
30/08/2016;53,91;22,15;10,81;19,12;6,29;22,18;6,22;0,24;14,95;22,68;71,89
31/08/2016;53,85;22,7;10,57;19,12;6,33;21,73;6,5;0,24;15,35;22,78;71,55
01/09/2016;53,18;22,65;10,58;18,71;6,31;21,93;6,54;0,24;15,3;22,36;72,04
02/09/2016;54,75;22,53;10,8;19;6,88;22,25;7,06;0,25;14,79;22,15;72,27
05/09/2016;54,79;22,9;10,74;19,5;7,15;22,26;6,77;0,26;15,15;22,9;72,27
06/09/2016;55,47;23,06;10,68;19,99;7,11;22,47;6,75;0,26;15,82;22,38;71,7
08/09/2016;56,04;23,69;10,54;19,8;7,68;22,21;6,35;0,26;16;23,35;71,68
09/09/2016;54,78;23,72;9,83;19,94;7,05;21,36;6,56;0,26;16,049999;22,72;71,45
12/09/2016;53,94;23;10,05;19,92;6,86;21,64;6,4;0,26;16,049999;22,01;71,54
13/09/2016;53,31;23,36;9,93;19,9;6,48;21,21;6,5;0,26;15,44;22,49;72,1
14/09/2016;53,31;23;10,18;19,84;6,39;21,23;6,55;0,24;15,69;22,05;72,6
15/09/2016;53,2;23,23;10,26;18,85;6,48;21,69;6,55;0,24;15;22,16;72,41
16/09/2016;53,46;23,45;10,16;18,93;6,03;21,2;6,54;0,24;15,16;22,52;70,89
19/09/2016;53,59;23,3;10,18;18,85;5,98;21,35;6,54;0,25;15,2;22,42;71,21
20/09/2016;53,55;23,07;10,21;18,65;5,86;21,4;6,37;0,25;15,19;22,81;71,06
21/09/2016;54,2;23,25;10,3;19,25;6,29;21,61;6,32;0,26;15,21;22,41;70,68
22/09/2016;54,85;23,91;10,27;19,75;6,82;21,95;6,17;0,27;15,15;22,5;71,35
23/09/2016;54,81;24,4;10,01;19,25;6,73;21,9;6,05;0,28;15,65;22,15;71,31
26/09/2016;54,42;23,83;9,82;19,16;6,42;21,73;6,15;0,27;15,43;21,85;70,74
27/09/2016;55,02;23,45;9,82;19,42;6,36;21,98;5,95;0,28;14,9;21,63;70,79
28/09/2016;55,17;23,73;10,17;19,75;6,5;22,13;6,2;0,29;14,7;21,82;71,25
29/09/2016;54,61;24,06;10,12;19,32;6,29;21,57;6,15;0,29;14,8;21,63;71,3
30/09/2016;55,32;24,29;10,23;19,17;6,24;21,53;6,28;0,29;15,27;21,3;71,74
03/10/2016;56,1;24,08;10,46;19,65;6,37;22,03;6,13;0,3;15,22;20,98;70,39
04/10/2016;55,97;25;10,38;19,65;6,6;22,22;6,05;0,3;15,29;21;71,2
05/10/2016;56,9;24,69;10,51;19,13;6,65;22,66;6,1;0,31;15,62;20,89;70,7
06/10/2016;57,32;25;10,59;19,66;6,72;22,85;6,05;0,31;15,82;20,85;70,98
07/10/2016;57,61;24,83;10,69;19,3;6,82;23,06;5,92;0,32;16,200001;21;70,6
10/10/2016;57,98;24,95;10,85;19,59;6,93;23,09;5,85;0,33;16,9;20,94;70,7
11/10/2016;56,98;24,8;10,85;19,6;6,66;23,01;5,9;0,36;17,120001;21,25;69,66
13/10/2016;55,27;24,45;10,75;20;6,75;23,27;5,66;0,35;17,469999;21,34;69,17
14/10/2016;55;24,25;10,81;19,87;7,27;23,72;5,7;0,35;17,040001;21,5;69,76
17/10/2016;54,35;24,27;10,61;20,15;7,23;24,24;5,86;0,36;17,690001;21,17;69,35
18/10/2016;54,27;24,1;10,83;20,25;7,35;24,57;5,56;0,35;17,9;20,99;69,55
19/10/2016;53,29;24,7;10,8;19,9;7,55;24,17;5,5;0,35;18,549999;20,86;69,2
20/10/2016;53,76;24,23;10,75;19,47;7,8;24,25;5,41;0,36;19,07;20,91;69
21/10/2016;53,44;23,75;10,67;19,72;8,06;24,21;5,3;0,36;18,77;21,46;68,82
24/10/2016;53,22;23,99;11,06;19,96;8,34;24;5,28;0,36;19;21,57;68,5
25/10/2016;52,7;23,71;10,97;19,5;8,09;23,87;5,25;0,38;19,52;21,24;67,92
26/10/2016;52,5;23,74;10,85;19,4;8,02;24,02;5,32;0,32;19,469999;21,3;68,4
27/10/2016;52,48;23,75;10,92;19,75;7,91;24,53;5,12;0,29;18,799999;21,18;68,9
28/10/2016;54,09;24;10,92;20,5;7,94;24,74;5,05;0,36;19,219999;21,3;69,34
31/10/2016;53,4;24,18;10,75;21,13;7,86;25,6;5,1;0,37;19,110001;20,77;69,35
01/11/2016;52,23;24,56;10,64;20,68;7,43;24,83;4,81;0,36;19,129999;20,82;69,47
03/11/2016;51,96;24;10,3;20,58;7,14;24,3;4,95;0,36;18,719999;20,5;69,5
04/11/2016;51,15;23,79;10,33;19,75;6,98;24,5;5,24;0,36;17,709999;20,65;69,2
07/11/2016;52,87;24,79;10,8;19,8;7,86;25,38;5,09;0,36;17,4;20,77;69,25
08/11/2016;53,83;24,83;10,93;19,86;7,67;25,44;5,09;0,36;17,99;20,86;69,18
09/11/2016;53,2;24,8;10,88;19,75;7,26;24,63;5,17;0,35;18,299999;20,56;70,85
10/11/2016;50,62;25,89;10;19,49;5,98;23,4;5,33;0,38;17,27;20,47;75,16
11/11/2016;48,88;24,65;9,22;19,5;5,5;23,1;5,45;0,37;18,43;19,51;74,82
14/11/2016;50,32;24;9;19,6;5,56;22,96;5,35;0,38;16,85;18,68;75,9
16/11/2016;52,34;23,7;9,15;19,75;5,93;24,09;5,82;0,36;16;18,45;75,95
17/11/2016;53;24,17;9,17;20,35;5,82;23,37;5,94;0,36;16,99;18,7;76,43
18/11/2016;53;24,49;8,76;19,78;5,7;23,59;5,85;0,36;17,209999;19,01;76,4
21/11/2016;52,88;24;9,06;19,83;5,5;23,79;5,7;0,36;16,459999;19,12;75,14
22/11/2016;52,9;24,75;8,8;19,51;5,79;23,87;5,25;0,37;16,85;19,56;75,42
23/11/2016;53,11;23,81;8,65;19,3;5,89;23,65;5,35;0,38;17,6;19,08;76,2
24/11/2016;52,6;23,3;8,92;19,33;5,81;23,4;5,45;0,38;17,549999;18,6;76,2
25/11/2016;52,96;23,39;9,03;19,37;5,66;23,24;5,7;0,38;17,879999;18,87;77,12
28/11/2016;53,57;23,61;8,92;19,33;5,6;23,73;5,66;0,38;17,110001;18,92;76,3
29/11/2016;52,34;23,54;8,92;19;5,47;23,16;5,49;0,38;17,440001;18,75;76,58
30/11/2016;51,65;23,74;9,33;19,53;5,42;23,61;6,15;0,4;17,65;18,41;76,22
01/12/2016;48,89;23,91;8,93;18,48;4,97;22,53;6,35;0,4;17,809999;18,7;77,55
02/12/2016;48,8;22,8;9,42;18,65;4,93;22,63;6,13;0,39;18,469999;18,19;77,81
05/12/2016;48,49;22,5;9,3;18,35;4,75;22,55;5,7;0,39;17,85;18,69;77,04
06/12/2016;50,22;22,57;9,64;18,6;4,85;22,85;5,6;0,38;18,74;18,7;77,04
07/12/2016;50,46;23,06;9,89;18,42;4,84;22,67;5,52;0,4;18,18;18,54;77,61
08/12/2016;49,16;22,95;9,54;19,3;4,77;22,53;5,51;0,4;18,67;18,51;77,42
09/12/2016;49,65;23,55;9,49;20;4,76;22,6;6,07;0,41;18,48;18,9;77,95
12/12/2016;49,24;23;9,41;19,56;4,44;21,67;6,08;0,41;18,51;19,35;77
13/12/2016;49,76;22,78;9,68;19,01;4,6;21,77;6,12;0,4;18,4;19,7;77,6
14/12/2016;49,93;23,03;9,66;18,5;4,39;21,72;5,74;0,41;18,34;19,51;78,03
15/12/2016;49,66;23,2;9,58;18,57;4,42;21,63;5,68;0,4;18,25;19,61;77,88
16/12/2016;47,81;22,82;9,74;18,27;4,35;21,25;6;0,42;17,6;19,57;77,88
19/12/2016;46,33;23,38;9,74;17,56;4,18;20,67;6,4;0,42;17,6;19,86;77,88
20/12/2016;46,4;22,97;9,72;17,41;4,15;21,2;6,6;0,41;17,360001;20,13;77,65
21/12/2016;46,46;22,26;9,6;17,41;4,05;21,19;6,48;0,42;16,75;20,34;77,11
22/12/2016;46,47;22,26;9,78;17,45;3,85;21,37;6,46;0,42;16,780001;20,4;76,1
23/12/2016;46,48;22,28;9,97;17,35;4,12;21,65;6,46;0,41;16,709999;20,69;75,4
26/12/2016;47,15;22,47;9,93;17,4;4,31;21,82;5,9;0,41;16,35;20,54;75,64
27/12/2016;47,25;22,59;10,02;17,33;4,63;21,81;5,99;0,41;16,75;20,25;75,98
28/12/2016;47,66;23,01;10,32;17,71;4,84;22,32;5,86;0,41;16,9;20,31;75,4
29/12/2016;48,25;23,23;10,27;17,83;4,62;22,57;6,1;0,42;16,700001;20,55;74,75
02/01/2017;47,9;23,65;10,28;17,35;4,51;22,35;6,23;0,41;17,01;20,71;74,67
03/01/2017;49,5;23,1;11,15;17,26;4,88;23,3;6,13;0,4;16,700001;21,43;75,01
04/01/2017;48,91;24,35;11,56;17,65;5,17;23,4;6,01;0,39;16,790001;21,41;74,66
05/01/2017;48,53;24,5;11,41;18;5,23;23,72;5,97;0,38;17,6;21,21;74,15
06/01/2017;46,22;25,1;11,34;18;5,15;23,8;5,8;0,39;17,610001;21,26;74,15
09/01/2017;45,7;25;11,75;17,93;5,23;23,91;5,57;0,39;17,77;21,25;74,24
10/01/2017;45,92;25,39;11,58;17,91;5,22;23,83;5,48;0,37;17,58;20,89;74,23
11/01/2017;45,86;25,12;11,7;17,98;5,32;23,88;5,35;0,37;17,620001;21,37;74,29
12/01/2017;47,05;26;12,05;17,88;5,73;24,49;5,25;0,39;17,790001;21,59;73,85
13/01/2017;45,79;25,3;12,11;17,9;5,66;23,99;5,21;0,41;18,77;21,59;74,75
16/01/2017;45,8;26,35;12,36;18,26;5,61;24,01;5,3;0,41;18,33;22,04;74,99
17/01/2017;46,35;25,72;12,8;18,92;5,55;24,65;5,19;0,41;18,42;22;74,4
18/01/2017;45,3;25,66;12,11;18,91;5,39;24,46;5,19;0,41;18,32;21,95;74,85
19/01/2017;45,28;25,72;12,01;18,9;5,28;24,33;5,26;0,42;18,17;22,1;74,17
20/01/2017;45,96;25,06;12,3;18,82;5,66;24,4;5,3;0,42;18,190001;21,75;73,6
23/01/2017;46,74;25,94;12,5;18,74;5,75;25,22;5,56;0,47;18,129999;22;73,33
24/01/2017;46,92;25,81;12,45;19,35;6;25,16;5,25;0,49;17,74;21,73;74,1
26/01/2017;45,9;26,1;12,55;19,37;5,88;25,5;5,44;0,51;18;21,84;74,7
27/01/2017;45,29;26,51;12,76;19,18;6,1;25,37;5,19;0,49;17,73;21,9;74,45
30/01/2017;43,98;25,95;12,51;18,5;6,25;24,83;5,3;0,49;17,51;22,01;72,62
31/01/2017;44,46;25,95;12,95;18,99;6,26;24,83;5,3;0,46;17,07;21,65;72,92
01/02/2017;43,8;26,13;12,89;18,86;6,13;25,08;5,22;0,5;16,299999;21,6;72,89
02/02/2017;44,52;25,97;12,88;18,56;6,34;25,01;5,17;0,5;16,48;21,73;72,41
03/02/2017;44,9;26,06;13,36;18,53;6,3;25,53;4,8;0,49;16,219999;22,1;73,11
06/02/2017;43,45;26,59;13,45;18,98;6,13;25,34;4,8;0,49;15,98;21,95;72,83
07/02/2017;43,53;26,1;13,65;19,1;6,2;25,83;4,8;0,55;16,360001;21,74;73,05
08/02/2017;43,23;26,4;13,95;19,83;6,31;26,5;4,62;0,55;16,15;21,55;72,92
09/02/2017;42,59;26,46;14,04;20,25;6,68;26,62;4,6;0,54;15,88;21,21;73,68
10/02/2017;43,2;27,04;14,14;20,37;6,95;26,71;4,65;0,54;16,190001;21,3;73,7
13/02/2017;42,77;27,35;13,86;20,88;7,11;26,58;4,58;0,54;16,049999;21,3;73,95
14/02/2017;43,2;27,8;13,67;20,88;7,32;26,67;4,62;0,6;16,5;21,99;73,5
15/02/2017;43,96;27,41;13,67;20,68;7,8;27,79;4,5;0,59;16,620001;21,5;73,45
16/02/2017;43,9;28,12;13,41;20,64;8,22;27,25;4,79;0,61;16,969999;21,54;73,97
17/02/2017;42,85;27,9;13,5;20,63;8,89;27,23;4,89;0,61;16,889999;21,83;74,21
20/02/2017;42,43;27,4;13,39;21,03;9,71;27,36;4,78;0,67;16,83;22,3;74,21
21/02/2017;41,35;28,29;13,58;21,31;8,68;27,23;4,74;0,7;16,809999;22,3;74,82
22/02/2017;40,49;28,15;13,57;21,4;9,05;27,31;4,6;0,75;17,280001;22,12;74,13
23/02/2017;40,6;28,27;13,23;21,84;8,82;26,9;4,51;0,76;17,129999;22,29;73,94
24/02/2017;40,62;28,74;12,99;21,66;8,48;26,69;4,54;0,79;16,860001;21,9;75,13
01/03/2017;40;28,71;12,9;21,78;9,23;26,63;4,42;0,83;16,280001;22,01;75,92
02/03/2017;39,29;28,3;12,92;21,5;8,99;26,36;4,54;0,84;16,370001;22,86;76,8
03/03/2017;40,21;28,93;13,14;21;9,1;26,84;4,53;0,77;16,440001;22,56;75,95
06/03/2017;40,6;28,94;13,19;21;9,1;26,73;4,6;0,77;15,99;22,9;76,2
07/03/2017;40,1;29,53;13,34;21,15;9,32;26,29;4,6;0,77;15,87;22,9;75,7
08/03/2017;40,06;29,5;12,94;20,84;8,76;25,99;4,6;0,73;15,89;23,24;76,7
09/03/2017;40,8;28,99;13,1;20,69;8,69;26,07;4,6;0,68;15,95;22,3;77,1
10/03/2017;39,88;29,31;13,1;20,3;8,95;26,08;4,7;0,74;14,74;22,12;76,31
13/03/2017;39,52;29,89;13,5;20,95;8,8;26,55;4,94;0,68;15,05;22,66;76,6
14/03/2017;38,31;30,08;13,44;20,86;8,66;26,29;4,93;0,66;14,9;22,73;76,87
15/03/2017;38,66;30,02;13,47;21,28;9,25;26,55;5,01;0,67;14,73;22,39;75,7
16/03/2017;40;30,15;13,45;21,45;9,02;26,21;4,82;0,7;14,59;22,31;75,86
17/03/2017;37,1;30,26;13,19;21,18;8,9;25,45;4,55;0,77;14,76;21,62;75,3
20/03/2017;36,3;29,77;13,45;21,08;8,48;25,73;4,6;0,72;14,54;21,59;74,62
21/03/2017;35,85;29,59;13,1;20,65;7,91;25,18;4,47;0,77;13,65;21,84;74,15
22/03/2017;35,58;28,91;13,15;20,96;8,2;25,39;4,68;0,72;14,22;21,92;74,15
23/03/2017;35,88;28,63;13;21;8,07;25,25;4,42;0,71;13,81;21,8;75,2
24/03/2017;35,8;29,33;12,75;20,38;7,98;25,52;4,41;0,74;14,06;21,56;74,7
27/03/2017;37,09;28,61;12,95;20,73;8,33;25,71;4,3;0,7;14,32;21,92;75
28/03/2017;38,65;28,47;13,1;20,8;8,24;25,62;4,28;0,72;14,02;22,06;75,8
29/03/2017;38,87;28,6;13,03;21;8,2;26;3,99;0,69;14,47;22,47;75,3
30/03/2017;38,54;29,59;13,27;21,08;8,16;25,69;4,09;0,7;14,65;22,75;76,4
31/03/2017;38,61;28,99;13,24;21,15;8,34;25,27;4,25;0,71;15,28;22,78;75,77
03/04/2017;38,89;29;13,16;20,86;8,61;25,68;4,35;0,7;15,08;23;75,16
04/04/2017;38,7;28,99;13,3;21;8,84;25,81;4,31;0,72;15,16;23,26;74,95
05/04/2017;38,6;28,99;13,22;21,55;9,27;25,34;4,26;0,72;15,25;23,21;75
06/04/2017;37,95;28,85;13,1;21,24;9,19;25,14;4,26;0,72;15,61;23,04;75,94
07/04/2017;37,78;28,97;13;21,83;9,2;25,33;4,18;0,73;15,25;22,45;75,96
10/04/2017;37,52;29,09;13,21;21,78;9,66;25,29;4,25;0,73;15,38;22,54;75,96
11/04/2017;38,5;28,59;13,14;21,76;10,3;25,24;4,26;0,72;15,5;22,73;75,85
12/04/2017;39,42;28,58;13,03;21,51;9,88;25,21;4,2;0,72;15,65;23,02;75,36
13/04/2017;39,5;28,74;13,2;21,37;9,64;24,75;4,3;0,7;15,2;23,42;75,36
17/04/2017;39,8;29,26;13,52;22,37;9,98;25,85;4,39;0,68;15,1;23,18;74,85
18/04/2017;40,61;30,43;13,3;22,39;10,16;25,76;4,12;0,73;14,64;23,29;74,7
19/04/2017;40,31;30,63;12,97;22,25;9,9;25,53;4,08;0,77;14,58;23,6;75,55
20/04/2017;40,65;30,61;13,2;22,55;10;25,16;4,28;0,8;14,58;23,65;76,34
24/04/2017;40,65;30,26;12,94;22,51;10,14;25,65;4,33;0,84;14,25;23,46;76,06
25/04/2017;39,94;29,93;13,32;23,5;10,08;25,81;4,39;0,82;14,52;22,72;77
26/04/2017;39,45;29,65;13,12;23,03;9,91;25,86;4,37;0,82;14,33;23,22;77,38
27/04/2017;39,2;30,25;12,96;23,64;9,89;26,01;4,36;0,83;14,53;23,15;77,62
28/04/2017;39,79;30,07;13,2;26,26;10,04;26,17;4,48;0,87;14,45;23,38;77,3
02/05/2017;41,8;30,96;13,5;26,79;10,69;26,7;4,5;0,89;14,19;23,2;77
03/05/2017;42,09;30,96;13,52;26,94;10,7;26,26;4,41;0,9;14,39;23,54;77,24
04/05/2017;41,6;31,65;13,34;27,17;10,5;25,4;4,56;0,89;14,44;23,21;77,99
05/05/2017;42,1;31,1;13,05;28,67;10,7;25,8;4,57;1;14,3;22,5;77,99
08/05/2017;42,53;31;12,78;28,25;11,17;25,86;4,6;0,99;14,09;22,66;78,3
09/05/2017;43,43;31,86;13,08;28,84;11,25;25,93;4,72;1,03;14,71;23,07;78,33
10/05/2017;44,96;32,04;13,29;29,08;10,62;26,05;4,69;1,07;14,84;23,61;77,64
11/05/2017;44,3;32,3;13,49;29,2;10,35;26,5;4,57;1,02;15,06;23,79;77
12/05/2017;45,24;31,79;13,4;29,3;10,26;26,75;4,52;1,03;15,43;23,99;76,28
15/05/2017;44,31;31,9;13,18;29,18;10,23;26,87;4,38;1,04;16,1;24,05;76,29
16/05/2017;42,85;31,56;13,51;29,15;10,09;26,83;4,65;1,06;16,209999;24,2;76,05
17/05/2017;41,7;32,68;13,22;28,92;9,65;26,29;4,5;1,1;16,34;24,43;76,05
18/05/2017;40,94;28,3;11,07;28,03;7,71;23,12;4,5;0,96;16,1;21,61;82
19/05/2017;40,45;29,3;11,4;28,6;8;23,72;4,2;0,98;12,9;23,2;79,22
22/05/2017;42,9;29,47;10,69;27,2;7,22;23,25;4,85;0,96;14,71;23,4;80,39
23/05/2017;43,98;27,95;10,77;28,95;7,24;23,62;4,8;0,9;14,26;22,58;80,6
24/05/2017;44,75;29;11,26;28,71;7,84;23,81;4,94;0,95;14,29;22,82;80,85
25/05/2017;45,97;29,45;10,8;28,69;7,92;23,37;5;0,97;14,63;22,85;81,27
26/05/2017;46,55;30,17;10,94;29,11;7,9;24;4,9;0,99;14,8;22,6;80,79
29/05/2017;46,55;31,1;10,94;29,11;7,9;24;5,15;1;14,2;23,11;80,79
30/05/2017;45,25;31,2;11,09;28,63;8;23,95;4,95;1,01;14,55;23,22;80,65
31/05/2017;43,32;30,8;10,69;28,39;7,8;23,7;4,92;1,02;14,38;23,56;79,89
01/06/2017;42,85;30,27;10,69;28,58;7,65;23,42;5,4;0,99;14,12;22,89;80,92
02/06/2017;42,5;29,84;10,82;28,96;7,62;23,65;5,3;0,98;13,83;22,61;81,36
05/06/2017;43;30,71;10,49;28,66;7,52;23,63;5,5;0,94;13,54;22,34;82,05
06/06/2017;43,42;30,8;10,83;29,09;7,85;24,01;5,4;0,92;13,61;21,95;81,55
07/06/2017;43,15;31,3;10,84;29,1;8,33;24,4;5,45;0,94;13,97;22,56;81,55
08/06/2017;42,3;31,95;10,69;29;7,9;24,15;5,44;0,97;14,1;22,31;81,52
09/06/2017;42;32,8;10,95;28,7;7,77;23,77;5,26;1,01;13,68;22,11;81,52
12/06/2017;41,5;33,79;10,72;28,28;7,81;23,77;5,28;0,98;13,73;21,9;82,44
13/06/2017;41,35;33,19;10,61;28,23;7,9;24,06;5,01;0,98;13,9;22,11;82,73
14/06/2017;40,73;33,91;10,5;28,22;7,86;24,27;5,1;1;13,83;22;81,9
15/06/2017;40,73;34;10,5;28,22;7,86;24,27;5,25;1;13,86;21,78;81,9
16/06/2017;40,6;33,8;10,43;28,6;7,65;24,1;5,27;1;13,54;21,76;81,6
19/06/2017;41,21;34,15;10,54;28,75;7,66;24,23;5,35;1;13,46;21,87;82,8
20/06/2017;41,1;34,4;10,18;28,67;7,6;23,69;5,52;1;13,45;21,57;83,33
21/06/2017;41,06;33,25;10,2;27,84;7,45;23,72;5,49;0,98;13,16;21,51;83,3
22/06/2017;40,3;32,75;10,09;27,2;7,7;23,74;5,35;0,96;13;21,66;83,3
23/06/2017;40,1;32,54;10,11;27,13;7,69;23,66;5,2;0,95;12,93;21,6;83,3
26/06/2017;40,09;32,56;10,52;27,26;7,64;24,33;5,11;0,96;13,1;21,61;83,3
27/06/2017;39,35;33,1;10,67;27,22;7,45;24,11;5,06;0,98;13,08;22,09;82,34
28/06/2017;38,81;32,94;10,7;26,75;7,42;24,1;5,22;0,97;13,18;21,83;82,31
29/06/2017;38,65;32,44;10,9;26,6;7,41;24,34;5,15;0,95;13,01;21,65;82,31
30/06/2017;39,2;32;10,96;26,8;7,55;24,5;5,24;0,97;13,05;21,9;82,5
03/07/2017;39,37;32,37;10,89;26,25;7,42;24,72;5,1;1;13,11;22,14;82,5
04/07/2017;39,16;32,79;10,89;25,75;7,36;24,62;5,07;1,02;13,25;22,4;82,5
05/07/2017;39,08;32,84;10,94;26,38;8,3;24,69;5,22;1,01;13,32;22,7;82,16
06/07/2017;37,86;33,5;10,83;26,5;8,2;24,34;5,15;1,01;13,22;22,27;81,72
07/07/2017;37,42;34,1;10,75;26,91;8,65;24,11;5,13;1,01;13,16;21,86;81,7
10/07/2017;37,33;34,1;10,8;27,35;9,16;24,3;4,96;1,12;12,91;22,54;81,22
11/07/2017;37,38;33,96;11,02;27,6;9,04;24,67;4,74;1,17;12,64;23,03;80,95
12/07/2017;38,22;34;11,3;28,43;9,33;24,93;4,76;1,21;12,74;23;80,48
13/07/2017;38,54;34,41;11,36;29;9,25;25;5,02;1,24;13,4;23;80,76
14/07/2017;38,7;34,8;11,5;28,99;9,23;25,05;4,85;1,18;13,6;23,27;80,39
17/07/2017;38,46;34,67;11,54;29,21;9,66;24,81;4,9;1,23;13,57;22,93;80,45
18/07/2017;37,8;34,1;11,31;29,09;9,51;24,84;4,92;1,31;13,58;22,69;79,83
19/07/2017;37,29;34,31;11,44;28,96;9,53;24,48;5,08;1,37;13,54;22,68;80,06
20/07/2017;37,48;34,44;11,85;29,25;9,3;24,51;4,93;1,35;13,68;22,64;79,42
21/07/2017;36,7;35;12,15;29,85;9,14;24,51;4,92;1,36;13,89;22,74;79,72
24/07/2017;36,58;35;12,37;29,8;9,05;24,67;5,06;1,33;13,59;22,85;79,99
25/07/2017;37,27;34,89;12,07;30;9,13;24,73;4,94;1,33;13,41;23,01;79,99
26/07/2017;37,43;35,65;12;29,95;8,88;24,61;4,85;1,36;13,55;23,39;79,99
27/07/2017;37,24;35,7;12,25;29,57;8,6;24,64;4,82;1,36;13,82;23,28;79,99
28/07/2017;37;35,69;12,13;29,5;8,6;24,73;4,8;1,35;13,65;23,41;79,7
31/07/2017;36,92;35,24;12,24;30,03;8,95;24,88;4,8;1,46;13,55;23,24;79,29
01/08/2017;38,17;35,62;12,15;29,35;9,08;25,67;4,81;1,5;13,72;23,28;79,29
02/08/2017;38,65;35,27;12,52;29,34;9,4;25,93;4,7;1,43;13,72;23,57;79,5
03/08/2017;39,73;35,7;12,19;29,25;9,46;25,87;4,75;1,47;13,71;23,3;79,22
04/08/2017;38,76;35,44;11,98;28,8;9,73;25,81;4,9;1,46;14,1;23,49;79,67
07/08/2017;39,42;35,43;12,42;29,34;9,68;26,21;4,8;1,54;13,9;23,84;79,8
08/08/2017;38,88;35,35;12,42;29,32;9,86;26,53;4,99;1,56;13,81;24,19;79,26
09/08/2017;39,35;34,93;12,13;29,14;10,48;26,37;4,83;1,52;14;23,74;79,87
10/08/2017;39;35,75;12,05;29;9,96;26,03;4,66;1,58;13,9;23,23;79,36
11/08/2017;41,05;35,05;12,34;29,17;9,65;26,17;4,57;1,55;13,98;23,5;79,45
14/08/2017;42,27;34,99;12,43;29,97;9,8;26,64;4,72;1,62;13,55;23,36;80,8
15/08/2017;42,3;35,25;12,34;29,2;9,89;26,49;4,79;1,77;13,5;23,05;80,15
16/08/2017;41,49;34,85;12,4;29,75;9,85;26,54;4,87;1,81;13,61;23,11;79,72
17/08/2017;40,42;34,1;12,21;29,34;9,63;26,33;4,96;1,98;13,68;22,74;79,14
18/08/2017;40,94;34,9;12,17;29,31;9,76;26,58;5;1,69;13,58;22,82;78,31
21/08/2017;41,06;35,04;12,11;28,25;10,22;26,39;4,9;1,81;13,68;22,89;78,31
22/08/2017;41,75;35,8;12,4;28,1;10,2;26,95;4,9;1,86;14,1;22,84;79,76
23/08/2017;41,7;35,7;12,43;29,16;10,05;27,24;5,05;1,8;14,15;22,89;78,8
24/08/2017;42,67;36,66;12,74;29,5;10,17;27,47;5,09;1,8;14,4;23,01;78,8
25/08/2017;42,23;37,28;12,62;29,35;10,83;27,39;5;1,88;14,38;22,76;78,8
28/08/2017;42,19;36,86;12,54;29,3;10,99;27,15;5,24;1,88;14,42;22,81;78,8
29/08/2017;42,6;36,68;12,85;29,8;11,1;27,39;5,19;1,92;14,6;22,9;79,41
30/08/2017;41,85;36,93;13,1;30,4;11,13;27,25;5,19;1,95;14,33;22,8;79,41
31/08/2017;42,52;37,48;13,18;31,7;11,33;26,9;4,95;2,03;14,26;22,4;79,95
01/09/2017;43,61;38,4;13,2;30,79;11,38;27,45;4,97;2,26;14;22,53;80,04
04/09/2017;44,39;38,76;13,34;30,75;11,6;27,31;4,9;2,21;14,19;23,19;80,04
05/09/2017;44,5;38,47;13,67;30,85;12,48;27,33;5,07;2,49;14,59;23,08;78,6
06/09/2017;44,98;38,49;13,83;30,4;12,76;28,06;5,08;2,71;15,01;23,1;78,48
07/09/2017;44,98;38,7;13,83;30,4;12,76;28,06;5,09;2,67;15,15;22,78;78,48
08/09/2017;43,93;38,65;13,95;30,95;12,58;28,03;5,06;2,7;15,5;22,85;78,2
11/09/2017;44,47;38,99;14,51;30,56;12,9;28,5;5,06;2,55;15,61;23,08;79,26
12/09/2017;44,45;40,42;14,3;30,55;12,75;28,42;5,08;2,16;15,38;23,25;80,15
13/09/2017;45,33;39,89;14,2;29,98;12,99;28,62;5,1;2,2;15,51;23,09;80,57
14/09/2017;45,4;41,88;14,49;29,89;13,37;28,55;4,98;2,28;15,48;23,01;79,96
15/09/2017;46,37;42,36;14,54;28,83;13,5;29,09;4,96;2,63;15,6;23,1;79,6
18/09/2017;46,45;42,17;14,8;28,71;13,81;29,29;4,96;2,67;15,71;23,35;80,6
19/09/2017;46,5;42;14,47;28,25;13,76;29,19;5,08;2,52;15,62;23,36;80,78
20/09/2017;46,89;41,54;14,79;29,1;13,57;28,88;5,24;2,52;15,75;22,7;80,6
21/09/2017;47,12;42,14;14,73;29,76;14,09;28,92;5,36;2,36;15,85;22,7;80,76
22/09/2017;47,08;42,08;14,57;29,82;13,74;29,02;5,36;2,41;16,32;22,4;80,38
25/09/2017;45,75;42,38;13,87;28,83;13,35;28,73;5,45;2,31;16,1;22,55;80,9
26/09/2017;45,75;40,78;13,79;29,38;13,11;28,79;5,43;2,25;16,290001;22,3;81,29
27/09/2017;45,88;40,79;13,39;29,39;12,85;28,81;5,31;2,31;16,33;21,86;82,25
28/09/2017;45,59;39,17;13,37;29,23;12,7;28,65;5,11;2,25;16,27;21,79;82,14
29/09/2017;45,67;40,61;13,8;29,47;13,35;28,9;5,22;2,18;15,99;21,92;81,9
02/10/2017;45,44;41,28;13,76;29,09;13,57;28,94;5,13;2,37;16,07;22,33;81,96
03/10/2017;47;40,98;14,12;29,05;14,4;29,93;5,12;2,46;15,77;22,31;81,95
04/10/2017;47,95;41,44;14,07;29;14,3;29,67;5,24;2,45;16,1;22,36;81,74
05/10/2017;47,5;42,31;14,33;29,52;15,17;30,14;5,38;2,48;16,5;22,38;82,75
06/10/2017;46,22;42,7;14,01;29,75;15,42;29,79;5,2;2,44;16,49;22,9;82,75
09/10/2017;45,95;43,91;13,8;29,73;15,44;29,43;5,35;2,52;16,35;22,8;83,28
10/10/2017;46,88;43,15;14,21;29,58;15,6;30,07;5,55;2,45;16,26;22,68;83,45
11/10/2017;46,96;43,6;14,33;29,73;15,47;30;5,4;2,48;16,68;22,48;83,35
12/10/2017;46,96;44,03;14,33;29,73;15,47;30;5,27;2,41;16,75;22,51;83,35
13/10/2017;46,66;44,05;14,26;30,95;15,2;29,75;5,45;2,16;16,639999;22,56;82,76
16/10/2017;45,2;44,72;14,19;30,54;14,56;29,6;5,49;2,29;16,700001;22,43;83,44
17/10/2017;44,68;43,61;13,83;30,4;14,4;29,55;5,45;2,19;16,6;21,99;83,15
18/10/2017;45,5;43,52;13,85;30,8;15,06;29,61;5,65;2,05;16,66;22,15;83,5
19/10/2017;44,48;44,38;13,43;30,7;14,96;29,39;5,51;2,22;16,67;22;83,64
20/10/2017;44,42;44,86;13,52;31,3;15,23;29,33;5,61;2,22;16,5;21,89;84,67
23/10/2017;44;45,71;13,3;31,38;14,7;29,06;5,57;2,27;16,549999;21,84;84,67
24/10/2017;44,48;45,71;13,41;30,74;15,26;29,27;5,55;2,19;16,629999;21,58;85,81
25/10/2017;44,7;45,56;13,47;30,69;15,11;29,47;5,55;2,17;16,5;21,46;85,17
26/10/2017;44,41;44,83;13,13;30,24;14,71;29,29;5,57;2,16;16,860001;21,3;85,17
27/10/2017;45;43,7;13,29;28,89;14,99;29,11;5,54;2,06;17,02;20,84;86
30/10/2017;44,01;44;12,89;28,5;14,2;28,74;5,48;2;17,120001;20,7;86,8
31/10/2017;44,25;43,18;12,8;28,88;13,85;28,03;5,55;2;17,26;20,6;86,65
01/11/2017;43,56;43,57;12,79;29,01;13,86;27,55;5,3;2,16;17,42;20,6;86,63
02/11/2017;43,56;43,75;12,79;29,01;13,86;27,55;5,3;2,09;17,66;20,35;86,63
03/11/2017;42,93;43,78;12,71;28,6;13,19;27,94;5,2;2,09;17,540001;20,4;88,35
06/11/2017;42,66;43,18;12,6;28,46;13,23;27,94;5,4;1,95;17,66;20,77;86,7
07/11/2017;42,25;42,43;12,08;27,82;12,44;27,4;5,21;1,74;17,799999;20,63;87,1
08/11/2017;43,26;42,12;12,5;28,25;13,99;28,4;5,3;1,63;17,99;20,3;87,1
09/11/2017;43;43,65;11,98;27,69;13,57;27,63;5,13;1,73;17,309999;20,06;87,1
10/11/2017;41,02;42,49;12,1;27,16;13,35;27,67;5,21;1,62;17,57;20,34;87,2
13/11/2017;41,9;40,76;12,1;27,41;12,79;27,81;5,4;1,53;17,459999;20,26;87,15
14/11/2017;41,9;41,86;11,89;27,27;12,45;27,28;5,16;1,62;17,530001;20,33;87,15
15/11/2017;41,9;41,05;11,89;27,27;12,45;27,28;5,49;1,72;17,48;19,79;87,15
16/11/2017;41,96;41,34;12,41;27,47;13,07;27,97;5,2;1,77;16,049999;19,86;87,5
17/11/2017;42,36;43,19;12,54;27,27;13,58;28,35;5,15;1,83;16,290001;20,25;86,8
20/11/2017;42,36;44;12,54;27,27;13,58;28,35;5,3;1,85;16,48;20,4;86,8
21/11/2017;42,3;44,89;12,74;27,66;14,25;28,92;5,2;1,88;16,52;20,49;87,22
22/11/2017;41,19;45,11;12,5;26,92;14,2;28,64;5,34;1,89;16,620001;20,61;86,03
23/11/2017;41,21;46,08;12,6;26,95;14,35;28,55;5,25;1,87;16,459999;20,47;86,03
24/11/2017;40,37;46,15;12,91;26,27;14,22;28,29;5,18;1,84;16,5;20,7;86,51
27/11/2017;39,8;46,28;12,78;26,55;14,65;28,46;5,14;1,94;16,74;21,16;86,21
28/11/2017;40,04;45,79;12,6;27,17;14,84;28,51;5,19;1,87;16,4;21,59;86,7
29/11/2017;39,29;45,6;12,45;26,65;14,45;27,92;5,24;1,84;16,34;21,9;87,55
30/11/2017;38,48;45,39;12,18;26,23;14,04;27,51;5,23;1,82;16,280001;21,7;88,82
01/12/2017;38,5;44,97;12,22;26,64;14,19;27,49;5,06;1,78;15,9;21,13;88,37
04/12/2017;38,46;45,17;12,35;26,47;14,41;27,89;4,9;1,85;15,94;21,03;88,28
05/12/2017;37,44;45,18;12,57;25,96;14,49;27,73;5,04;1,79;16,120001;21,35;87,7
06/12/2017;36,84;44,79;12,68;25,35;14,39;28,02;4,95;1,79;16,049999;21,01;87,65
07/12/2017;35,79;44,44;12,36;25,53;14,38;27,93;4,94;1,79;15,9;20,8;89,3
08/12/2017;36,71;45;12,45;26,65;14,12;28,17;4,86;2,08;15,81;20,78;89,77
11/12/2017;36,82;45,99;12,58;26,8;13,9;28,24;5;2,23;16,139999;20,8;90,4
12/12/2017;37,21;44,86;12,64;27,1;13,89;28,47;4,98;2,09;15,95;20,5;91,1
13/12/2017;37,3;45;12,57;27,1;13,89;27,83;4,8;2,22;15,98;21,3;91,05
14/12/2017;36,36;44,66;12,56;27,58;13,64;27,39;4,96;2,12;16,379999;20,93;91,16
15/12/2017;35,95;45,15;12,6;27,67;13,83;27,39;4,95;2,17;15,85;21;91,16
18/12/2017;36;46,78;12,69;27,63;13,84;27,39;4,88;2,23;15,81;21,06;91,05
19/12/2017;35,59;46,4;12,38;27,73;13,75;27,23;5;2,16;15,78;20,55;90,75
20/12/2017;35,76;45,6;12,48;28,05;13,92;27,33;5,05;2,11;15,82;20,28;90,9
21/12/2017;36,33;45,63;12,9;28,47;14,4;28,49;4,9;2,18;15,8;20,65;91,5
22/12/2017;36,36;47,25;13,12;28,35;14,6;28,35;4,8;2,24;16;20,79;91,5
25/12/2017;36,36;46,88;13,12;28,35;14,6;28,35;5,05;2,28;16,629999;20,79;91,5
26/12/2017;37,04;46,98;13,07;28,2;14,4;28,47;5;2,29;16,59;20,92;91,29
27/12/2017;37,04;47,07;13,15;28,8;14,19;28,31;5,02;2,39;16,5;21,12;91,29
28/12/2017;36,6;47,65;13,22;29,61;14,6;28,39;4,95;2,46;16,799999;21,1;91,7
29/12/2017;36,6;48,5;13,22;29,61;14,6;28,39;4,96;2,51;16,76;21,34;91,7
02/01/2018;37,27;48,5;13,32;29,7;15,19;29,25;5,05;2,53;16,91;21,33;90,37
03/01/2018;37;49,48;13,38;28,99;15,01;29,45;5,11;2,47;16,99;21,21;90,39
04/01/2018;37,4;49,5;13,49;28,41;15,58;30,07;5,19;2,5;17,24;21,52;90,55
05/01/2018;39,24;49,98;13,7;28,82;15,66;30,15;5,12;2,51;17,67;21,15;90,94
08/01/2018;39,7;49,73;13,77;28,07;15,7;30,05;5,01;2,45;17,690001;21,3;91,57
09/01/2018;39,85;49,92;13,71;27,26;15,32;29,73;5;2,48;17,639999;21,15;92,24
10/01/2018;39,09;49,53;13,42;28,15;15;29,63;5,19;2,39;18,059999;20,75;91,44
11/01/2018;39,36;50,15;13,95;27,58;14,6;30,25;5,08;2,45;18;20,52;91,5
12/01/2018;39,56;50,39;14,05;27,41;14,61;30,22;5,05;2,4;17,889999;20,27;91,85
15/01/2018;39,53;50,38;14,39;27,86;14,8;30,41;4,97;2,44;18,1;20,52;91,85
16/01/2018;39,7;50;14,28;27,7;15,08;30,69;4,96;2,47;18,309999;20,5;92,35
17/01/2018;39,17;50,72;14,4;27,86;15,63;31,19;4,94;2,47;18,450001;20,55;93,17
18/01/2018;37,74;50,7;14,25;27,79;16,08;31,12;4,95;2,47;18,92;20,5;92,75
19/01/2018;37,49;51,3;14,25;27,77;15,9;31,37;4,81;2,43;19,469999;20,43;92,41
22/01/2018;36,86;51,03;14,15;27,48;16,13;32,15;4,95;2,43;19,5;20,37;93,25
23/01/2018;35,76;50,45;13,96;26,75;16,06;32,03;5,04;2,4;19,209999;20,44;94,18
24/01/2018;36,41;50,39;14,5;28,25;17;33,58;5,03;2,34;19,4;20,4;91,85
25/01/2018;36,41;52,36;14,5;28,25;17;33,58;5,03;2,53;19,52;20,58;91,85
26/01/2018;37,01;52,46;15,1;28,6;17,75;35,27;5,1;2,56;20,629999;20,74;92,91
29/01/2018;37,1;54,33;15;28,61;18,17;34,46;5,09;2,56;21,030001;20,44;93
30/01/2018;36,5;53,9;14,89;29,3;18,03;34,33;5,07;2,64;21,42;20,46;92,49
31/01/2018;35,35;53,96;14,98;30;18,11;34,84;5,01;2,69;21,530001;20,41;92,47
01/02/2018;36,2;54,78;15,53;29,64;18,24;35,01;5,05;2,63;21,49;20,2;92,25
02/02/2018;35,06;56,25;15,4;29,52;17,79;34,57;5;2,68;21,299999;20,2;92,25
05/02/2018;33,46;54,89;14,96;28,13;17,25;33,35;4,88;2,61;21,75;20,12;89,62
06/02/2018;33,2;54,3;14,93;27,98;17,75;34,55;4,92;2,46;21,27;20,01;89,72
07/02/2018;32,57;55,65;14,77;28,1;17,75;33,73;4,86;2,55;20,09;20,13;91,12
08/02/2018;31,28;55,34;14,72;28,24;17,15;33,57;5;2,5;21,59;20,17;89,1
09/02/2018;30,35;54,48;14,55;28,35;16,55;33,65;5,06;2,39;21,01;19,8;87,4
14/02/2018;NA;NA;NA;NA;NA;NA;4,94;NA;20,379999;NA;NA
15/02/2018;30,5;55,5;14,97;29,22;16,95;35,11;null;2,36;null;20,45;90,65
16/02/2018;29,7;55,28;15;28,97;17,02;33,89;4,85;2,5;20,67;20,5;91,07
19/02/2018;29,87;55,18;15,03;28,46;17,12;33,62;4,9;2,49;21;20,63;92
20/02/2018;29,8;55,57;15,13;28,39;17,08;34,45;4,89;2,55;20,860001;20,4;93,4
21/02/2018;30,25;56,11;15,42;28,37;17,46;34,9;4,91;2,6;21,24;20,87;91,4
22/02/2018;30,98;55,35;15,38;28,47;18,06;35,09;5;2,52;21,68;20,9;92,3
23/02/2018;28,4;55,83;15,64;28,7;19,07;35,33;4,92;2,69;21,51;20,99;91,6
26/02/2018;28,6;57,05;15,83;28,07;19,6;35,29;5,01;2,73;22,200001;21,05;92,33
27/02/2018;28,65;56,92;15,74;27,31;19,61;34,77;5,19;2,93;22,98;21,41;91,85
28/02/2018;29,92;56,15;15,34;27,13;19,2;33,59;5,02;2,84;23,18;21,21;90,7
01/03/2018;30,15;55,75;15,2;27,31;19,1;34,07;5,01;2,85;23,200001;20,37;89,55
02/03/2018;30,84;56,11;15,31;28,5;19,02;34,25;5,15;2,85;23,049999;20,4;89,55
05/03/2018;24,75;55,52;15,54;28,9;18,9;34,74;5,1;2,9;22,440001;20,83;90,8
06/03/2018;24,14;54,5;15,5;28,55;19,04;34,61;5,1;2,85;23,18;20,6;90,16
07/03/2018;25,16;54;15,41;28,77;18,6;34,57;5,07;2,79;24,110001;20,44;91,07
08/03/2018;25,03;54,41;15,06;28,96;19,35;34,33;5,15;2,78;23,66;20,5;92,08
09/03/2018;26,56;55,58;15,27;28,74;20,72;34,8;5,25;2,76;23,52;20,56;93,38
12/03/2018;26,92;57,1;15,5;28,61;21,6;35,19;5,3;2,88;23,469999;20,61;93,38
13/03/2018;26,97;57,15;15,37;27,96;21,62;34,91;5,45;2,91;24,09;20,78;92,9
14/03/2018;26,41;57,17;15,25;27,16;20,91;34,13;5,42;2,87;24,1;20,73;92,3
15/03/2018;25,27;56,99;15,15;27,28;21,1;34,29;5,6;2,79;23,9;20,58;93,13
16/03/2018;25;56,9;15,07;27,48;21,57;34,15;5,55;2,85;23,4;20,59;92,5
19/03/2018;25;58,52;14,95;27,47;20,92;33,41;5,71;2,84;23,25;20,63;91,83
20/03/2018;24,5;56,6;14,9;26,94;20,83;33,52;5,94;2,86;22,950001;20,72;92,7
21/03/2018;24,28;57,99;15;27,2;20,9;33,39;5,96;2,83;22,73;20,43;91,3
22/03/2018;24,52;57,85;15,14;27,82;20,5;33,28;6,25;2,91;22,92;20,32;90,1
23/03/2018;23,87;58,26;14,78;27,41;21,25;33,44;6,2;2,97;23,66;20,33;88,37
26/03/2018;23,23;58,5;15,31;27,55;21,68;33,85;6,24;3;23,48;20,93;90,59
27/03/2018;23,21;58,76;15,39;27,1;21,4;33,45;6,1;3,15;24,08;20,9;89,78
28/03/2018;22,16;58,42;15,29;26,6;20,87;33,75;6,03;3,02;24;21,07;89,5
29/03/2018;22,83;59,16;15,29;27,14;21,65;34,21;6,3;3,07;23,190001;21,39;89,9
02/04/2018;22,92;60,65;15,32;26,65;21,35;34,03;6,89;3,08;23,02;21,7;88,26
03/04/2018;23,15;58,59;14,96;26,38;21,34;33,71;7,35;3,09;23,17;21,64;89,95
04/04/2018;23,06;56,91;14,66;26,1;20,56;33,93;7,25;3,03;22,99;21,53;91,14
05/04/2018;22,05;58,61;15,2;26,11;20,99;34;7,15;3,1;22,290001;22;91,8
06/04/2018;22,36;58;15,39;26,04;23,89;34,17;8,46;3,08;23,309999;21,79;90,3
09/04/2018;21,36;59,4;14,76;25,88;22,91;33,41;7,82;3,07;23,25;21,26;92,17
10/04/2018;21,41;57,97;14,77;26,26;22,45;33,57;8;3,06;23,82;20,63;93,56
11/04/2018;22,54;58,34;14,56;27,01;21,81;34,13;7,8;2,95;23,219999;20,65;92,45
12/04/2018;22,71;58,23;14,69;27,3;22;34,43;7,54;3;23,700001;20,9;93,72
13/04/2018;21,67;58,77;14,2;26,88;21,2;33,63;7,31;3,08;24,35;20,7;93,9
16/04/2018;21,02;58,53;14;26,21;20,52;33,13;6,4;3,07;24,299999;20,57;94,37
17/04/2018;21,04;57,45;14,13;26,31;22,03;33,68;7,17;3,03;23,709999;20,47;95,22
18/04/2018;23,04;58,47;14,12;26,65;22,74;34,32;7,23;3,06;23,040001;20,85;95,22
19/04/2018;24,17;58,9;13,78;27,29;21,21;34;7,55;3,01;23,67;20,79;94,3
20/04/2018;25,37;58,63;13,6;27,3;20,55;33,93;7,67;2,94;24,309999;20,58;94,04
23/04/2018;25,33;57,7;13,4;26,7;21,04;33,99;7,52;3,03;24,219999;20,93;95,22
24/04/2018;25,85;57,99;13,56;26,45;20,5;33,82;7,46;3,12;24,25;21,11;94,4
25/04/2018;25,82;58;13,48;26,65;19,15;33,62;7,4;3,12;24,5;20,99;95,01
26/04/2018;25,97;57,43;13,5;27,19;19,28;34,4;7,35;3,17;23,940001;21,25;95,65
27/04/2018;25,72;57,52;13,75;26,56;19,5;34,33;7,15;3,28;23,84;21,1;95,45
30/04/2018;24,8;58,24;13,9;26,11;19,42;34,01;7,55;3,29;24,450001;21,35;95,75
02/05/2018;24,6;57,91;13,45;25,78;18,3;32,47;7,56;3,34;24,49;21,18;96,53
03/05/2018;24,3;56,43;13,3;25,58;17,44;31,83;7,61;3,23;24,15;20,7;95,65
04/05/2018;24,4;53,8;13,29;26,59;18,25;31,45;7,69;3,06;24,4;20,55;96,87
07/05/2018;24,1;55;13,44;26,27;17,24;31,5;7,2;3,08;24,219999;20,34;98,15
08/05/2018;23,88;53,7;12,92;26,5;16,86;31,6;7,5;3,27;24,120001;20,56;98,62
09/05/2018;24,36;53,26;12,99;27;15,2;31,7;7,7;3,47;25,1;20,43;100,33
10/05/2018;24;53,65;13,28;27,16;16,29;32,57;7,93;3,52;25,18;20,4;99,72
11/05/2018;23,9;53,93;12,56;26,55;15,78;32,05;8;3,42;27,65;20,73;101,62
14/05/2018;24,67;51,61;12,61;25,3;15,05;31,57;7,99;3,43;28,879999;20,5;102,35
15/05/2018;23,95;49,38;12,55;25,2;14,9;31,45;7,67;3,38;29,25;19,4;102,75
16/05/2018;23,36;50;12,71;25,48;14,87;31,99;8,2;3,31;30,26;19,2;103,54
17/05/2018;22;52,07;12,37;24,7;14,15;30,32;8,4;3,51;31;19,12;104,15
18/05/2018;21,65;49,87;12,8;24,69;14,21;30,11;8,15;3,38;31,639999;18,96;105
21/05/2018;21,63;49,71;12,62;24,66;14,74;29,69;8,1;3,4;29,51;19;104,3
22/05/2018;22,13;51,2;13,38;25,5;15;30,41;7,8;3,44;30,559999;18,94;102,7
23/05/2018;21,42;52,5;12,99;24,75;14,2;29,84;7,6;3,51;29,059999;19,4;102,4
24/05/2018;22,79;50,08;12,69;25,2;14,15;30,23;7,41;3,41;27,99;18,88;102,87
25/05/2018;22,29;51,81;12,44;25,08;14,39;29,97;7,51;3,54;23,9;18,83;102,87
28/05/2018;22;51,09;11,53;23,86;13,25;28,7;7,22;3,45;23,809999;18,67;103,1
29/05/2018;21,2;48,49;12;23,67;13,91;28,6;7,3;3,38;22,299999;18,21;105,44
30/05/2018;21,42;49,31;11,69;24,58;13,49;28,65;7,65;3,32;21;18,53;105,4
01/06/2018;23,39;51,07;12,01;25,46;13,29;29,21;7,45;3,47;21,49;19,2;105,4
04/06/2018;24,39;52,05;12,05;25,55;14,3;29,85;7,3;3,64;22,6;19,95;106,32
05/06/2018;24,57;53,33;11,4;25,1;13,53;28,92;7,59;3,78;19,9;19,7;108,4
06/06/2018;23,84;51,13;11,2;24,25;12,8;28,19;8;3,77;19,969999;19,57;110,13
07/06/2018;23,24;47,88;10,35;24;11,97;27,37;7,95;3,54;19,200001;19,08;112
08/06/2018;21,5;46,91;10,54;24,04;12,25;27,43;8,31;3,42;18,99;19,13;106,35
11/06/2018;21,51;48,49;10,63;24,42;12,24;26,64;7,99;3,36;18,790001;19;106,8
12/06/2018;20,89;45,8;10,54;24,78;12,35;26,59;7,75;3,36;18,299999;19,2;106,8
13/06/2018;20,2;42,7;10,5;24,86;12,5;26,33;7,7;3,48;18,34;18,95;106,38
14/06/2018;20,87;42,64;10,33;24,58;12,1;25,39;7,99;3,53;18,27;19,04;109,45
15/06/2018;20,29;42,35;10,05;23,93;11,45;25,64;7,75;3,78;18,200001;18,9;109,45
18/06/2018;20;41,95;10,02;23,74;11,1;25,12;7,63;3,7;17,950001;18,98;107,75
19/06/2018;20,08;42,79;10,37;24,99;11,74;26,25;7,8;3,64;17,540001;18,94;106,85
20/06/2018;19,6;45,2;10,8;24,4;11,8;26,74;7,11;3,91;16,98;19,01;107
21/06/2018;19,11;44,89;10,6;23,75;11,55;26,03;7,24;3,81;18,34;19,08;107,05
22/06/2018;19,45;44,3;10,43;24,26;11,09;26,23;7,35;3,88;18,52;18,75;107,66
25/06/2018;18,77;43,69;10,7;24,55;10,61;26,28;7,16;3,86;17,709999;18,61;106,29
26/06/2018;18,5;44,64;10,69;26,09;10,47;26,19;6,89;3,86;17,870001;18,86;106,79
27/06/2018;18,17;45,2;10,42;25,63;10,18;25,72;7;3,87;18,309999;18,9;106,79
28/06/2018;17,91;43,6;10,7;26,2;10,65;26,43;7,3;3,8;18,59;18,61;108,34
29/06/2018;18;43,86;11;26,45;10,42;26,89;7,23;3,91;19,139999;18,64;108,8
02/07/2018;20,21;44,3;10,84;25,71;10,12;26,9;7,1;3,98;19;18,7;110,2
03/07/2018;20,42;45,07;11,13;26,5;10,2;27,53;6,98;3,96;19,1;18,89;110,2
04/07/2018;20,7;44,82;11,46;26,74;10,5;27,98;7,08;3,93;19,860001;19,22;110,2
05/07/2018;21,45;44,01;11,42;26,57;10,61;27,8;7;3,91;19,5;19,81;111,2
06/07/2018;22,8;41,89;11,59;27,12;11,12;28,05;7;3,78;20,809999;19,63;110,75
10/07/2018;23,07;42;11,5;27,39;11,03;28,13;7;3,84;20,09;19,85;109,77
11/07/2018;22,82;39,99;11,45;27,65;10,67;28,24;6,87;3,66;20,559999;19,75;111,41
12/07/2018;23,15;40,27;11,94;27,6;11,09;28,77;7;3,69;19,92;19,55;112,31
13/07/2018;22,78;41,6;11,88;27,7;11,21;29,51;6,76;3,86;20,09;19,47;111,44
16/07/2018;22,6;43,5;11,62;28,01;12,51;29,4;6,85;3,94;20,610001;19,7;111,9
17/07/2018;23,3;44,99;11,68;28,51;12,89;29,95;6,75;3,99;20,530001;20;111,9
18/07/2018;23,2;44,82;11,57;28,58;13,22;29,57;6,83;4,15;20,25;20,02;111,97
19/07/2018;23,38;44,54;12,02;28,36;12,9;30;7,12;3,98;21;19,91;111,5
20/07/2018;23,63;45,01;12,32;28;13,56;30,85;6,85;4,13;20,450001;20,02;109,8
23/07/2018;23,6;44,94;12,07;27,69;13,6;30,26;7,1;4,07;21,58;19,79;110
24/07/2018;23,66;44,71;12,28;27,98;13,9;30,24;7,15;4,1;21,549999;19,65;109
25/07/2018;23,58;46;12,51;27,8;14,83;31,19;7,04;4,2;21,68;19,85;108,5
26/07/2018;22,98;47,4;12,1;27,89;14,63;30,7;7,05;4,18;22,120001;20,12;110
27/07/2018;22,89;45,91;12;27,4;14,8;30,87;7,1;4,13;22,01;20,13;108,35
30/07/2018;22,88;45,52;11,73;27,11;14,45;31,31;6,9;4,05;21,66;20,24;107,9
31/07/2018;22,65;45,49;11,59;27,38;13,81;30;6,9;4,05;22,200001;20,01;109,55
01/08/2018;22,68;43,94;12,12;27;13,7;30,37;7,11;4,13;21,870001;20,23;109,05
02/08/2018;22,54;44,2;11,95;27,6;13,6;30,47;7,11;4,2;21,809999;20,23;109,91
03/08/2018;23,29;43,83;12,31;28,13;14,44;31,2;7;4,28;22,030001;20,12;108,25
06/08/2018;23,35;45,41;12,15;28,15;14,36;30,97;6,85;4,3;23,25;20,49;109,65
07/08/2018;22,84;44,75;11,99;27,2;13,99;30,79;6,8;4,64;23,23;20,7;111,05
08/08/2018;22,53;45;12,07;27,51;13,39;30,07;7;4,52;23,6;20,21;110,93
09/08/2018;21,84;43,59;12,2;27,25;13,05;29,91;6,9;4,4;23,25;20,3;110,93
10/08/2018;20,44;43,2;11,63;26,41;12,31;28,82;6,71;4,53;22,85;19,71;112,99
13/08/2018;20,2;43,77;11,53;26,5;12,41;29,05;6,71;4,35;22,43;19,5;113,28
14/08/2018;20,2;45;11,91;27,76;12,48;29,65;6,7;4,46;22,059999;19,75;113,61
15/08/2018;19,91;45;11,73;27,03;12,62;29,45;6,74;4,38;22,639999;20,24;113,35
16/08/2018;20,28;45,62;11,54;27,65;12,55;29,41;6,74;4,43;21,959999;20,6;114,45
17/08/2018;20,13;43,8;11,35;26,84;12,16;28,65;6,75;4,25;21,549999;20,69;115,25
20/08/2018;20,09;43,92;11,15;27,05;12,36;28,35;6,75;4,18;21,27;20,4;116,8
21/08/2018;19,62;43,89;10,82;26,12;11,14;27,99;6,8;4,31;20,860001;20,1;119,4
22/08/2018;19,83;41,83;11;26,46;11,25;28,65;6,85;4,18;20,889999;19,65;120
23/08/2018;19,4;42,35;10,78;25,74;10,63;27,54;6,92;4,2;20,49;20,25;121,6
24/08/2018;19,4;40,85;10,7;25,88;10,39;27,75;7,29;4,22;21,43;20,11;121,8
27/08/2018;19,94;42,15;10,9;26,31;10,77;28,67;7,7;4,18;21,299999;19,69;122,1
28/08/2018;19,83;43,44;10,87;25,52;10,56;28,47;7,95;4,11;21,27;19,83;123,62
29/08/2018;20,23;42;10,9;25,51;11,22;28,94;8,65;4,07;21,35;19,98;124,05
30/08/2018;19,74;42,91;10,82;25,55;10,88;27,8;8,99;4,11;21,389999;20,01;124,4
31/08/2018;20,13;41,5;10,93;25,7;11,21;28,18;8,59;4,06;22,09;19,87;122,1
03/09/2018;20,4;42,02;10,7;25,28;10,86;27,78;8,41;4,03;21,74;20,05;123,5
04/09/2018;21,03;41,15;10,64;24,9;10,12;27,54;8,3;3,96;21,98;19,96;124,37
05/09/2018;21,25;39,36;10,55;25,14;10,02;27,7;8,68;3,68;21,82;19,68;123,96
06/09/2018;21,52;40,68;10,7;25,49;10,04;28,4;8,5;3,88;21,52;19,88;121,62
10/09/2018;21,65;41,81;10,72;24,24;10,12;28,66;8,46;3,94;22,030001;19,9;121,96
11/09/2018;21,63;39,88;10,32;23,77;9,61;27,67;8,3;3,72;22,299999;19,73;124,1
12/09/2018;20,85;39,3;10,32;23,13;9,62;27,75;8,32;3,78;21,75;19,59;124
13/09/2018;20,61;40;10,1;22,85;9,31;27,6;8,32;3,75;21,84;19,58;126,1
14/09/2018;20,49;39,6;10,31;22,64;9,33;28,09;8,19;3,6;22,209999;19,22;125,4
17/09/2018;21,85;39,95;10,45;22,86;10,01;28,75;8,01;3,62;21,889999;19,35;123,45
18/09/2018;22,04;41,6;10,57;23,33;10,31;28,73;7,69;3,71;21,950001;19,55;124,65
19/09/2018;21,76;42,01;10,57;22,61;10,5;28,93;7,69;3,84;22,42;19,38;124,4
20/09/2018;21,6;41,52;10,58;23,25;11,09;28,74;7,6;3,81;23;19,4;123,65
21/09/2018;21,93;41,75;10,62;23,27;11,41;29,23;7,32;3,73;23,450001;19,6;122,3
24/09/2018;21,28;43,02;10,58;22,41;10,68;28,5;7,15;3,84;23,290001;19,73;123,5
25/09/2018;21,11;41,48;10,31;22,15;10,75;28,57;7;3,7;23,299999;19,42;123
26/09/2018;22,21;41,5;10,61;21,94;10,9;28,88;6,99;3,85;22,74;19,41;121,4
27/09/2018;22,14;41,51;11,15;22,14;11,6;29,67;7,03;3,85;23,42;19,77;120,65
28/09/2018;21,97;42,89;10,74;21,3;11,05;29,42;7,16;3,86;23,48;19,73;121,91
01/10/2018;21,87;43,32;10,53;21,05;10,61;29,08;7;3,86;24,24;20;121,8
02/10/2018;22,2;43,75;11,01;21,83;11,49;30,2;6,85;3,89;24,33;19,95;119,15
03/10/2018;22,4;48,97;11,9;22,42;12,25;31,57;6,85;4,28;25,15;20,58;118,05
04/10/2018;21,83;46,99;12,04;21,88;12,15;31,6;7,19;4,27;28;20,73;117,15
05/10/2018;22,49;46,26;11,99;21,68;12,4;31,49;6,75;4,46;26,299999;21,6;115,3
08/10/2018;22,47;51,8;13,39;22,51;14,72;33,37;6,5;4,66;27,1;22;112,55
09/10/2018;21,65;50,64;13,5;22,55;14,83;33,19;6,12;4,62;29,73;21,7;111
10/10/2018;20,54;52;12,9;21,71;13,3;32,05;5,75;4,64;29;21,6;108,8
11/10/2018;20,44;51,85;12,6;21,6;13,54;31,67;5,6;4,56;29,35;21,4;107,01
15/10/2018;20,15;50,59;12,51;20,79;14,09;32,03;5,84;4,78;28,92;21,5;106,43
16/10/2018;20,38;50,85;13,04;21,69;15,9;33,31;5,79;4,78;28,799999;21,83;108,15
17/10/2018;20,49;53,49;12,85;21,6;16,25;32,97;5,99;4,92;29,129999;21,95;107,3
18/10/2018;20,21;53,41;12,63;21,58;16,18;31,99;6;5,05;29,52;22;107,3
19/10/2018;20,37;53,03;12,57;21,66;16,21;31,95;5,95;5,05;29,4;22,39;106,55
22/10/2018;20,62;53,41;13,15;21,74;16,6;32,42;6,09;5,31;29,18;22,19;105,38
23/10/2018;20,54;54,21;13,6;22,2;16,56;32,53;6,15;5,18;29,200001;21,99;104,99
24/10/2018;20,13;54,39;13,6;21,63;15,94;31,69;6,29;5,31;29,24;21,97;103
25/10/2018;20,15;52,9;13,85;22,35;16,45;32,05;6,63;5,31;29,25;22,03;103,65
26/10/2018;20,48;55,51;13,67;21,78;18,21;32,65;6,62;5,28;28,799999;22,18;100,6
29/10/2018;20,21;56,75;13,66;21;17,03;32,05;6,7;5,18;29,16;22,56;101,65
30/10/2018;21,17;56,93;14,39;21,2;18,41;32,99;6,06;5,25;29,129999;22,43;102,8
31/10/2018;21,9;57,9;14,6;20,85;18,4;32,83;6,05;5,31;29,219999;22,5;104,59
01/11/2018;22,21;57,46;14,25;21,27;19,25;33,29;6;5,31;30,77;22,3;104,65
05/11/2018;22,02;57,03;14,18;22,21;20,4;33,65;6,08;5,32;30,379999;22,5;106
06/11/2018;22;56,95;13,89;22;20,51;33,87;6,1;5,2;29,9;22,84;106,4
07/11/2018;22,24;57,2;13,69;21,36;20,2;33,9;6,14;5,06;29,959999;23,3;108,6
08/11/2018;21;56,51;13,39;21,09;19,77;33,43;6,24;4,7;30,35;23,1;108,5
09/11/2018;20,57;56,97;13,4;20,64;19,94;33,85;6,01;4,63;29,700001;22,53;107,64
12/11/2018;19,96;55,59;13,06;20,59;19,6;33,95;5,9;4,59;28,110001;22,19;106,6
13/11/2018;19,77;56,2;13,05;20,48;19,55;33,82;5,9;4,84;28,17;22,5;107,5
14/11/2018;20,09;56,45;13,74;20,75;20,15;34,11;5,98;4,82;27,99;22,4;106,3
16/11/2018;20,3;56,45;14,35;20,8;20,21;35,17;5,73;4,9;26,700001;22,7;106,48
19/11/2018;20,16;58,01;14,2;20,6;20,14;35,15;5,73;4,91;27,5;22,81;105,02
21/11/2018;21,15;57,22;14,31;20,28;21,02;34,69;5,69;4,84;27,83;22,65;104,75
22/11/2018;22,5;56,91;14,34;20,23;22,08;34,61;5,6;4,85;27,059999;22,5;103
23/11/2018;21,64;57,71;14,02;19,98;21,9;34,57;5,5;5,01;27,530001;22,75;101,88
26/11/2018;21,8;58,12;13,85;19,96;20,25;34;5,61;5,13;27,049999;22,45;108,58
27/11/2018;22,06;57,99;14,2;21,24;20,6;35,15;5,33;5,01;27,18;22,05;107,5
28/11/2018;22,08;59,44;14,17;21,81;20,9;36,03;5,22;5,22;27,059999;22,61;108,8
29/11/2018;22,5;60,97;13,82;21,74;21,35;36,35;5,32;5,2;28,059999;22,65;109,8
30/11/2018;22,17;60,66;14,24;21,6;21,6;36,02;5,2;5,3;27,190001;22,66;110,02
03/12/2018;22,55;62,2;14,26;21,56;21,35;35,55;5,07;5,25;27,51;22,5;110,56
04/12/2018;22,4;61,1;14,03;21,55;20,46;35,51;5,05;5,1;29;22,57;108,14
05/12/2018;23,35;59,03;14,4;21,4;20,85;35,53;4,99;5,15;29;22,75;110
06/12/2018;23,08;58,6;14,7;21,92;20,41;35,85;4,71;5,08;28,41;22,77;107,31
07/12/2018;22,8;59,04;14,75;21,2;19,81;35,56;4,75;5,14;28,02;22,79;106,67
10/12/2018;21,74;58,31;15;20,57;18,4;34,61;4,74;5,14;27,450001;22,31;107
11/12/2018;21,5;58,11;15,25;20,27;20,8;34,92;4,57;5,09;27,85;22,5;107,15
12/12/2018;22,19;58,65;14,87;20;20,9;35,16;4,75;5,15;27,09;22,99;106,96
13/12/2018;22,68;60,3;15,21;20,03;22;35,78;4,55;5,25;26,9;23,6;106,69
14/12/2018;23;61,43;15,46;19,61;23,65;35,52;4,5;5,27;26,209999;23,74;105,95
17/12/2018;23;60,76;15,18;19,47;23,69;34,57;4,5;5,33;26,1;24,12;103,6
18/12/2018;23,3;60,45;15,5;19,77;25,12;35,12;4,43;5,33;26,41;23,45;102,9
19/12/2018;22,75;61,24;14,96;19,53;24,59;34,65;4,46;5,5;26,040001;22,81;102
20/12/2018;22,5;60,19;14,91;19,63;25,38;34,64;4,57;5,58;25,4;22,5;98,8
21/12/2018;22,07;61,04;14,91;19,73;24,74;34,48;4,66;5,53;24,709999;22,85;98,02
26/12/2018;21,9;60,9;14,83;19,52;24,5;33,73;4,6;5,69;24,139999;23,25;98,53
27/12/2018;21,63;61,32;15,04;19,46;24,42;34,3;4,49;5,55;23,620001;23,32;97,31
28/12/2018;21,93;60,96;15,47;19,78;25,1;35,5;4,26;5,5;24,559999;23,69;100,85
02/01/2019;22,38;61,19;15,87;20,15;25,45;37;4,23;5,64;24,780001;23,75;98,35
03/01/2019;21,49;61,5;16,13;20,45;25,63;37,61;4,48;5,78;25,41;24,23;95,61
04/01/2019;21,45;60,45;15,99;20,85;25;36,98;4,5;5,75;26,65;25,15;97,4
07/01/2019;21,59;60,54;15,9;21,15;23,9;37,05;4,65;5,56;27,24;25,3;98,66
08/01/2019;22,93;60,86;15,79;21,4;23,59;37,52;4,78;5,67;27,559999;24,95;99,01
09/01/2019;23,55;58,83;15,85;21,08;23,48;38,09;4,9;5,66;28,65;24,8;98,76
10/01/2019;23,45;59,07;16,1;21,48;23,25;37,83;4,81;5,59;28,51;24,8;99,86
11/01/2019;22,95;60,1;16,55;21,35;24,96;37,6;4,85;5,66;28,73;24,86;99,72
14/01/2019;22,67;59,2;16,85;22,2;25,16;37,88;5;5,56;28,59;25,51;99,33
15/01/2019;22,43;59,15;16,5;21,71;24,37;37,29;5;5,63;28,280001;25,54;100,5
16/01/2019;22,22;59,44;16,35;21,2;23,89;37,18;5,39;5,53;28,35;25,2;101,4
17/01/2019;23,66;59,29;17,05;21,44;24,02;37,18;5,65;5,44;28,299999;25,25;102,33
18/01/2019;24,05;59,95;17,06;22,29;24,21;37,66;5,9;5,48;28,4;25,11;103,69
21/01/2019;24,49;60,5;17,19;21,99;23,62;37,35;5,9;5,44;28,99;25,4;103,67
22/01/2019;23,26;59,53;17,04;21,67;22,81;37,29;5,6;5,1;28,93;25,29;103,33
23/01/2019;23,75;60,2;17,16;22,21;23,21;37,54;5,9;5,12;29,17;25,4;102,62
24/01/2019;24,19;61,7;17,35;22;23,43;37,49;5,72;5,33;29;25,36;103,2
28/01/2019;24,45;61,9;17,19;21,52;23,17;38,16;5,82;5,19;29,15;25,9;103,04
29/01/2019;23,85;62,71;17,07;22,38;23,05;37,88;5,95;5,25;29,42;25,77;101,5
30/01/2019;23,68;62,71;17,12;22,52;24,06;38,12;6,2;5,63;28,709999;25,76;102,24
31/01/2019;23,54;65;17,01;22,28;24,72;38,78;6,12;5,55;29,4;25,71;102,24
01/02/2019;23,89;64,02;16,73;22,19;24,92;38,81;6,11;5,59;29,700001;25,75;102,33
04/02/2019;23,7;65,02;17,15;22,28;26,98;39,69;6;5,55;29,469999;25,76;103,35
05/02/2019;25,32;63,5;17,15;22,46;27,59;38;6,1;5,53;29,809999;25,85;104,01
06/02/2019;24,18;62,45;16,87;21,31;26,79;36,4;6,1;5,45;30,360001;26,09;104,93
07/02/2019;23,21;60,65;16,34;21;26,36;36,53;6,35;5,33;30,26;25,22;104,01
08/02/2019;23,5;60,7;16,63;21,5;27,03;37,31;6,3;5,25;30,120001;25,22;104,79
11/02/2019;23,12;61,09;16,69;21,35;27,82;36,89;6,3;5,31;29,16;25,76;105,54
12/02/2019;23,3;61,77;16,44;21,19;28,54;37,77;6,08;5,22;29,25;25,78;106,03
13/02/2019;22,55;63,32;16,33;21,03;28,65;36,91;5,91;5,17;29,5;25,44;107,75
14/02/2019;22,82;62,38;16,71;21,42;28,5;37,89;5,7;5,08;30,23;25,68;106,43
15/02/2019;22,66;62,49;16,5;21,24;28,91;37,5;5,78;5,3;30,67;25,75;106,67
18/02/2019;22,26;62,5;16,8;20,9;28,26;36,9;5,7;5,12;31,1;25,75;107,82
19/02/2019;22,16;61,95;16,63;21;28,02;37,75;5,63;5,25;30,809999;25,74;107,71
20/02/2019;22,66;61,87;16,63;20,67;28,25;37,27;5,62;5,37;30,860001;25,79;107,93
21/02/2019;22,07;61,62;16,46;20,38;27,3;37,95;5,8;5,13;31,35;25,95;108,49
22/02/2019;22,29;62,3;16,95;20,36;27,6;36,66;5,85;5,31;31,450001;25,15;108,7
25/02/2019;22,24;61,01;17,06;20,37;27;36,1;5,71;5,59;31,700001;25,17;108,85
26/02/2019;21,88;60,45;17,01;20,2;27,5;36,23;5,6;5,41;31,110001;25,05;108,83
27/02/2019;21,6;59,9;17,46;20,62;27,3;35,91;5,61;5,58;30,549999;25;108,16
28/02/2019;20,57;59,1;17,1;20;26,66;35,23;5,75;5,5;30,73;25,1;108,73
01/03/2019;20,52;58,4;16,95;20;26,42;34,84;5,72;5,47;31,200001;24,98;110,08
06/03/2019;NA;NA;NA;NA;NA;NA;5,53;NA;29,92;NA;NA
07/03/2019;19,49;56,99;16,96;19,36;26,63;35,33;null;5,36;null;24,72;110,75
08/03/2019;19,86;56,54;17,24;19,85;27,05;35,75;5,27;5,5;29,65;24,58;110,22
11/03/2019;20,33;57,09;17,35;20,37;26,35;36,92;5,3;5,65;28,85;25,1;111,12
12/03/2019;20,05;58;16,85;20,39;26,55;37;5,5;5,66;29,379999;25,58;110,76
13/03/2019;20,3;57,46;17,28;20,62;27,43;37,4;5,5;5,57;30,629999;25,88;111,51
14/03/2019;20,75;56,18;17,25;20,5;26,8;36,81;5,35;5,53;30,27;26,23;112,4
15/03/2019;22,22;55,76;17,15;20,79;27,6;36,8;5,52;5,56;31;25,9;111,61
18/03/2019;23,29;54,77;17,28;20,71;28,86;36,86;5,34;5,53;31,280001;26,25;111,62
19/03/2019;23,06;56,82;18;20,64;30,42;36;5,42;5,62;31,66;26,2;111,32
20/03/2019;22,95;57,98;17,87;20,37;30,69;35,19;5,42;5,65;32,490002;25,92;110,77
21/03/2019;22,7;58,25;17,2;20,12;29,15;34,57;5,26;5,64;32,689999;25,45;112,75
22/03/2019;22,2;55,9;16,24;19,8;27,26;33,55;5,11;5,62;32,700001;24,8;113,98
25/03/2019;21,85;54,4;15,92;19,69;27,64;33,6;5,06;5,43;31,66;24,46;111,93
26/03/2019;22,34;54,33;16,25;20,37;27,55;33,95;5,03;5,47;30,610001;24,8;113,55
27/03/2019;21,94;54,04;15,49;19,75;25,15;32,8;4,87;5,47;31;24,59;115,34
28/03/2019;22,6;52,37;16,04;20,1;25,61;34,1;4,95;5,28;31,35;23,8;114,11
29/03/2019;22,65;54,99;16,27;20,4;25,9;34,43;4,88;5,38;30,309999;24,85;115,19
01/04/2019;23;55,25;16,12;20,55;25,65;34,16;5,1;5,44;31,33;24,89;115,19
02/04/2019;22,95;54,7;16,05;21;25,32;33,62;4,72;5,39;31,42;25,07;114,97
03/04/2019;23;54,26;15,73;21,39;25,4;33,32;5,15;5,25;31,01;25,05;115,87
04/04/2019;23,56;53;16,17;22,6;25,7;33,82;5,15;5,31;31,129999;25;115,41
05/04/2019;23,82;52,6;16,38;22,64;25,38;34,55;5,15;5,29;30,68;25;116,56
08/04/2019;24,08;52,82;16,2;22,75;24,2;34,34;4,88;5,3;31,450001;25,5;115,61
09/04/2019;24,47;51,24;16,14;23;23,7;34,15;4,94;5,19;32,18;25,85;115,38
10/04/2019;24,98;50,85;16,45;22,54;24,24;34,09;5;5,22;32,669998;25,75;114,71
11/04/2019;25,2;51,8;15,92;22,3;23,4;33,3;4,95;5,26;32,93;25,74;115,73
12/04/2019;25,63;51,32;15,76;21,9;23,25;32,95;4,73;5,13;32,189999;25,24;117,16
15/04/2019;26,05;51,43;15,79;21,94;22,7;32,93;4,79;5,19;30,290001;25;116,81
16/04/2019;27,68;50,75;15,65;21,78;22,73;32,9;4,69;5,1;29,799999;25,59;117,95
17/04/2019;28,23;50,07;15,6;21,47;21,92;32,39;4,41;5,11;29,200001;25,83;118,73
18/04/2019;27,61;49,61;15,91;21,66;23,8;32,83;4,41;5,02;30,35;25,63;118,79
22/04/2019;28;52,8;16,02;21,74;23,11;32,74;4,6;5,31;30,65;26,04;118,92
23/04/2019;29,92;53,99;16,61;22,3;23,89;33,16;4,64;5,25;30,809999;26,54;119,53
24/04/2019;29,82;54,86;16,33;22,12;23,13;33,21;4,36;5,33;31,200001;26,26;121,4
25/04/2019;30,72;53,45;16,83;22,55;23,17;33,72;4,5;5,34;31,120001;26,49;120,36
26/04/2019;30,5;55,1;16,94;21,02;23;33,8;4,3;5,5;30,34;26,21;120,21
29/04/2019;30,48;56,11;17,21;21,02;23;33,53;4,66;5,59;30,559999;26,23;120,55
30/04/2019;31,05;56;17,78;20,75;22,78;33,83;4,63;5,74;30,780001;26,35;119,82
02/05/2019;30,76;56,7;17,08;20,16;22,56;34,04;4,64;5,9;30,370001;26,32;120,23
03/05/2019;30,72;57,4;16,78;20,64;23,69;33,71;4,53;5,97;29,700001;26,48;120,59
06/05/2019;31,05;56,66;16,81;20,38;23,3;32,97;4,45;6,09;29,85;25,99;120,74
07/05/2019;31,05;56;16,98;20,19;23,5;32,6;4,42;6,3;29,24;25,9;119,2
08/05/2019;30,39;56,75;17,11;20,69;24,52;32,97;4,25;6;29,25;26,07;117,93
09/05/2019;30,73;58,02;17,25;20,25;24,84;32,56;4,15;6,03;29,280001;26,18;118,16
10/05/2019;29,88;58,34;17,15;19,96;25,5;32,41;4,22;5,84;29,75;26,37;118,03
13/05/2019;29,98;52,5;16,7;19,6;23,71;31,9;4,49;5,77;29,370001;25,75;116,52
14/05/2019;31,26;50,07;16,6;19,74;23,05;31,75;4,37;5,72;28,709999;25,85;117,4
15/05/2019;31,53;50,65;15,95;19,86;22,66;31,85;4,2;5,51;28,690001;25,16;118,51
16/05/2019;32,07;50,15;15,54;19,6;20,98;31,44;4,2;5,38;28,110001;25;121,03
17/05/2019;31,65;47,9;15,26;19,1;20,5;31,5;4,05;5,16;28,17;24,7;121,81
20/05/2019;31,82;47;16,31;19,02;20,85;32,32;4,04;5,31;27,530001;23,99;121,49
21/05/2019;30,04;47,5;16,74;19,56;22,3;33,57;4,09;5,5;27,639999;25,06;120,67
22/05/2019;30,59;51;16,78;19,41;23,55;33,6;4,09;5,66;28,25;25,1;120,4
23/05/2019;30,9;49,44;16,5;19,61;23,64;33,53;4,4;5,55;28,77;24,99;118,91
24/05/2019;31,85;48,5;16,38;19,44;24,86;33,03;4,33;5,7;28,469999;25,35;118,42
27/05/2019;31,5;47,76;16,78;19,6;25,5;33,15;4,25;5,66;28,57;25,16;117,74
28/05/2019;30,4;48;16,71;20,03;26,49;34,08;4,08;5,63;28,549999;25,25;117,4
29/05/2019;28,73;48,8;16,91;20,02;26,49;34,72;4,05;5,95;28,610001;25,71;115,01
30/05/2019;29,01;48,86;17,17;20,14;27,09;35,08;4;5,94;28,860001;25,69;115,54
31/05/2019;27,7;51;17,44;19,8;26,98;35;4,04;6;28,950001;25,9;112,41
03/06/2019;27,6;51,7;17,5;19,9;27,31;35,08;4,04;6,16;28,620001;26,53;111,03
04/06/2019;28,06;51,96;17,83;19,9;28,11;35,02;3,97;6,19;28,5;26,45;112,89
05/06/2019;27,1;50,1;17,87;19,69;28,27;34,34;3,88;6,13;29,299999;26,55;114,35
06/06/2019;27,41;49,5;18,05;20,28;29,25;34,7;3,84;6,06;29,08;26,75;115,36
07/06/2019;26,16;49,16;18,78;20,69;29,98;35,07;3,9;5,96;29;27,32;115,36
10/06/2019;27,2;49;18,55;21;30,87;34,63;3,9;6,2;29,49;27,38;117,12
11/06/2019;27;49,36;18,95;21,34;30,95;34,8;3,91;6,38;29,700001;27,45;116,02
12/06/2019;27;49,23;18,71;21,16;30,67;34,6;4,02;6,44;29,48;27,17;116,01
13/06/2019;28,57;48,9;18,99;21,28;30,81;33,98;3,94;6,44;29,75;26,99;116,25
14/06/2019;29,1;50,02;19;20,9;30,32;33,99;4,02;6,53;30;26,93;117,45
17/06/2019;28,7;50,13;18,95;20,59;31;33,95;4,07;6,63;29,65;26,59;117,35
18/06/2019;28,2;51,11;19,45;20,69;31,95;34,83;4,09;6,58;30,200001;26,77;117,67
19/06/2019;28,6;51,34;19,7;20,8;32,82;35,38;4,04;6,47;30,440001;26,73;117,62
21/06/2019;28,66;52,5;19,85;21;32,2;36,18;4,15;6,59;30,5;27,12;117,78
24/06/2019;28,89;53,68;20;21,13;31,93;36,1;4,18;6,63;31,110001;26,86;117,71
25/06/2019;28,75;52,9;19,4;20,98;31,4;35,65;4,39;6,53;31,879999;27,17;117,3
26/06/2019;28,52;52,19;19,69;21,1;31,45;36,5;4,25;6,5;31,5;26,91;117,1
27/06/2019;29,1;50,5;20,05;21,4;31,61;36,25;4,12;6,51;30,309999;26,8;116,35
28/06/2019;29,52;50,84;20,8;21,35;32,6;36,26;4,21;6,54;30,26;27,14;117,71
01/07/2019;32,08;50,45;20,93;21,5;31,91;36,08;4,25;6,63;30,110001;27,43;118,92
02/07/2019;33,2;49,5;21,1;21,66;32,34;35,95;4,12;6,59;30,440001;27,49;119,53
03/07/2019;34;48,66;22;21,64;35,44;36,57;4,15;6,62;29,860001;27,33;119,5
04/07/2019;34,23;49,25;22,5;22;38,03;36,99;4,12;6,96;29,610001;27,75;119,5
05/07/2019;34,2;48,59;22,86;22,72;40,4;37,4;4,2;6,94;30;27,85;119,2
08/07/2019;34,37;49,3;23,1;23,27;40,91;37,3;4,2;7,07;30,02;28,04;118,34
10/07/2019;34,98;49,59;23,86;23,79;40,73;37,2;4,27;7,23;30,08;28,51;117,24
11/07/2019;33,93;52,85;22,84;23,67;40,37;37,15;4,29;7,37;30,809999;28,68;117,45
12/07/2019;33,55;53,55;22,2;23,75;39,11;36,46;4,3;7,34;30,83;29;117,42
15/07/2019;33,45;53;21,96;23,65;38,16;36,36;4,27;7,34;31,379999;28,59;118,25
16/07/2019;32,72;51,39;22,15;23,52;39,94;36,5;4,25;7,25;31,610001;28,11;117,95
17/07/2019;32,93;50,45;22,03;23,82;38,3;36,4;4,3;7,41;30,889999;27,89;117,21
18/07/2019;32,96;50,86;22,55;23,67;39,1;37,37;4,38;7,73;30,709999;28;116,76
19/07/2019;33,45;49,22;21,94;23,51;38,5;36,4;4,32;7,78;30,5;28,27;116,52
22/07/2019;34,55;48,9;21,83;23,15;38,9;37,02;4,3;7,53;30,09;28,18;116,53
23/07/2019;33,75;47,3;22,34;23,21;38,62;37,38;4,33;7,78;30,200001;28,5;118,52
24/07/2019;34,06;46,39;22,65;23,6;38,95;37,35;4,14;7,59;30,139999;28,26;118,78
25/07/2019;33,35;47,25;22,51;23,75;38,25;36,2;4,09;7,74;30,290001;28,49;118,65
26/07/2019;34;47,29;23,45;23,63;40,68;36,85;4,1;7,69;30,110001;28,1;119,2
29/07/2019;33,7;48,11;23,75;23,55;41;37;4,1;7,88;29,389999;27,9;119,3
30/07/2019;33,65;47,28;24,27;23,62;41,02;35,77;4,1;8,24;28,540001;27,7;119,32
31/07/2019;33,41;49,91;24,4;23,33;40,97;34,82;4,22;8,37;28,690001;27,97;118,49
01/08/2019;34,15;51;25,51;23,74;43,79;34,88;4,2;8,42;29;27,88;119,18
02/08/2019;34,1;52,2;25,35;23,47;42,45;34,93;4,09;8,77;29,040001;28,32;118,95
05/08/2019;33,66;52,28;24,6;23,08;40,75;34,45;4;8,81;29,190001;28,29;117,45
06/08/2019;34,56;52,1;25,46;23,2;40,94;35,49;4,07;8,9;28,59;28,38;119,25
07/08/2019;34,61;51,82;25,38;23,04;39,5;36,8;4,02;9,23;28,41;28,79;119,92
08/08/2019;36,32;51,27;26,08;23,4;39,99;37;3,89;9,18;28,02;28,81;120,72
09/08/2019;38,16;55,05;25,5;23,47;40,56;36,72;3,84;9,29;28,77;28,3;120,38
12/08/2019;38,63;55,3;24,7;23,5;37,64;35,2;3,9;9,44;28,84;28,11;120,11
13/08/2019;39;54,9;24,98;24;38,1;35,89;3,82;9,4;28,309999;28,3;121,67
14/08/2019;38;54,25;24,1;23,51;36,4;35,1;3,82;9,34;27,51;28,59;120,04
15/08/2019;38,16;54,08;23,36;22,71;35,71;35;3,96;9,38;27,5;28,17;118,94
16/08/2019;38,57;53,21;24;23,54;34,98;34,35;3,81;9,4;27,129999;27,71;120,62
19/08/2019;38,26;53,46;23,69;23,2;34,9;34,2;3,68;9,52;27,01;27,89;124,45
20/08/2019;37,89;53,7;23,3;23,71;35,4;33,82;3,66;9,41;26,780001;27,48;122,69
21/08/2019;38,36;54,29;25,2;24,21;35,3;34,08;3,55;9,19;26,76;27,25;123,06
22/08/2019;39,56;55,84;24,48;24,52;33,4;33,54;3,51;9,18;26,889999;27,55;124,51
23/08/2019;38,59;54,94;23,84;24,03;33,4;33,15;3,65;8,41;28,01;27,59;122,02
26/08/2019;37,88;52,62;23,14;23,43;32,39;33,14;3,54;8,71;27,24;27,26;124,45
27/08/2019;38,01;53,55;23,79;23,34;32,82;33,53;3,4;8,57;26,889999;26,89;123,95
28/08/2019;39,09;51,28;23,72;23,31;32,32;33,91;3,34;8,5;26,76;27,31;125,1
29/08/2019;38,87;51,65;24,39;24,08;33,76;34,09;3,21;8,9;26,799999;27,46;126,85
30/08/2019;38,14;53,47;25,19;24;33,2;33,94;3,27;9,4;27,4;27,88;126,34
02/09/2019;38,41;52,91;25,82;24;32,64;33,5;3,45;9,13;28,17;28,1;126,23
03/09/2019;37,72;53,83;25,08;24;31,56;32,86;3,48;9,07;28,049999;27,9;127,07
04/09/2019;37,89;53,78;23,8;23,94;32;33,09;3,51;9,17;27,66;28,11;126
05/09/2019;38,06;52,91;23,9;23,77;34,01;34,03;3,47;9,38;28,540001;28,54;127,87
06/09/2019;37,38;52,19;23,4;23,8;34,06;35,17;3,46;9,25;29,02;28,6;126,93
09/09/2019;36,95;51,02;21,9;23,46;32,7;36,03;3,54;9,02;29,040001;28,45;127,74
10/09/2019;37,9;51,75;22,34;23,46;32,7;35,33;3,6;8,25;29,49;28,1;127,55
11/09/2019;38,45;51,28;22,85;23,81;34,33;35,17;3,56;8,43;29,940001;28,01;127,49
12/09/2019;38,03;52,6;22,6;24,22;35,75;35,39;3,62;8,75;30,200001;28,77;127,92
13/09/2019;38;52,06;22,03;24,31;34,75;35,87;3,59;8,81;29,549999;29;128,58
16/09/2019;38,1;51,56;21,8;24,15;32,05;35,23;3,59;8,45;29,91;28,77;128,32
17/09/2019;38,16;50,85;22,83;24,61;33,83;35,36;3,7;8,54;31,15;28,49;128,32
18/09/2019;38,39;51,16;22,82;24,72;33,64;35,25;3,64;8,63;30,59;28,84;129,16
19/09/2019;37,72;53;23,35;24,54;34,11;34,66;3,63;8,85;30,200001;29;130,49
20/09/2019;38,47;54;23,51;25,14;33,21;34,75;3,73;8,99;30,700001;29,47;129,69
23/09/2019;38,75;53;23,52;25,51;32,58;34,64;3,77;9,15;30,42;28,8;130,73
24/09/2019;39,84;51,7;23,3;25,53;32,4;34,28;3,69;9,03;30,18;28,91;129,2
25/09/2019;40,5;51,14;22,92;25,3;33,5;34,68;3,7;9,14;30,42;28,65;129,89
26/09/2019;39,92;50,8;23,52;25,5;34,23;35,68;3,66;9,2;29,950001;28,46;129,55
27/09/2019;38,7;52,23;23,56;25,7;32;35,53;3,66;9,14;30,110001;28,34;128,55
30/09/2019;38,2;54,7;24,05;26,42;32,3;35,03;3,64;9,19;30,299999;28,34;129,35
01/10/2019;37,99;55,87;24,24;26,1;31,8;34,22;3,6;9,29;30,440001;28,8;127,74
02/10/2019;37,54;55,79;23,35;24,86;31;33,28;3,62;9,29;30,16;28,56;124,86
03/10/2019;36,51;54,71;24,41;25;32,7;33,29;3,56;9,14;29,620001;28,03;124,39
04/10/2019;37,38;54,9;25,1;25;33,06;33,45;3,51;9,35;29,02;28,2;125,15
07/10/2019;36,74;55,06;24,5;24,2;32,39;32,83;3,5;9,65;29,110001;28,29;126,2
08/10/2019;37,21;54,25;24,4;24,05;32,1;32,69;3,52;9,66;28,629999;27,41;123,91
09/10/2019;36,6;54,45;24,26;24,21;33,1;33,21;3,43;9,58;28,34;27,66;125,55
10/10/2019;36,86;53,4;24,57;24,21;33,1;33,45;3,35;9,93;28,52;27,53;126,83
11/10/2019;37,1;53,16;24,91;24,6;34,65;33,88;3,28;9,87;28,950001;27,46;127,7
14/10/2019;36,38;53,48;25,25;24,76;35,6;34,45;3,27;10;29,299999;28,04;128,48
15/10/2019;35,99;53,76;25,52;24,6;35,75;34,37;3,54;10,55;29,5;28,17;130,81
16/10/2019;36,28;53,56;26,18;25;35,85;34,86;3,57;10,4;29,700001;27,81;129,9
17/10/2019;35,93;53,29;26,34;25;36;34,65;3,73;10,68;30,17;27,81;130,98
18/10/2019;36,15;52,31;26;24,74;35,44;34,24;3,78;10,86;30,290001;27,85;128,92
21/10/2019;37,75;52,17;25,89;24,79;35,18;34,8;3,8;10,84;30,309999;28,1;129,99
22/10/2019;37,53;51,51;26,3;24,6;37,29;35,88;3,75;10,8;30,01;28,3;127,8
23/10/2019;36,8;52,61;25,7;24,68;36,97;36,39;3,69;10,9;30,33;28,33;126,99
24/10/2019;37,21;53;25,7;24,51;37;36,56;3,75;10,87;31,209999;28,24;126,75
25/10/2019;36,57;53,12;25,98;24,91;36,48;36,8;3,79;10,85;31,530001;28,15;126,98
28/10/2019;35,6;53,15;26,21;25,41;37,5;37,3;3,77;10,55;31,690001;27,99;127,31
29/10/2019;35,7;52,86;26,09;25,45;38,26;36,64;3,8;10,8;31,700001;28,06;127,05
30/10/2019;35,66;52,01;26,48;25,54;38,85;36,87;3,6;10,72;31,809999;28,06;127,35
31/10/2019;35,51;51,5;26,93;25,45;36,6;36,23;3,53;10,84;32,150002;28,59;127,62
01/11/2019;35,2;51,95;28,22;25,53;36,4;36,35;3,63;11,24;32,400002;28,95;128,39
04/11/2019;36,3;53,28;28,46;25,51;35,61;36,47;3,74;12,04;32,799999;28,75;129,56
05/11/2019;36,57;52,2;27,75;25,7;34,73;37,1;3,79;11,33;33;29,11;128,58
06/11/2019;35,52;52,01;27,66;25,85;35;36,6;3,98;11,13;32,970001;28,9;131,41
07/11/2019;35,96;51,69;27,91;26,3;35,57;36,82;3,99;11,4;32,919998;28,88;132,58
08/11/2019;34,45;48,29;27,54;25,86;33,97;36,27;3,9;10,88;32,700001;28,8;135,09
11/11/2019;34,67;44,56;27,65;26,08;34,19;36,43;4,04;10,88;32,93;28,1;134
12/11/2019;33,2;44,01;26,71;25,74;32,86;35,81;4;11,3;32,59;28,14;134,5
13/11/2019;32,89;40,7;26,6;26,03;33,02;35,45;4,09;10,72;32,66;28,5;135,72
14/11/2019;32,96;41,28;27,37;27;34,19;35,68;4,02;10,68;32,52;28,45;135,99
18/11/2019;33,28;41,4;27,21;26,92;34,4;35,52;3,96;11,25;32,5;28,27;137,93
19/11/2019;33,56;39,38;26,8;26,61;34,2;35,13;3,97;11,25;32,25;28,37;137,38
21/11/2019;33,68;39,38;27,53;27,75;33,92;35,49;4,04;11,22;31,85;27,75;136,83
22/11/2019;34,09;41,5;27,25;27,78;34,75;35,73;4;11,18;31,379999;27,98;136,99
25/11/2019;36,11;42,71;27,27;28,47;34,65;35,22;3,98;11,38;32;28,1;138,98
26/11/2019;36,8;41,8;26,76;28,55;33,32;34,5;4,06;11,05;32,150002;27,89;139,53
27/11/2019;36,62;41,99;26,34;28,2;33,14;34,7;4,01;10,86;32,02;27,99;140,8
28/11/2019;36,2;40,84;27;27,98;34,44;34,6;4,03;11,33;31,42;28,03;141
29/11/2019;36,6;40,55;26,84;28,5;34,06;34,8;4,05;11,45;31,5;28,12;139,1
02/12/2019;36,42;40,38;26,62;28,47;33,63;35,28;4;11,36;31,59;28,31;137,15
03/12/2019;35,8;41,07;27,24;28,51;34,98;35,29;3,99;11,3;31,469999;28,52;136,47
04/12/2019;36,4;40,67;27,61;28,49;34,45;36,56;4,01;11,18;31,280001;28,74;137,32
05/12/2019;36,3;41,3;27,71;28,31;34,35;36,51;4;11,07;31,25;28,84;137
06/12/2019;36,9;40,9;28,77;28,88;36,06;35,85;4,01;11,26;31,51;28,9;136,7
09/12/2019;36,85;41,4;28,98;29,05;36,69;36,55;4,02;11,35;32;29,1;136,17
10/12/2019;36,8;41,21;28,99;28,44;35;36,02;4,1;11,49;32,099998;29,2;136,33
11/12/2019;35,88;41,8;28;28,5;35,3;35,6;4,12;11,72;32,150002;29,45;135,78
12/12/2019;35,51;42;28,67;28,44;35,7;35,59;4,2;11,99;32,560001;29,65;136,08
13/12/2019;33,95;43,51;29,43;28,78;36,18;36,31;4,25;12,08;32,610001;30;136,38
16/12/2019;34,74;43,62;30,11;28,95;36,33;35,48;4,3;12,37;32,900002;30,38;135,81
17/12/2019;33,63;43,6;29,66;28,81;35,33;36,02;4,33;12,35;31,48;30,3;136,45
18/12/2019;34,33;43;29,7;29,85;35,15;36,48;4,34;12,04;31,1;30,27;136,3
19/12/2019;34,37;43,09;29,29;30,4;36,44;36,66;4,39;12,13;31,379999;30,45;136,87
20/12/2019;34,81;44,59;29,18;29,83;35,89;36,5;4,39;12,16;32,139999;30,66;138,6
23/12/2019;34,53;43,78;29,25;30;36,46;36,84;4,23;12,15;32,299999;30,44;137,49
26/12/2019;35,18;43,59;30;30,1;36,65;37,4;4,23;12,2;31,959999;30,68;137,36
27/12/2019;35,24;43,63;30,02;30,4;36,92;37,3;4,21;12,29;32,400002;31,1;137,15
30/12/2019;35,2;44,36;29,69;30,53;36,8;37,1;4,3;12,2;32,810001;31;135,47
02/01/2020;35,88;44,24;31,11;31,02;37,17;38,03;4,28;12,08;32,380001;31,15;137
03/01/2020;35,94;44,15;32,8;30,11;35,9;37,63;4,26;12,13;32,310001;30,84;137,33
06/01/2020;35,57;44,15;32,5;31;34,25;37,07;4,34;12,1;33;30,99;138,06
07/01/2020;35,16;44;32,6;31,32;34,45;36,21;4,33;12,24;32;30,99;137,65
08/01/2020;36,51;44,39;31,59;31,13;35,81;35,62;4,37;12,16;32,990002;30,75;138,37
09/01/2020;36,84;44,55;31,43;31,71;36,65;34,91;4,35;12,63;32,700001;30,15;140,19
10/01/2020;36,34;43,56;31,65;31,15;37,24;34,6;4,28;13,02;32,099998;30,39;140,21
13/01/2020;36,7;42,15;32,25;31;38;35,06;4,29;13,05;32,259998;30,41;142,59
14/01/2020;36,55;41,77;32,5;31,46;37,99;35,06;4,35;13,5;32,150002;30,71;141,98
15/01/2020;36,47;42,4;32;31,23;36,97;34,63;4,36;13,42;31,959999;30,82;144,09
16/01/2020;35,87;41,58;32,12;31,24;36,64;34,7;4,36;13,55;31,6;30,67;145,33
17/01/2020;35,75;41,25;33,13;31,39;37,93;34,94;4,35;13,45;31,200001;30,9;145,09
20/01/2020;36,05;41,7;33,85;32,23;37,8;34,23;4,3;13,53;31,299999;31,45;145,7
21/01/2020;35,43;41,01;33,52;32,15;36,68;33,5;4,4;13,93;31,700001;32,05;146,53
22/01/2020;35,6;39,35;34,03;32,87;37,18;33,7;4,39;14,13;31,719999;31,98;145,55
23/01/2020;34,84;39,5;34,38;32,25;39,05;34,5;4,39;13,92;31,1;31,75;145,25
24/01/2020;33,83;40,6;33,34;32,36;37,82;34,24;4,46;14,19;30,799999;32,3;144,32
27/01/2020;31,78;38,75;32,2;32,15;35,3;33,5;4,48;13,76;31,110001;31,7;142,75
28/01/2020;31,36;38;33,08;32,5;36,19;33,49;4,35;13,5;30,23;31,55;143,7
29/01/2020;31,1;38,65;32,74;31,16;34,94;32,97;4,26;14,38;30,190001;31,98;144,95
30/01/2020;30,6;36,36;32,47;31,66;35,04;33,45;4,3;14,09;30,6;31,45;146,08
31/01/2020;30,55;36,13;31,8;31;34,25;32,82;4,25;13,91;29,82;31,31;144,48
03/02/2020;31,57;36,55;32,45;31,71;34,35;32,9;4,17;14,12;30,530001;31,1;144,48
04/02/2020;32,18;37,31;32,85;32,66;35,16;33,16;4,31;14,4;30,360001;31,5;147,03
05/02/2020;32,07;37,6;33;33,5;36,19;33,36;4,3;14,63;30,51;31,3;148,22
06/02/2020;31,85;37,2;33;32,1;35,75;33,28;4,32;14,5;31,27;31,46;150,19
07/02/2020;31,54;36,52;32,73;31,2;34,46;33,71;4,28;13,93;30,9;30,86;150,67
10/02/2020;30,84;35;30,79;30,93;34,16;34,28;4,3;13,5;31,049999;30,47;152,03
11/02/2020;30,9;33,12;32,16;31,17;36,2;35,07;4,16;13,3;31,459999;30,51;152,42
12/02/2020;31,25;34,9;32,82;31,79;36,3;34,93;4,14;13,63;31,76;30,94;154,23
13/02/2020;31,33;33;32,77;30,68;35,4;34,39;4,27;13,73;32,360001;31,33;153,94
14/02/2020;30,9;33,9;32,5;30,99;36;33,81;4,28;14,4;32,150002;31,17;152,29
17/02/2020;31;33,32;32,82;31,08;36,39;33,5;4,35;14,5;32,049999;31,15;157,98
18/02/2020;30,85;33;32,49;30,95;35,87;33,64;4,3;14,56;31,84;31,31;154,22
19/02/2020;31,16;32,63;33,6;31,99;36,35;34,12;4,23;14,59;31,33;31,31;155,06
20/02/2020;30,68;32,65;33,75;31,45;34,8;34;4,26;14,48;31,99;31,47;155,37
21/02/2020;30,36;31,7;33,85;31,25;33,82;32,68;4,28;13,91;32,869999;30,7;153,69
26/02/2020;NA;NA;NA;NA;NA;NA;4,25;NA;31,51;NA;NA
27/02/2020;27,53;26,43;29,5;28,57;26,4;31,07;null;13;null;29,63;140,35
28/02/2020;27,04;25,88;29,83;29,76;25,6;32;4,06;12,25;27,41;29,33;138,95
02/03/2020;28,2;23,55;30,63;30,9;26,11;31,88;3,9;12,68;26,610001;30,01;145,16
03/03/2020;26,15;22,63;30,57;30,62;25,12;31,3;4;13,17;27,15;30,42;142,3
04/03/2020;26,66;23,2;32,18;31,01;24,81;31,6;4,19;13,6;28,040001;30,55;150,21
05/03/2020;25,6;21,9;29,42;29,99;20,65;30,52;4,2;13;28,32;31,09;146,55
06/03/2020;23,11;20;27,75;29,56;21,05;29,87;4,35;11,03;27,700001;29,38;144,48
09/03/2020;20;20,4;23,12;27,01;17,38;27,8;4,29;9,76;25,68;28,9;137,88
10/03/2020;20,84;21,72;25,17;27,27;18,32;28,49;3,98;11,25;19;30,1;140,1
11/03/2020;18,5;20,6;24,3;26,2;15,65;26,17;4,11;11,25;19,450001;29,89;135,6
12/03/2020;15,25;15;18,31;22,8;9,97;23,6;3,93;9;17,48;28,67;123,73
13/03/2020;16,49;15,95;21,05;23,6;11,17;26,21;3,45;10,63;13,61;29,21;136,66
16/03/2020;13,25;12,27;17,06;20;8,04;23,8;3,5;8,75;15,5;26,28;127,9
17/03/2020;14,25;10,9;16,85;21,11;7,78;25,2;3,22;9,03;13,99;26,9;133,3
18/03/2020;13,01;9,05;13,37;18,14;5,6;23,45;2,9;8,01;13,66;26,02;130,43
19/03/2020;14,9;6,05;14,7;19,5;6,25;22,85;2,8;6,88;11,7;25,93;128,4
20/03/2020;14,15;8,55;14,17;19,24;7,28;22,05;2,59;8,2;11;26,6;121,35
23/03/2020;14,03;7,95;12,96;18,76;6,93;20,52;3,03;8,13;13,15;26;119,5
24/03/2020;15,04;8,74;15,3;19,44;8,1;22,5;2,7;8,43;12,3;26,1;129,92
25/03/2020;15,91;8,83;16,57;20,08;10,94;23,6;2,9;9,23;12,64;24,95;130,82
26/03/2020;15,97;9,35;18,23;20,9;13,04;24,25;2,88;10,16;13,45;24,8;137,51
27/03/2020;14,87;11,69;16,07;19,7;12,59;22,97;2,94;9,67;14,45;25,52;136,5
30/03/2020;14,51;13,21;15,7;20,65;12,3;24,11;2,92;10,25;13,3;25,66;142
31/03/2020;15,09;12,5;14,13;20,24;11,37;23,09;3,28;10,62;12,9;25,3;141,25
01/04/2020;15,61;9,9;12,96;20;9,98;21,4;3,35;9,35;13,58;25,28;136,22
02/04/2020;16,25;9,6;12,45;20,2;10,13;21,5;3,3;9,56;13,6;25,51;139,82
03/04/2020;15,26;10,5;12,77;19,21;9,47;20,66;3,25;8,84;15,39;26,5;139,15
06/04/2020;17,68;11;13,2;20;10,15;22,18;3,42;9,6;16,35;27;147,26
07/04/2020;17,53;11,1;13,8;21,39;10,95;23;3,43;10,36;16,049999;28,12;146,02
08/04/2020;17,4;11,4;14,35;21,64;11,99;24,18;3,6;10,07;16,99;27,01;147,88
09/04/2020;18,04;12,05;14,6;21,55;11,63;23,5;3,39;10,71;16,629999;27,22;149,35
13/04/2020;17,82;12,61;14,28;21,34;11,45;24;3,45;10,27;18,030001;26,77;150,63
14/04/2020;18,86;13,45;14,43;22,4;11,46;24,3;3,38;10,73;17,09;27,45;154,55
15/04/2020;19,05;13,7;14,22;22,48;12,28;23,4;3,45;10,53;17,43;27,29;153,43
16/04/2020;19,27;14,75;14,05;22,72;11,76;22,81;3,43;11,16;16,35;27,62;154,75
17/04/2020;19,05;15,1;14,35;23,72;12;23,22;3,4;11,67;16,92;27,32;158,38
20/04/2020;18,92;14,3;15,62;24,58;12,07;22,64;3,37;10,93;16,200001;26,54;157,65
22/04/2020;19,45;14,45;16,05;24,25;11,9;22,37;3,25;12,38;15,98;26,66;159,38
23/04/2020;19,51;15,05;16;24,2;12,11;22,05;3,3;12,97;16,4;27,8;162,7
24/04/2020;18,55;13,6;14,01;23,11;10,67;20,88;3,42;12,1;17,6;27,55;168,59
27/04/2020;20,56;12,33;14,25;23,4;10,92;21,57;3,52;12,31;17,1;27,19;171,55
28/04/2020;20,31;12,7;16,06;23,41;12,19;23,35;3,58;12,75;16,370001;28,56;166,08
29/04/2020;20,38;14,5;17,08;23,29;13,34;23,66;3,75;13,15;17,49;28,44;165,43
30/04/2020;19,39;13,87;15,91;22,8;12,4;22,77;3,7;12,47;18,51;27,35;166,4
04/05/2020;18,4;12,97;14,83;21,71;11,15;21,89;3,62;12;18,73;27,11;165,75
05/05/2020;18,34;13,24;14,85;21,52;11,78;22,7;3,71;13,04;17,950001;27,52;169
06/05/2020;18,31;12,35;14,35;21,6;11,52;22,24;3,73;13,06;18,52;27,8;171,16
07/05/2020;18,41;11,81;13,34;20,98;10,75;21,44;3,82;14,13;18,75;27,49;177,15
08/05/2020;18,74;11,2;13,6;20,66;11;22,32;3,84;14,48;18,530001;27,23;176,8
11/05/2020;20,85;11,6;13,19;19,86;10,54;22,38;4,21;13,86;18,700001;27;179,5
12/05/2020;20,37;11,22;13,06;20;10;21,61;4,4;13,88;19,379999;26,75;177,45
13/05/2020;22,85;10,91;12,59;19,61;10,07;21,6;4,5;13,9;19,379999;26,31;175,18
14/05/2020;23,06;10,42;13,63;20,83;10,43;22,55;4,37;13,7;18,959999;26,22;174,72
15/05/2020;22,66;10,51;12,65;20,15;10,86;21,63;4,74;13,75;17,950001;27,46;176,55
18/05/2020;21,74;11;13,53;20,7;12,43;22,67;4,52;14,12;18;27,59;177,98
19/05/2020;22;12,57;13,39;19,96;11,65;21,69;4,5;13,99;18,75;28,04;177,54
20/05/2020;22,47;12,72;14;20,87;12,68;21,6;4,15;14,75;19,49;27,21;178,23
21/05/2020;21,8;13,27;15,54;22,08;12,5;22,84;4,15;14,4;19,66;27,2;173,52
22/05/2020;21,76;12,69;14,88;22,23;12,23;22,96;4,05;14,47;20,08;27,78;173,2
25/05/2020;21,75;13;16,73;23;12,6;23,96;3,97;14,8;19,629999;28,44;176,5
26/05/2020;22,5;14,45;16,15;23,1;12,29;23,01;4;15,8;20,459999;28,5;168,83
27/05/2020;23,25;13,74;17,5;23,35;12,37;23,73;4;16,72;20,85;28,41;169,38
28/05/2020;23,21;15,2;17,5;22,86;12,24;23,31;4;16,81;20,610001;28,48;172,35
29/05/2020;23,13;14,75;16,95;23,35;12,03;23,04;4,07;16,33;20,49;28,59;170,6
01/06/2020;23,67;14,16;17,08;23,99;13,06;23,66;4;16;20,32;28,61;174,02
02/06/2020;23,35;16,21;18,2;25,61;15,11;25,25;4,03;16,15;20,67;29;169,8
03/06/2020;22,65;19,45;20,89;25,85;17,59;25,92;4,12;15,72;21,309999;29,21;167,9
04/06/2020;23,45;19,7;20,95;25,2;17,04;26,67;4,07;15,41;22,360001;28,52;168,45
05/06/2020;22,7;21;20,68;25,79;18,7;27,26;4,01;15,5;22,02;28,66;168,06
08/06/2020;23,25;22;22,15;26,06;23,99;28,36;4,02;15;23;29,01;165,89
09/06/2020;23,07;22,11;21,43;25,59;22,4;27,8;3,95;15,3;23,33;28,94;165,62
10/06/2020;22,52;25;20,89;25,38;20,24;26,59;3,99;15,75;22,84;28,92;166,92
12/06/2020;21,56;21,5;20,34;24,91;18,54;26,06;4;15,71;22,879999;28,49;162,2
15/06/2020;21,2;19,7;20,75;24,78;19,51;25,45;3,95;15,71;21,049999;28,14;165,85
16/06/2020;22,1;21,95;20,94;25;19,16;26,18;3,92;16,65;20,58;29,01;173,12
17/06/2020;22,49;20,2;22,35;26,19;18,89;26,51;3,98;16,6;22,18;28,46;172,92
18/06/2020;22,36;19,18;22,35;26;18,66;27,55;3,91;16,8;22,32;28,61;177,05
19/06/2020;22,45;20,2;22,77;25,11;18,38;28,09;3,96;17,75;22,059999;29,13;173,9
22/06/2020;22,01;20,01;22,86;24,8;17,95;27,22;4,11;17,91;22,99;29,06;173,8
23/06/2020;22,18;20,09;23,47;25,15;19,9;26,86;4,2;17,89;22,49;29,13;171,15
24/06/2020;21,87;19,27;22,64;24,56;18,24;25,84;4,1;17,55;22,16;28,55;171,79
25/06/2020;21,99;18,75;23,15;24,94;19,15;26,15;4,1;17,48;22,4;28,3;173,92
26/06/2020;21,45;18,22;21,92;24,36;18,33;25,71;4,2;17,37;21,84;28,34;174,03
29/06/2020;20,87;18,05;22,97;24,61;18,8;26,48;4,19;17,54;22,1;28,11;172,86
30/06/2020;21,26;18,14;22,85;24,59;18,55;25,45;4,3;17,46;22,08;28,65;175
01/07/2020;20,5;18,45;24,57;24,92;19,02;26,1;4,14;18;22,17;28,48;174,6
02/07/2020;20,4;18,82;24,56;24,65;18,87;26,55;4,16;18,19;22,5;28,76;176,5
03/07/2020;20,19;18,13;25,32;24,79;19,56;26,5;4,27;17,55;22,74;28,52;NA
06/07/2020;21,15;18,92;25,6;24,98;20,17;27,73;4,23;18,2;22,549999;28,87;NA
07/07/2020;20,5;20,3;25,61;25,74;20,15;26,37;4,29;17,98;22,98;28,5;NA
08/07/2020;20,91;19,24;26,74;26,27;19,84;26,94;4,21;18,81;22,959999;28,46;178,37
09/07/2020;20,7;17,77;26,9;25,7;19,71;26,95;4,2;19,25;23;28,87;177,94
10/07/2020;20,6;18,16;28,03;25,44;20,9;27,2;4,3;19,82;23,450001;28,6;178,92
13/07/2020;20,08;20,94;26,54;25,63;20,17;26,8;4,24;20,15;22,780001;28,58;179,66
14/07/2020;20,1;21,75;26,88;25,63;20,52;27,25;4,18;20,19;23,17;28,45;180,4
15/07/2020;20,31;21,09;26,69;26,37;21,95;27,44;4,1;20,33;22,84;28,4;182,98
16/07/2020;20,15;21,45;26,15;25,81;21,03;26,98;4,2;20,28;23,969999;28,39;180,37
17/07/2020;20,68;22,33;27,61;25,9;20,8;27,22;4,25;20,13;23,98;28,12;182,68
20/07/2020;21,25;21,8;28,03;25,51;20,62;27,3;4,2;20,59;23,700001;28,27;183
21/07/2020;20,89;21,9;27,44;25,25;20,66;27,78;4,27;22,18;23,639999;28,32;178,8
22/07/2020;20,58;22,57;27,34;24,95;20;27,07;4,35;21;23,9;28,31;175,64
23/07/2020;20,4;21,99;26,36;24,29;19,1;26,5;4,35;21,27;23,889999;28,37;177,81
24/07/2020;20,33;20,94;25,84;24,43;18,84;26,47;4,35;19,97;23,6;28,17;176,52
27/07/2020;20,12;20,65;25,98;24,3;18,52;27,8;4,35;20,16;23,27;28,53;175,77
28/07/2020;21,3;20,84;25,66;24,54;19,08;27,64;4,43;19,83;23,440001;28,7;174,86
29/07/2020;21,86;21,4;26,9;24,89;18,45;28,29;4,42;20,24;23,59;29,07;177,79
30/07/2020;21,2;21,3;27,62;25,63;18,55;27,81;4,37;19,8;23,549999;28,82;176,31
31/07/2020;20,7;21,38;27,42;25,61;17,91;26,89;4,33;21,05;23,549999;29,37;180,16
03/08/2020;20,63;20,8;26,75;26,44;17,63;27,28;4,34;20,3;23,450001;29,16;184,6
04/08/2020;20,39;19,77;25,89;26,1;17,65;25,69;4,28;20,36;22,969999;28,51;184,35
05/08/2020;20,66;19,14;26,23;26,2;17,63;25,67;4,33;20,83;22,129999;28,75;185,8
06/08/2020;21,91;19,9;26,2;25,9;18,6;26,03;4,3;21;22,75;28,5;188,35
07/08/2020;22,42;19,46;25,84;26,04;17,97;25,48;4,63;21,3;23,780001;28,81;191,4
10/08/2020;21,92;19,06;25,62;25,98;17,98;25,81;4,67;21,55;23,559999;28,94;193,75
11/08/2020;22,37;19,34;25,09;25,96;19,5;25,51;4,74;20,67;23,41;29,04;190,15
12/08/2020;22,7;20,46;24,4;25,16;18,75;25,22;4,75;20,33;24,27;28,77;193,6
13/08/2020;20,93;19,7;23,91;25,02;18,23;24,5;4,93;20,15;24;28,91;190,85
14/08/2020;20,7;18,98;24,36;24,76;18,68;24,73;4,98;20,15;24,1;28,92;193,2
17/08/2020;20,98;19,49;23,5;24,36;17,55;24,14;5,15;20,63;23,299999;29,48;196,3
18/08/2020;21,09;19,3;24,33;24,99;18,14;24,24;5,14;21,38;23,219999;28,61;195,65
19/08/2020;20,83;19,34;23,55;24,75;17,75;24,12;5,27;22,25;23,549999;28,33;197,2
20/08/2020;20,59;18,6;24,43;24,68;17,7;24,12;5,57;22,04;23,6;28,32;198,15
21/08/2020;20,52;19,18;24,66;24,98;17,71;24,08;5,86;21,74;23,17;28,48;201,3
24/08/2020;20,37;20,09;24,2;25;18,34;24,48;5,65;22,05;23,15;28,56;202,03
25/08/2020;20;20,15;24,1;25,45;18,09;24,3;5,76;21,98;23,379999;28,31;200,32
26/08/2020;19,6;19,72;23,65;25,12;17,55;23,79;5,6;22,03;23,690001;28,39;206,02
27/08/2020;19,7;18,9;23,56;25,27;18,3;24,18;5,47;22,61;23,32;28,26;205,08
28/08/2020;19,92;19,14;25,3;25,83;18,98;24,43;5,55;23,13;22,82;28,37;200,42
31/08/2020;19,59;19,06;24,11;26,1;17,89;23,55;5,51;23,63;22,75;28,41;202,82
01/09/2020;19,88;18,44;24,53;26,49;18,82;24,34;5,55;23,55;22,91;28,38;199,76
02/09/2020;20,45;18,77;24,31;28,24;18,86;24,29;5,44;23,98;22,65;28,64;202,16
03/09/2020;19,86;18,7;24,3;27,7;19,27;24,88;5,58;23,45;23,43;28,67;193,05
04/09/2020;19,98;18,15;23,85;28,49;19,98;24,96;5,41;22,36;23,110001;28,39;191,03
08/09/2020;19,85;18,04;23,95;28,46;20,39;24,4;5,41;21,76;23,299999;28,32;189
09/09/2020;19,88;18,16;24,48;28,71;19,84;24,43;5,4;22,26;22,879999;29;190,36
10/09/2020;20,62;17,71;24,04;28,62;20,25;23,91;5,27;22,84;22,76;29,44;187,73
11/09/2020;20,1;17,3;23,66;27,77;19,76;23,63;5,21;22,34;22,82;29,02;188,4
14/09/2020;20,74;17,19;24,61;29;21,2;24,05;5,21;22,3;22,059999;28,56;188,68
15/09/2020;21,61;17,79;24,46;29,17;20,86;23,73;5,11;22,85;22,07;28,63;190
16/09/2020;21,35;17,54;24,01;29,7;21,57;23,66;5,18;22,46;22,17;28,64;187,53
17/09/2020;21,36;18;23,63;29,52;21,11;23,69;5,44;22,15;22,08;28,63;185,7
18/09/2020;20,94;17,76;23,02;29,32;20,1;23,1;5,28;21,9;21,719999;28,61;188,76
21/09/2020;20,52;16,78;22,81;29,23;18,4;22,9;5,38;21,31;22,190001;28,21;186,21
22/09/2020;20,38;16,52;23,53;28,95;18,18;23,1;5,37;22,4;21,629999;28,37;191,42
23/09/2020;19,8;16,3;22,88;27,89;17,86;22,48;5,19;22,37;21,32;28,31;190,94
24/09/2020;19,82;16,81;23,42;27,85;17,94;23,03;5,09;21,73;21,27;28,27;188,6
25/09/2020;19,59;17;23,6;27,32;17,84;22,91;5,05;22,1;20,780001;28,5;NA
28/09/2020;18,72;16,99;22,58;26,26;17,47;22,9;5,03;22,9;20,690001;28,39;199,34
29/09/2020;18,21;16,35;22,4;26,62;16,47;22,4;5,29;21,89;20,84;27,96;197,92
30/09/2020;18,38;15,72;23,24;26,48;17,08;22,5;5,05;22,03;20,15;28;199,58
01/10/2020;18,51;15,9;24,3;26,61;17,9;22,52;5,08;22,33;19,75;28,06;201,38
02/10/2020;18,04;15,49;23,44;26,32;17,39;22,59;5,05;22,76;19,799999;28,12;200,79
05/10/2020;18,02;14,86;23,56;27,21;17,66;22,83;5,12;22,25;19,799999;28,11;200,09
06/10/2020;17,91;14,5;24,3;27,86;18,95;22,87;4,98;22,75;19,5;28,2;198,25
07/10/2020;17,7;15,96;24,5;27,45;18,3;22,7;5,02;22,42;20,530001;28,08;202,84
08/10/2020;17,93;15,09;25,08;28,1;18,51;24,07;4,98;22,45;20,09;28,18;203,07
09/10/2020;17,45;14,97;26,23;27,72;19,11;24;5,06;22,98;20,18;28,08;203,32
13/10/2020;18,09;15,57;26,42;28,06;19,16;23,77;5,16;24,88;20,440001;28,08;207
14/10/2020;18,63;15,64;26,01;28,4;19,62;23,7;5,04;26,5;19,98;28,02;206,7
15/10/2020;18,57;15,17;26,29;28,08;19,53;23,49;5,18;25,02;20,120001;28;206,08
16/10/2020;18,84;15,43;25,68;27,77;19,05;23,11;5,15;25,76;19,65;28,05;207,22
19/10/2020;18,15;15,16;25,82;27,81;19,91;23,36;5,18;26,11;19,799999;28,32;202,38
20/10/2020;18,58;15,43;26,73;28,1;19,72;24,29;5,3;25,8;19,42;28,61;203,79
21/10/2020;18,26;15,49;26,96;28,1;19,41;24,51;5,13;26;19,559999;28,71;204,74
22/10/2020;18,82;15,11;26,53;28,25;19,6;25,77;5,2;26,35;20,16;28,62;203,75
23/10/2020;18,37;14,9;26,24;27,87;19,68;25,51;5,13;26,1;20,17;28,64;206,53
26/10/2020;17,94;15,01;25,42;27,74;18,96;25,62;5,16;25,8;20,85;28,6;201,1
27/10/2020;17,43;14,48;24,69;27,97;18,6;24,89;5,28;25,53;20,290001;28,66;203,02
28/10/2020;17;13,84;23,23;26,25;16,92;23,78;5,11;24,8;20,200001;28,6;199,31
29/10/2020;16,92;12,63;23,76;27,43;16,61;23,9;5,02;24,4;19,379999;28,43;202,35
30/10/2020;16,78;12,58;22,79;27,35;15,69;23,48;4,78;25,15;18,530001;28,39;198,86
03/11/2020;17,08;12,7;22,84;26,98;15,62;24,04;4,8;25,28;19,1;28,55;204
04/11/2020;17,24;12,06;24,5;27,18;15,87;25;4,81;25,4;19,549999;28,47;206,78
05/11/2020;17,71;12,56;25,91;29,01;17,44;25,59;4,84;26,88;20,049999;29,35;206,62
06/11/2020;17,71;12,99;26,14;28,5;17,65;25,67;4,89;27;20,07;29,49;199,91
09/11/2020;18,5;15,12;25,89;28,14;21,05;27,63;4,88;28,15;19,629999;30,71;206,34
10/11/2020;19,6;14,98;26,3;27,49;20,78;28,88;4,85;26,01;21,01;30,35;201,78
11/11/2020;19,28;14,75;26,12;26,95;20,26;28,64;4,75;25,4;22,1;30,61;204,15
12/11/2020;19,23;14,27;24,78;26,5;19,06;27,94;4,7;25,53;23,76;31,26;204,04
13/11/2020;19,82;13,95;25,65;27,22;19,43;28,38;4,66;25,76;23,35;32,2;207,97
16/11/2020;19,98;14,8;26,27;27,55;21,22;29,47;4,74;25,3;22,700001;33,5;207,3
17/11/2020;20,68;14,58;27,04;27,46;21,28;29,49;4,92;24,75;23,790001;31,89;204,42
18/11/2020;21,32;16,5;25,91;27,03;21,94;28,77;4,9;24,7;23,65;32,16;202,5
19/11/2020;20,79;15,82;26,58;27,33;23,02;28,81;4,73;24,53;24,51;32,3;200,37
23/11/2020;22,03;16,4;26,09;27,26;22,71;28,9;4,78;24,3;24,299999;32,78;205,38
24/11/2020;22,37;16,48;26,28;27;23,47;29,71;4,77;23,37;24,75;32,36;206,78
25/11/2020;22,3;16,35;26,84;27,04;23,56;29,36;4,74;23,67;26,030001;32,77;204,03
26/11/2020;21,95;17,8;26,4;26,9;23,24;28,74;4,73;23,9;26,709999;32,83;NA
27/11/2020;21,94;18,26;27,35;26,89;23,09;29,3;4,69;24,32;26,41;33,09;209
30/11/2020;22,03;17,93;27,06;26,56;23,52;28,56;4,85;24,2;26,43;33,02;204,41
;;;;;;;5,07;;25,709999;;
;;;;;;;5,1;;25,98;;
;;;;;;;5,21;;26,290001;;
;;;;;;;5,05;;26,870001;;
;;;;;;;4,95;;27,709999;;
;;;;;;;4,94;;28;;
;;;;;;;4,87;;27,32;;
;;;;;;;4,85;;27,23;;