Date;Open;High;Low;Close;Adj Close;Volume
01/12/15;8,09;8,095;7,9;7,95;6,036798;216400
02/12/15;7,95;8,05;7,895;7,96;6,044391;261200
03/12/15;8,085;8,13;7,95;8;6,074765;568000
04/12/15;7,975;8,075;7,93;8;6,074765;174800
07/12/15;7,995;8,04;7,945;8;6,074765;113000
08/12/15;7,925;8;7,91;7,91;6,006423;145000
09/12/15;8;8,055;7,925;7,975;6,05578;224000
10/12/15;7,93;8,03;7,805;7,805;5,926692;104200
11/12/15;7,8;7,835;7,65;7,725;5,865945;263600
14/12/15;7,76;7,795;7,5;7,5;5,695092;178400
15/12/15;7,59;7,63;7,525;7,6;5,771027;727600
16/12/15;7,55;7,725;7,53;7,725;5,865945;253200
17/12/15;7,735;7,785;7,66;7,66;5,816587;204400
18/12/15;7,62;7,645;7,32;7,625;5,79001;446800
21/12/15;7,56;7,63;7,39;7,4;5,619158;578400
22/12/15;7,425;7,67;7,35;7,55;5,733059;237000
23/12/15;7,595;7,63;7,49;7,5;5,695092;355600
28/12/15;7,5;7,55;7,4;7,475;5,676108;521200
29/12/15;7,5;7,675;7,5;7,675;5,827978;118800
30/12/15;7,695;8;7,64;8;6,074765;487000
04/01/16;7,85;7,895;7,58;7,625;5,79001;534600
05/01/16;7,71;7,725;7,435;7,715;5,858352;801200
06/01/16;7,655;7,78;7,635;7,675;5,827978;503400
07/01/16;7,64;7,705;7,505;7,685;5,83557;566000
08/01/16;7,695;7,725;7,475;7,715;5,858352;456800
11/01/16;7,715;7,765;7,63;7,67;5,824182;206200
12/01/16;7,79;7,875;7,51;7,51;5,702685;218200
13/01/16;7,55;7,66;7,475;7,525;5,714076;234400
14/01/16;7,505;7,65;7,465;7,525;5,714076;201600
15/01/16;7,595;7,595;7,5;7,5;5,695092;236800
18/01/16;7,52;7,575;7,26;7,26;5,512849;157800
19/01/16;7,27;7,5;7,26;7,5;5,695092;305800
20/01/16;7,37;7,425;7,265;7,4;5,619158;303600
21/01/16;7,265;7,385;7,2;7,27;5,520443;366200
22/01/16;7,24;7,27;7,11;7,175;5,448305;396600
26/01/16;7,175;7,285;7;7,035;5,341997;417000
27/01/16;7,055;7,155;7,03;7,125;5,410337;244000
28/01/16;7,105;7,195;7,035;7,035;5,341997;227200
29/01/16;7,095;7,345;7,095;7,3;5,543223;664800
01/02/16;7,295;7,5;7,235;7,47;5,67231;528600
02/02/16;7,455;7,53;7,4;7,45;5,657124;125800
03/02/16;7,45;7,465;7,255;7,35;5,58119;298600
04/02/16;7,33;7,42;7,185;7,185;5,455899;251200
05/02/16;7,25;7,445;7,205;7,325;5,562206;314600
10/02/16;7,2;7,455;7,17;7,21;5,474881;449600
11/02/16;7,2;7,245;7,1;7,17;5,444507;229000
12/02/16;7,2;7,25;7,1;7,25;5,505256;59400
15/02/16;7,25;7,495;7,205;7,495;5,691295;363200
16/02/16;7,475;7,605;7,35;7,605;5,774823;538800
17/02/16;7,53;7,625;7,52;7,55;5,733059;238400
18/02/16;7,555;7,625;7,48;7,56;5,740654;303400
19/02/16;7,57;7,655;7,555;7,625;5,79001;437600
22/02/16;7,75;7,85;7,695;7,695;5,843164;446400
23/02/16;7,7;7,78;7,665;7,73;5,869741;295200
24/02/16;7,66;7,775;7,45;7,725;5,865945;145000
25/02/16;7,6;8,05;7,465;7,955;6,040594;702400
26/02/16;8;8,05;7,95;7,95;6,036798;185600
29/02/16;7,995;8,15;7,96;8,15;6,188666;326400
01/03/16;8,17;8,17;8,005;8,06;6,120326;1668000
02/03/16;8,1;8,54;8,02;8,525;6,473421;894800
03/03/16;8,43;8,75;8,43;8,75;6,644274;434400
04/03/16;8,755;9,225;8,755;9;6,834111;1494200
07/03/16;9,135;9,185;8,995;9,025;6,853094;633400
08/03/16;9,03;9,265;8,95;9,225;7,004963;1036000
09/03/16;9,27;9,395;9,21;9,395;7,134053;794000
10/03/16;9,47;9,83;9,41;9,725;7,384636;576200
11/03/16;9,765;9,96;9,585;9,825;7,46057;495000
14/03/16;10,095;10,29;9,86;9,95;7,555488;478800
15/03/16;9,8;9,97;9,685;9,875;7,498538;957200
16/03/16;9,875;9,96;9,55;9,74;7,396027;792600
17/03/16;10,055;10,27;9,63;9,655;7,331482;548400
18/03/16;9,74;9,835;9,45;9,725;7,384636;658600
21/03/16;9,98;10,16;9,655;10,005;7,597253;604000
22/03/16;10,05;10,45;10,015;10,32;7,836446;638400
23/03/16;10,205;10,575;10,065;10,5;7,973128;1234400
24/03/16;10,485;10,485;10,2;10,285;7,809868;763800
28/03/16;10,39;10,755;10,25;10,365;7,870615;724600
29/03/16;10,38;10,675;10,295;10,35;7,859229;1086000
30/03/16;10,45;11,28;10,31;10,85;8,2389;1242600
31/03/16;10,75;11,005;10,49;10,775;8,181948;785400
01/04/16;10,65;10,89;10,435;10,515;7,984519;592600
04/04/16;10,35;10,87;10,33;10,715;8,136388;1540400
05/04/16;10,76;11,19;10,66;11,12;8,443921;494800
06/04/16;11,175;11,175;10,865;10,95;8,314834;569800
07/04/16;10,82;11,375;10,82;11,15;8,466705;572200
08/04/16;11,255;11,385;11,075;11,3;8,580605;640400
11/04/16;11,3;11,455;10,92;10,95;8,416635;659800
12/04/16;11,005;11,1;10,865;11;8,455068;432800
13/04/16;11,06;11,13;10,66;10,78;8,285964;807600
14/04/16;10,72;10,845;10,305;10,6;8,147609;1480200
15/04/16;10,46;11,33;10,365;10,965;8,428164;1484800
18/04/16;10,885;11,22;10,79;11,17;8,585736;1334400
19/04/16;11,105;11,82;10,95;11,59;8,908565;910800
20/04/16;11,585;11,925;11,29;11,57;8,893193;606000
22/04/16;11,63;11,86;11,125;11,7;8,993116;616000
25/04/16;11,49;11,685;11,265;11,425;8,781741;769800
26/04/16;11,425;11,585;10,835;11,15;8,570364;1139200
27/04/16;11,25;11,59;11,01;11,25;8,647226;789200
28/04/16;11,26;11,87;11,19;11,75;9,031548;1624000
29/04/16;11,75;12,49;11,475;12,49;9,600342;1409000
02/05/16;12,365;12,835;12,225;12,835;9,865523;1351200
03/05/16;12,655;12,655;12,385;12,44;9,561912;2460600
04/05/16;12,425;12,425;11,82;12,17;9,354377;1144400
05/05/16;12,295;12,295;11,935;12,06;9,269828;601200
06/05/16;11,885;12,1;11,885;12,08;9,285201;1351800
09/05/16;12,255;12,255;11,75;12;9,223706;814000
10/05/16;12;12,675;11,94;12,505;9,611873;2432400
11/05/16;12,6;12,75;12,39;12,5;9,60803;1027200
12/05/16;12,655;12,67;12,32;12,545;9,642619;1075400
13/05/16;12,7;12,7;12,33;12,5;9,60803;2009600
16/05/16;12,45;12,765;12,415;12,715;9,773288;1188400
17/05/16;12,79;12,925;12,605;12,745;9,796346;1080400
18/05/16;12,745;13,345;12,58;13,05;10,030783;1034200
19/05/16;13,04;13,245;12,855;12,95;9,953918;996600
20/05/16;13,015;13,18;13,01;13,18;10,130707;906400
23/05/16;13,05;13,455;12,56;13,35;10,261375;1050600
24/05/16;13,43;13,43;13,115;13,25;10,184513;2102400
25/05/16;13,195;13,525;13,08;13,4;10,299808;950400
27/05/16;13,47;13,49;13,205;13,25;10,184513;492000
30/05/16;13,275;13,325;12,925;12,925;9,934703;673800
31/05/16;12,84;13,105;12,81;12,975;9,973137;1113000
01/06/16;12,875;13,105;12,855;13,005;9,996194;1067600
02/06/16;13,02;13,175;12,96;13,15;10,107647;986800
03/06/16;13,335;13,49;13,205;13,455;10,342082;909600
06/06/16;13,55;13,735;13,44;13,545;10,411261;958800
07/06/16;13,535;13,75;13,475;13,625;10,472752;609800
08/06/16;13,72;13,74;13,545;13,675;10,511184;868800
09/06/16;13,55;13,65;13,475;13,62;10,468908;407000
10/06/16;13,5;13,5;13,29;13,475;10,357457;508800
13/06/16;13,425;13,535;13,31;13,45;10,338242;496000
14/06/16;13,39;13,425;13,215;13,265;10,19604;886600
15/06/16;13,325;13,325;13,11;13,225;10,165296;705200
16/06/16;13,18;13,25;12,96;13,2;10,146079;1106400
17/06/16;13,1;13,39;13,1;13,355;10,265219;1125600
20/06/16;13,41;13,525;13,08;13,125;10,08843;901400
21/06/16;13,12;13,255;13,01;13,13;10,092275;1081000
22/06/16;13,175;13,305;13,1;13,15;10,107647;629000
23/06/16;13,25;13,59;13,16;13,29;10,215257;717000
24/06/16;12,97;13,235;12,905;13,195;10,142236;499800
27/06/16;13,16;13,495;13,1;13,285;10,211414;439400
28/06/16;13,39;13,75;13,275;13,45;10,338242;1102200
29/06/16;13,355;13,675;13,355;13,505;10,380514;1201600
30/06/16;13,585;13,82;13,44;13,75;10,568833;1211800
01/07/16;13,675;13,715;13,195;13,3;10,222943;1994800
04/07/16;13,325;13,39;13,05;13,15;10,107647;2961200
05/07/16;13,01;13,18;12,93;13,09;10,061527;825600
06/07/16;13,09;13,325;12,95;13,11;10,0769;682400
07/07/16;13,11;13,32;12,915;13,02;10,007725;2394800
08/07/16;13,02;13,745;13,02;13,455;10,342082;1265800
11/07/16;13,605;13,99;13,445;13,935;10,711033;1793000
12/07/16;14;15,205;14;14,55;11,183746;2466800
13/07/16;14,61;15,07;14,44;15,07;11,58344;2101000
14/07/16;15,195;15,58;15,015;15,365;11,810188;1200400
15/07/16;15,365;15,5;15,2;15,355;11,802503;1323000
18/07/16;15,595;15,595;15,195;15,295;11,756385;1571200
19/07/16;15,23;15,95;15,225;15,675;12,048468;2220200
20/07/16;15,895;15,905;15,105;15,135;11,633404;1784600
21/07/16;15,245;15,375;15,015;15,1;11,606502;1616200
22/07/16;15,1;15,325;14,97;15,175;11,664147;1139400
25/07/16;15,095;15,24;14,92;15,125;11,625716;708000
26/07/16;15,125;15,295;15;15,2;11,683364;647000
27/07/16;15,175;15,465;15,145;15,325;11,779445;1451400
28/07/16;15,2;15,565;15,14;15,495;11,910112;1875800
29/07/16;15,9;16,09;15,37;15,61;11,998507;2359200
01/08/16;15,7;15,86;15,54;15,625;12,010037;1952800
02/08/16;15,745;15,835;15,54;15,7;12,067685;1299400
03/08/16;15,68;16,99;15,48;16,35;12,732133;1986200
04/08/16;16,535;17,07;16,290001;16,805;13,086451;1500200
05/08/16;16,805;17,035;16,610001;17;13,238301;1027600
08/08/16;17,1;17,27;16,799999;17,26;13,440771;1580800
09/08/16;17,299999;17,700001;17,105;17,700001;13,783408;1086800
10/08/16;17,700001;18,049999;17,299999;17,690001;13,775622;2154800
11/08/16;17,780001;17,875;17,475;17,559999;13,674389;715400
12/08/16;17,5;18,110001;17,5;17,91;13,946939;814600
15/08/16;17,985001;18,305;17,775;17,885;13,927474;1061200
16/08/16;17,885;18,645;17,67;18,200001;14,172772;1119000
17/08/16;18,110001;18,365;17,945;18,365;14,30126;576000
18/08/16;18,334999;19,084999;18,205;19,025;14,815217;1583400
19/08/16;19,065001;19,065001;18,540001;18,709999;14,56992;645400
22/08/16;18,52;18,799999;18,299999;18,65;14,523198;1007200
23/08/16;18,834999;18,889999;18,344999;18,5;14,40639;868400
24/08/16;18,334999;18,955;18,334999;18,469999;14,383024;1233800
25/08/16;18,385;18,75;18,385;18,625;14,503729;816800
26/08/16;18,709999;19,049999;18,629999;18,754999;14,604961;1379800
29/08/16;18,844999;18,895;18,665001;18,785;14,628324;586800
30/08/16;18,790001;19,27;18,705;19,115;14,885305;1133200
31/08/16;19,125;19,33;19,055;19,115;14,885305;1832800
01/09/16;19,08;19,200001;18,344999;18,705;14,566026;1072000
02/09/16;18,715;19;18,620001;19;14,795752;1388000
05/09/16;19,040001;19,495001;18,85;19,495001;15,181219;633800
06/09/16;19,440001;20,18;19,35;19,99;15,566686;1814600
08/09/16;19,995001;20;19,665001;19,799999;15,418729;609200
09/09/16;19,74;20,18;19,6;19,940001;15,52775;1304400
12/09/16;19,924999;20,1;19,639999;19,924999;15,516069;1302400
13/09/16;19,965;20,049999;19,405001;19,9;15,4966;910400
14/09/16;19,860001;20,004999;19,57;19,84;15,449876;531400
15/09/16;19,84;19,84;18,76;18,85;14,678943;1836200
16/09/16;18,764999;18,93;18,405001;18,93;14,741239;1116800
19/09/16;18,93;19,125;18,805;18,85;14,678943;816600
20/09/16;18,825001;18,995001;18,635;18,65;14,523198;348400
21/09/16;18,84;19,535;18,84;19,25;14,990431;1688200
22/09/16;19,555;19,84;19,405001;19,75;15,379793;1937600
23/09/16;19,67;19,865;19,049999;19,25;14,990431;959600
26/09/16;19,264999;19,360001;19,030001;19,16;14,920345;573200
27/09/16;19,35;19,969999;19,200001;19,415001;15,11892;1378200
28/09/16;19,440001;19,799999;19,32;19,75;15,379793;1046400
29/09/16;19,805;19,945;19,32;19,32;15,044943;1027200
30/09/16;19,32;19,65;19,174999;19,174999;14,932027;856600
03/10/16;19,219999;19,65;19,219999;19,65;15,301919;763200
04/10/16;19,65;19,77;19,555;19,65;15,301919;580400
05/10/16;19,415001;19,795;19,105;19,129999;14,896984;1121400
06/10/16;19,24;19,775;19,195;19,655001;15,305816;1242000
07/10/16;19,629999;19,639999;19,155001;19,299999;15,029363;1045800
10/10/16;19,455;19,719999;19,455;19,594999;15,259089;821600
11/10/16;19,504999;19,940001;19,5;19,6;15,262984;889200
13/10/16;19,51;20,370001;19,51;20;15,574471;1539200
14/10/16;20,280001;20,280001;19,665001;19,870001;15,473241;832600
17/10/16;19,870001;20,545;19,540001;20,15;15,691282;1505600
18/10/16;20,15;20,32;19,65;20,25;15,769153;762800
19/10/16;20,49;20,49;19,65;19,9;15,4966;1484200
20/10/16;19,889999;20,200001;19,139999;19,465;15,157858;1173600
21/10/16;19,575001;20;19,42;19,715;15,352539;1521000
24/10/16;19,745001;20,195;19,745001;19,955;15,539433;1007400
25/10/16;19,85;19,855;19,405001;19,495001;15,181219;657200
26/10/16;19,485001;19,655001;19,25;19,395;15,103344;877000
27/10/16;19,395;19,754999;19,295;19,75;15,379793;1416200
28/10/16;20,5;21;20,195;20,5;15,963837;2369400
31/10/16;20,5;21,440001;20,5;21,125;16,450537;1947400
01/11/16;21;21,200001;20,625;20,684999;16,107899;722000
03/11/16;20,709999;21,075001;20,575001;20,575001;16,02224;662400
04/11/16;20,57;20,879999;19,75;19,754999;15,383686;1671000
07/11/16;20,049999;20,200001;19,4;19,799999;15,418729;2933600
08/11/16;19,83;19,955;19,450001;19,855;15,461556;1194200
09/11/16;19,65;20,235001;19,26;19,75;15,379793;1142600
10/11/16;19,934999;20,1;19;19,49;15,177323;1307600
11/11/16;19,49;19,815001;19,065001;19,5;15,185113;1830800
14/11/16;19,674999;19,700001;19,305;19,6;15,262984;1355400
16/11/16;19,745001;20,055;19,605;19,745001;15,3759;1224400
17/11/16;19,719999;21;19,674999;20,35;15,847026;598200
18/11/16;20,35;20,35;19,655001;19,775;15,399261;469400
21/11/16;19,975;20,15;19,395;19,825001;15,438199;992400
22/11/16;19,745001;19,959999;19,455;19,514999;15,196792;895000
23/11/16;19,620001;19,75;19,290001;19,295;15,025473;976600
24/11/16;19,295;19,620001;19,004999;19,325001;15,048836;251400
25/11/16;19,01;19,514999;19,004999;19,370001;15,083876;241600
28/11/16;19,385;19,795;19,299999;19,325001;15,048836;409600
29/11/16;19,34;19,355;18,895;18,995001;14,791856;748800
30/11/16;18,965;19,530001;18,674999;19,530001;15,208472;1336000
01/12/16;19,495001;19,5;18,475;18,475;14,386921;1610600
02/12/16;18,495001;18,82;18,23;18,65;14,523198;787800
05/12/16;18,815001;18,815001;18,25;18,35;14,289579;1231400
06/12/16;18,325001;18,82;18,290001;18,6;14,48426;932000
07/12/16;18,6;18,945;18,424999;18,424999;14,347983;1158400
08/12/16;18,58;19,48;18,58;19,299999;15,029363;1077600
09/12/16;19,83;20,795;19,620001;20;15,574471;1899200
12/12/16;19,945;19,950001;19,459999;19,559999;15,231835;713800
13/12/16;18,5;19,190001;18,26;19,01;16,592033;1035000
14/12/16;19,09;19,09;18,375;18,495001;16,142542;639200
15/12/16;18,565001;18,83;18,184999;18,565001;16,203632;754400
16/12/16;18,834999;19,035;18,235001;18,27;15,946159;2166800
19/12/16;18,455;18,455;17,559999;17,559999;15,326464;1475400
20/12/16;17,75;18,125;17,4;17,405001;15,191179;1241400
21/12/16;17,41;17,41;17,41;17,41;15,195541;1905800
22/12/16;17,41;17,625;17,315001;17,445;15,226093;1052600
23/12/16;17,5;17,605;17,275;17,35;15,143176;781400
26/12/16;17,360001;17,620001;17,200001;17,395;15,182454;152200
27/12/16;17,41;17,545;17,25;17,325001;15,121358;398200
28/12/16;17,395;17,975;17,34;17,705;15,453023;1197800
29/12/16;17,565001;17,84;17,459999;17,825001;15,557761;1039400
02/01/17;17,85;17,85;17,200001;17,35;15,143176;571000
03/01/17;17,299999;17,495001;17,139999;17,26;15,064622;1388400
04/01/17;17,235001;17,719999;17,235001;17,645;15,400655;1196400
05/01/17;17,605;18,42;17,605;18;15,710502;3237400
06/01/17;18,115;18,120001;17,775;18;15,710502;904400
09/01/17;17,834999;18,209999;17,809999;17,93;15,649403;768200
10/01/17;17,93;18,045;17,735001;17,905001;15,627584;1814000
11/01/17;18,014999;18,235001;17,805;17,98;15,693039;790200
12/01/17;18,115;18,445;17,875;17,875;15,601398;1537800
13/01/17;17,879999;17,975;17,799999;17,9;15,623219;1275000
16/01/17;17,91;18,395;17,875;18,26;15,937428;714600
17/01/17;18,209999;19,174999;18,17;18,924999;16,517843;1846600
18/01/17;18,92;19,195;18,6;18,905001;16,500391;1702400
19/01/17;18,91;18,98;18,530001;18,9;16,496027;1134800
20/01/17;18,77;19,120001;18,43;18,815001;16,421835;1324200
23/01/17;18,684999;18,9;18,48;18,735001;16,352011;767200
24/01/17;18,895;19,555;18,775;19,35;16,888784;1354600
26/01/17;19,445;19,76;19,059999;19,365;16,90188;1416600
27/01/17;19,25;19,715;18,969999;19,18;16,740412;920200
30/01/17;19,219999;19,415001;18,5;18,5;16,146902;2658600
31/01/17;18,52;19,190001;18,514999;18,99;16,574577;1464200
01/02/17;19,165001;19,219999;18,674999;18,860001;16,461113;1538800
02/02/17;18,955;19,094999;18,125;18,555;16,194906;1334000
03/02/17;18,545;18,6;18,360001;18,525;16,168722;644800
06/02/17;18,700001;19,15;18,58;18,98;16,565847;1119800
07/02/17;19,075001;19,24;18,745001;19,1;16,670586;1347200
08/02/17;19,215;19,92;19,025;19,825001;17,303368;1547800
09/02/17;19,745001;20,584999;19,584999;20,254999;17,678675;3099600
10/02/17;20,365;20,5;19,955;20,370001;17,779047;1101400
13/02/17;20,370001;21,055;20,25;20,875;18,219814;1638800
14/02/17;21,065001;21,07;20,459999;20,875;18,219814;1747800
15/02/17;20,875;20,995001;20,57;20,684999;18,053984;2375400
16/02/17;20,674999;20,674999;20,15;20,639999;18,014706;1661200
17/02/17;20,68;20,84;20,41;20,629999;18,005978;1067200
20/02/17;20,629999;21,174999;20,629999;21,025;18,350737;739000
21/02/17;21,105;21,48;20,99;21,309999;18,599482;1355400
22/02/17;21,309999;21,674999;20,950001;21,4;18,67804;1831200
23/02/17;21,424999;22;21,42;21,844999;19,066435;1464000
24/02/17;21,825001;21,93;21,545;21,66;18,904966;1633200
01/03/17;21,66;22,195;21,555;21,775;19,005341;599400
02/03/17;21,955;22,385;21,424999;21,5;18,765318;1129800
03/03/17;21,334999;21,635;20,754999;21;18,328913;1204600
06/03/17;21,065001;21,205;20,51;21;18,328913;830400
07/03/17;21,275;21,434999;21,01;21,15;18,459835;775800
08/03/17;21,15;21,285;20,415001;20,844999;18,193632;687600
09/03/17;20,5;20,690001;20,4;20,690001;18,058346;1075600
10/03/17;20,75;20,795;19,68;20,299999;17,717951;1902000
13/03/17;20,275;21,004999;20,245001;20,950001;18,285275;1155600
14/03/17;20,9;21,385;20,584999;20,855;18,202354;1022000
15/03/17;20,754999;21,615;20,559999;21,275;18,980993;1123000
16/03/17;21,25;21,940001;21,235001;21,450001;19,137127;915600
17/03/17;21,450001;21,545;20,959999;21,18;18,896242;836400
20/03/17;21,18;21,18;20,665001;21,075001;18,802563;495000
21/03/17;21,075001;21,305;20,625;20,645;18,418928;847800
22/03/17;20,695;21,035;20,5;20,959999;18,699959;838800
23/03/17;20,940001;21,355;20,84;21;18,735647;1111000
24/03/17;20,809999;21,145;20,195;20,375;18,178038;1679000
27/03/17;20,415001;20,85;20,025;20,725;18,490303;1060200
28/03/17;20,709999;21,01;20,559999;20,799999;18,557213;551400
29/03/17;20,955;21,280001;20,6;21;18,735647;1073000
30/03/17;20,92;21,575001;20,9;21,075001;18,802563;1215200
31/03/17;21,09;21,295;20,985001;21,15;18,869474;1374600
03/04/17;21,254999;21,450001;20,860001;20,860001;18,610743;699400
04/04/17;20,924999;21,24;20,924999;21;18,735647;640200
05/04/17;21,01;22,035;20,9;21,549999;19,226343;1379000
06/04/17;21,555;21,754999;21,004999;21,24;18,949768;615200
07/04/17;21,045;22,059999;21,045;21,825001;19,471693;849600
10/04/17;21,965;22,014999;21,42;21,775;19,427084;669800
11/04/17;21,795;22,08;21,66;21,76;19,4137;598000
12/04/17;21,690001;21,99;21,315001;21,514999;19,195118;815000
13/04/17;21,51;22,184999;21,135;21,370001;19,065754;778000
17/04/17;21,475;22,799999;21,475;22,365;19,953466;1075400
18/04/17;22,495001;23,07;22,33;22,389999;19,975771;1338000
19/04/17;22,415001;22,815001;22,139999;22,25;19,850866;764000
20/04/17;22,254999;22,549999;22,1;22,549999;20,118515;435800
24/04/17;22,665001;23,25;22,27;22,51;20,082829;801200
25/04/17;22,51;23,495001;22,299999;23,495001;20,961622;878000
26/04/17;23,584999;23,6;23,030001;23,030001;20,546761;710200
27/04/17;23,18;23,645;23,065001;23,635;21,086527;783000
28/04/17;25,415001;26,605;25,415001;26,26;23,428482;2834800
02/05/17;26,004999;27,25;26;26,785;23,896875;1246800
03/05/17;27,045;27,705;26,700001;26,940001;24,03516;2365600
04/05/17;26,775;27,565001;26,639999;27,174999;24,24482;1573600
05/05/17;27,004999;29,059999;27,004999;28,674999;25,58308;1917800
08/05/17;28,674999;28,805;27,809999;28,25;25,203907;807000
09/05/17;28,25;29,014999;28,139999;28,844999;25,734751;1225000
10/05/17;29,395;29,49;28,75;29,075001;25,939951;1098800
11/05/17;28,965;29,5;28,68;29,200001;26,05147;1614800
12/05/17;29;29,434999;29;29,299999;26,140692;922000
15/05/17;29,68;29,68;28,915001;29,184999;26,038094;1560200
16/05/17;29,035;29,65;28,860001;29,145;26,002407;1509800
17/05/17;28,855;29,245001;28,85;28,924999;25,806128;851600
18/05/17;26,264999;29,15;26,264999;28,030001;25,007631;1073800
19/05/17;28,155001;29,045;27,764999;28,6;25,516169;1874600
22/05/17;28,565001;28,695;27,1;27,200001;24,267124;1515800
23/05/17;27;29,18;27;28,950001;25,828428;1524200
24/05/17;29;29,42;28,605;28,709999;25,614305;982200
25/05/17;28,299999;29,08;28,299999;28,690001;25,596466;725800
26/05/17;28,790001;29,629999;28,754999;29,110001;25,971178;1224000
29/05/17;29,110001;29,110001;29,110001;29,110001;25,971178;0
30/05/17;28,9;29,08;28,450001;28,629999;25,542933;1317000
31/05/17;28,74;28,860001;28,049999;28,385;25,324352;1143400
01/06/17;28,645;29,18;28,305;28,58;25,498327;1531800
02/06/17;28,75;29,045;28,23;28,955;25,83289;1030400
05/06/17;28,73;29,025;28,584999;28,655001;25,565239;573400
06/06/17;28,695;29,5;28,6;29,094999;25,957794;1098200
07/06/17;29,370001;29,549999;28,605;29,1;25,962259;1291400
08/06/17;29,105;29,315001;28,809999;29;25,873041;777000
09/06/17;28,905001;29,105;28,450001;28,700001;25,605389;1145400
12/06/17;28,700001;28,84;28,065001;28,275;25,226212;875200
13/06/17;28,1;28,58;28,055;28,23;25,186066;1000200
14/06/17;28,254999;28,440001;27,725;28,219999;25,177141;1070600
15/06/17;28,219999;28,219999;28,219999;28,219999;25,177141;0
16/06/17;28,219999;28,790001;27,870001;28,6;25,516169;2153200
19/06/17;28,465;28,780001;28,110001;28,75;25,649992;664600
20/06/17;28,450001;29,01;28,305;28,674999;25,58308;898600
21/06/17;28,68;28,959999;27,620001;27,84;24,838116;817800
22/06/17;27,865;27,885;26,77;27,200001;24,267124;1135800
23/06/17;27,045;27,275;26,625;27,125;24,200212;777000
26/06/17;27,215;27,674999;26,98;27,26;24,320656;428000
27/06/17;27,440001;28;26,889999;27,219999;24,284969;538100
28/06/17;27,25;27,65;26,58;26,75;23,865648;666800
29/06/17;26,84;27,059999;26,4;26,6;23,731821;807200
30/06/17;26,49;26,9;26,299999;26,799999;23,910257;477100
03/07/17;26,889999;27,09;25,73;26,25;23,419559;632100
04/07/17;26,24;26,24;25,549999;25,75;22,973473;675500
05/07/17;25,799999;26,629999;25,59;26,379999;23,535543;725800
06/07/17;26,379999;26,59;25,9;26,5;23,642605;937500
07/07/17;26,549999;27,209999;26,299999;26,91;24,008396;652900
10/07/17;27,09;27,379999;26,700001;27,35;24,400953;558500
11/07/17;27,35;27,799999;27,049999;27,6;24,623997;1157800
12/07/17;27,77;28,5;27,690001;28,43;25,3645;1380600
13/07/17;28,299999;29,459999;28,299999;29;25,873041;954900
14/07/17;29,139999;29,299999;28,5;28,99;25,864117;489600
17/07/17;29,190001;29,65;28,82;29,209999;26,060394;256400
18/07/17;29,299999;29,309999;28,860001;29,09;25,953333;376200
19/07/17;29,049999;29,25;28,5;28,959999;25,837351;510200
20/07/17;29,139999;29,360001;28,620001;29,25;26,096081;369100
21/07/17;29,33;30,290001;29,110001;29,85;26,631386;1142100
24/07/17;29,99;30,290001;29,57;29,799999;26,586779;748500
25/07/17;29,860001;30,280001;29,33;30;26,765211;1028100
26/07/17;30,1;30,190001;29,719999;29,950001;26,720604;681000
27/07/17;30,15;30,15;29,15;29,57;26,381578;624800
28/07/17;29,5;29,93;29,34;29,5;26,319126;814600
31/07/17;29,610001;30,059999;29,309999;30,030001;26,791975;1245800
01/08/17;29,99;30,15;29,35;29,35;26,185297;1093600
02/08/17;29,1;29,58;28,629999;29,34;26,34444;772500
03/08/17;29,17;29,67;29,09;29,25;26,26363;1319800
04/08/17;29,26;29,43;28,559999;28,799999;25,859573;859200
07/08/17;28,799999;29,4;28,700001;29,34;26,34444;649000
08/08/17;29,370001;29,440001;29,01;29,32;26,326483;328100
09/08/17;29,370001;29,4;28,799999;29,139999;26,164862;571300
10/08/17;29,209999;29,48;28,65;29;26,039158;659400
11/08/17;29,1;29,52;28,809999;29,17;26,191801;652800
14/08/17;29,440001;30,040001;29,299999;29,969999;26,910122;880300
15/08/17;30,049999;30,459999;29,200001;29,200001;26,218737;1056600
16/08/17;29,32;29,75;29,32;29,75;26,712582;829400
17/08/17;29,74;30;29,34;29,34;26,34444;313000
18/08/17;29,370001;29,67;28,76;29,309999;26,317505;734000
21/08/17;29,23;29,52;28,17;28,25;25,365726;944400
22/08/17;28,299999;28,4;27,92;28,1;25,231041;986200
23/08/17;28,1;29,16;28,049999;29,16;26,182821;735400
24/08/17;29,17;29,75;29,17;29,5;26,488108;843300
25/08/17;29,719999;29,73;29,190001;29,35;26,35342;358100
28/08/17;29,5;29,51;29,059999;29,299999;26,308521;315300
29/08/17;29,34;29,93;29,1;29,799999;26,757475;662200
30/08/17;29,82;30,57;29,41;30,4;27,296217;1076600
31/08/17;30,450001;32,200001;30,17;31,700001;28,46349;1721400
01/09/17;31,700001;32,27;30,51;30,790001;27,646399;1736100
04/09/17;30,9;31,110001;30,200001;30,75;27,610483;663100
05/09/17;30,99;31,5;30,57;30,85;27,700272;965400
06/09/17;31,07;31,129999;30,309999;30,4;27,296217;849100
07/09/17;30,4;30,4;30,4;30,4;27,296217;0
08/09/17;30,360001;31,120001;30,299999;30,950001;27,790068;803000
11/09/17;31,23;31,530001;30,559999;30,559999;27,439882;1764000
12/09/17;30,67;31,25;30,299999;30,549999;27,430901;876100
13/09/17;30,59;30,610001;29,809999;29,98;26,919098;1299700
14/09/17;29,860001;30,450001;29,52;29,889999;26,838285;1623900
15/09/17;30,200001;30,6;28,83;28,83;25,886511;3420500
18/09/17;29,030001;29,76;28,35;28,709999;25,778763;1926200
19/09/17;28,9;29,65;28,1;28,25;25,365726;2854900
20/09/17;28;29,34;27,950001;29,1;26,128944;51782000
21/09/17;29,629999;29,82;29,33;29,76;26,721561;3286600
22/09/17;29,9;30,01;29,57;29,82;26,775434;1838200
25/09/17;30;30,08;28,610001;28,83;25,886511;1271900
26/09/17;29,290001;29,98;29,01;29,379999;26,380358;4350800
27/09/17;29,5;29,690001;28,65;29,389999;26,389336;1528900
28/09/17;29,34;29,48;28,68;29,23;26,24567;1768200
29/09/17;29,299999;29,530001;28,92;29,469999;26,46117;1015400
02/10/17;29,440001;29,450001;28,879999;29,09;26,119967;1187700
03/10/17;29,129999;29,48;28,809999;29,049999;26,084047;1519300
04/10/17;29,049999;29,51;28,75;29;26,039158;2901400
05/10/17;29,110001;29,780001;29,110001;29,52;26,506063;2617400
06/10/17;29,4;29,889999;29,17;29,75;26,712582;1255400
09/10/17;29,85;29,889999;29,030001;29,73;26,694622;972500
10/10/17;29,889999;30;29,41;29,58;26,559938;1865300
11/10/17;29,6;30,08;29,540001;29,73;26,694622;1495300
12/10/17;29,73;29,73;29,73;29,73;26,694622;0
13/10/17;30;30,950001;29,93;30,950001;27,790068;2292200
16/10/17;30,91;31,41;30,24;30,540001;27,421923;1391900
17/10/17;30,610001;30,700001;29,940001;30,4;27,296217;1403700
18/10/17;30,43;30,85;30,01;30,799999;27,655378;2071300
19/10/17;30,68;30,790001;30,309999;30,700001;27,56559;694000
20/10/17;30,75;31,389999;30,48;31,299999;28,104328;1391000
23/10/17;31,389999;31,48;31,02;31,379999;28,176161;843100
24/10/17;31,450001;31,469999;30,1;30,74;27,601501;2009500
25/10/17;30,809999;31,139999;30,32;30,690001;27,55661;835700
26/10/17;30,700001;30,950001;30,120001;30,24;27,152554;899600
27/10/17;30,24;30,41;28,51;28,889999;25,940386;3555300
30/10/17;28,959999;28,959999;27,809999;28,5;25,590204;5765900
31/10/17;28,610001;28,889999;28,219999;28,879999;25,931406;2328100
01/11/17;29,02;29,5;28,709999;29,01;26,048132;1761800
02/11/17;29,01;29,01;29,01;29,01;26,048132;0
03/11/17;29,1;29,26;28,24;28,6;25,679995;1828100
06/11/17;28,870001;28,889999;28,25;28,459999;25,554287;1604600
07/11/17;28,52;28,57;27,59;27,82;24,97963;1760000
08/11/17;28,120001;28,84;27,75;28,25;25,365726;2331700
09/11/17;28,25;28,49;27,690001;27,690001;24,862906;1447300
10/11/17;27,85;27,959999;26,9;27,16;24,387014;2031700
13/11/17;27,280001;27,459999;26,58;27,41;24,611492;1516700
14/11/17;27,41;28,1;27,24;27,27;24,485781;2028600
15/11/17;27,27;27,27;27,27;27,27;24,485781;0
16/11/17;27,280001;27,98;27,280001;27,469999;24,665365;1152600
17/11/17;27,6;27,74;27,030001;27,27;24,485781;1389500
20/11/17;27,27;27,27;27,27;27,27;24,485781;0
21/11/17;27,610001;27,66;27,200001;27,66;24,835966;2647100
22/11/17;27,66;27,91;26,709999;26,92;24,17152;2400900
23/11/17;27;27,040001;26,219999;26,950001;24,198456;1501600
24/11/17;27,1;27,25;26,209999;26,27;23,587881;969900
27/11/17;26,4;26,74;26,200001;26,549999;23,839293;2425100
28/11/17;26,9;27,190001;26,6;27,17;24,395994;4205300
29/11/17;27,17;27,440001;26,610001;26,65;23,929085;2571400
30/11/17;26,77;26,77;25,77;26,23;23,551966;3714800
01/12/17;26,290001;26,799999;26,120001;26,639999;23,920109;2387600
04/12/17;26,559999;26,98;26,110001;26,469999;23,767462;1164400
05/12/17;26,469999;26,74;25,610001;25,959999;23,30953;1650800
06/12/17;25,9;25,9;25,02;25,35;22,761814;3104200
07/12/17;25,129999;25,57;24,75;25,530001;22,923433;2335200
08/12/17;25,639999;26,879999;25,639999;26,65;23,929085;3922500
11/12/17;26,77;26,879999;26,309999;26,799999;24,063772;1252800
12/12/17;26,75;27,17;26,200001;27,1;24,333139;1932300
13/12/17;27,27;27,290001;26,799999;27,1;24,333139;2261600
14/12/17;27,1;27,58;26,68;27,58;24,764135;2293700
15/12/17;27,559999;27,870001;27,129999;27,67;24,844944;2423200
18/12/17;27,76;27,9;27,290001;27,629999;24,809029;1864200
19/12/17;27,629999;27,92;27,4;27,73;24,898821;1510400
20/12/17;27,73;28,1;27,440001;28,049999;25,186146;3405300
21/12/17;28,07;28,52;27,6;28,469999;25,563267;1527300
22/12/17;28,440001;28,98;28,030001;28,35;25,455517;1176400
25/12/17;28,35;28,35;28,35;28,35;25,455517;0
26/12/17;28,530001;28,530001;28,09;28,200001;25,320835;951800
27/12/17;28,450001;28,82;28,190001;28,799999;25,859573;1086700
28/12/17;28,799999;29,74;28,6;29,610001;26,586876;6117100
29/12/17;29,610001;29,610001;29,610001;29,610001;26,586876;0
02/01/18;29,709999;29,940001;29,41;29,700001;26,667686;2146900
03/01/18;29,690001;29,91;28,809999;28,99;26,145781;1537900
04/01/18;29,35;29,370001;28,379999;28,41;25,622688;1837900
05/01/18;28,5;28,82;28,190001;28,82;25,992462;1428400
08/01/18;28,790001;28,790001;28,07;28,07;25,316044;1547900
09/01/18;28,1;28,24;27,25;27,26;24,585514;1567500
10/01/18;27,26;28,15;27,1;28,15;25,388193;1497400
11/01/18;28,15;28,18;27,309999;27,58;24,874119;1546200
12/01/18;27,5;27,629999;27,1;27,41;24,720797;1027100
15/01/18;27,459999;28,32;27,200001;27,860001;25,126646;1073600
16/01/18;27,860001;28,08;27,620001;27,700001;24,982347;1266700
17/01/18;27,719999;28;27,65;27,860001;25,126646;1162200
18/01/18;27,91;28,16;27,629999;27,790001;25,063519;1837800
19/01/18;27,860001;28,049999;27,610001;27,77;25,045479;1564700
22/01/18;28;28,08;27,440001;27,48;24,783928;1223500
23/01/18;27,440001;27,440001;26,67;26,75;24,125549;2715300
24/01/18;26,860001;28,309999;26,85;28,25;25,478384;2733500
25/01/18;28,25;28,25;28,25;28,25;25,478384;0
26/01/18;28,34;28,75;28,17;28,6;25,794044;2701700
29/01/18;28,59;28,93;28,290001;28,610001;25,803066;1624400
30/01/18;28,610001;29,440001;28,48;29,299999;26,425367;2498600
31/01/18;29,41;30,15;29,32;30;27,05669;3225400
01/02/18;29,98;30,35;29,4;29,639999;26,732012;2260300
02/02/18;29,43;29,530001;28,9;29,52;26,623785;1758600
05/02/18;29,049999;29,450001;28,120001;28,129999;25,370155;1421500
06/02/18;28,049999;28,5;27,5;27,98;25,234873;2310400
07/02/18;27,98;28,34;27,879999;28,1;25,343102;979400
08/02/18;28,1;28,35;27,280001;28,24;25,469364;2622100
09/02/18;27,959999;28,700001;27,75;28,35;25,568571;1754800
14/02/18;null;null;null;null;null;null
15/02/18;29,860001;29,98;29,129999;29,219999;26,353216;2410400
16/02/18;29,219999;29,48;28,68;28,969999;26,127747;2643800
19/02/18;29,23;29,23;28,42;28,459999;25,667782;1428200
20/02/18;28,42;28,65;28,01;28,389999;25,604649;2013500
21/02/18;28,4;28,98;28,280001;28,370001;25,586613;1240400
22/02/18;28,370001;28,639999;27,92;28,469999;25,676798;1360600
23/02/18;28,540001;28,780001;28,17;28,700001;25,884239;1940100
26/02/18;28,719999;28,940001;27,969999;28,07;25,316044;1352300
27/02/18;28,059999;28,059999;27,309999;27,309999;24,630608;2674000
28/02/18;27,360001;27,75;27;27,129999;24,468267;1984500
01/03/18;27,129999;28,059999;27,049999;27,309999;24,630608;2501000
02/03/18;27,549999;28,620001;27,219999;28,5;25,703857;4755800
05/03/18;28,51;29,07;28,379999;28,9;26,064615;2336600
06/03/18;29,290001;29,299999;28,530001;28,549999;25,748949;1136600
07/03/18;27,6;28,879999;27,51;28,77;26,549721;2586900
08/03/18;28,790001;29,139999;28,639999;28,959999;26,725058;1168000
09/03/18;28,959999;29,18;28,6;28,74;26,522034;1858000
12/03/18;28,73;29,049999;28,41;28,610001;26,402067;1072100
13/03/18;28,610001;28,870001;27,799999;27,959999;25,802229;1236800
14/03/18;28,290001;28,290001;27,1;27,16;25,063971;2286100
15/03/18;27,25;27,42;26,9;27,280001;25,174709;1032200
16/03/18;27,42;27,540001;27,1;27,48;25,359272;1607100
19/03/18;27,200001;27,6;26,799999;27,469999;25,350046;1294300
20/03/18;27,5;27,5;26,860001;26,940001;24,86095;1716900
21/03/18;26,959999;27,549999;26,66;27,200001;25,100883;1728200
22/03/18;27,540001;27,959999;27,219999;27,82;25,673035;1353200
23/03/18;27,51;27,780001;26,799999;27,41;25,294678;1941300
26/03/18;27,700001;27,700001;27;27,549999;25,423872;1198900
27/03/18;27,559999;27,559999;26,959999;27,1;25,008602;2203900
28/03/18;27;27,33;26,27;26,6;24,547188;1959900
29/03/18;26,6;27,610001;26,41;27,139999;25,045515;2456600
02/04/18;27,1;27,57;26,4;26,65;24,593328;1270000
03/04/18;26,93;27,15;26,379999;26,379999;24,344166;1412400
04/04/18;26,27;26,469999;25,549999;26,1;24,085773;2197000
05/04/18;26,799999;26,99;25,91;26,110001;24,095001;1356400
06/04/18;26,16;26,469999;25,809999;26,040001;24,030405;952700
09/04/18;26,360001;26,360001;25,52;25,879999;23,882753;1554800
10/04/18;26,190001;26,34;25,540001;26,26;24,233423;1493200
11/04/18;26,309999;27,07;26,01;27,01;24,925547;1169800
12/04/18;27,040001;27,469999;26,77;27,299999;25,193165;1583900
13/04/18;27,139999;27,209999;26,51;26,879999;24,805578;1213500
16/04/18;26,76;27,07;26,08;26,209999;24,187283;1732300
17/04/18;26,290001;26,4;25,959999;26,309999;24,279568;1487500
18/04/18;26,5;26,67;26,09;26,65;24,593328;1905800
19/04/18;27,049999;27,52;26,690001;27,290001;25,183937;2579000
20/04/18;27,25;27,5;26,52;27,299999;25,193165;2190700
23/04/18;27,209999;27,34;26,620001;26,700001;24,639469;1909400
24/04/18;26,860001;26,93;26,200001;26,450001;24,408764;1779700
25/04/18;26,5;26,75;26,01;26,65;24,593328;1983200
26/04/18;26,51;27,219999;26,299999;27,190001;25,091656;1894000
27/04/18;27,01;27,700001;26,440001;26,559999;24,510271;4007700
30/04/18;26,92;26,92;25,969999;26,110001;24,095001;1585500
02/05/18;26;26,129999;25,540001;25,780001;23,790468;2240100
03/05/18;25,66;26,209999;25,51;25,58;23,605904;1362100
04/05/18;25,5;26,59;25,18;26,59;24,537958;4999500
07/05/18;26,389999;26,719999;26;26,27;24,242655;1397200
08/05/18;26,26;26,67;25,959999;26,5;24,454903;2463200
09/05/18;26,629999;27,360001;26,27;27;24,916319;2820100
10/05/18;26,92;27,77;26,92;27,16;25,063971;3238900
11/05/18;26,969999;27,299999;26,51;26,549999;24,501045;1739400
14/05/18;26,610001;26,610001;25,27;25,299999;23,347511;2881700
15/05/18;25,4;25,629999;24,41;25,200001;23,255232;2766000
16/05/18;25,200001;25,620001;24,940001;25,48;23,51362;2021600
17/05/18;25,280001;25,41;24,309999;24,700001;22,793818;2336500
18/05/18;24,42;24,75;24,01;24,690001;22,784588;3306200
21/05/18;24,83;25,190001;24,110001;24,66;22,756903;2117900
22/05/18;24,93;25,639999;24,65;25,5;23,532078;1594000
23/05/18;25,23;25,440001;24,639999;24,75;22,839956;1485200
24/05/18;24,559999;25,200001;24,290001;25,200001;23,255232;1309400
25/05/18;25,17;25,559999;24,91;25,08;23,144491;2083900
28/05/18;24,940001;24,959999;23,82;23,860001;22,018642;944600
29/05/18;24;24,41;23,57;23,67;21,843307;1959400
30/05/18;23,719999;24,700001;23,719999;24,58;22,683077;1918000
01/06/18;24,65;25,74;24,290001;25,459999;23,495165;1775500
04/06/18;25,549999;25,84;25,309999;25,549999;23,578217;1614000
05/06/18;25,24;25,48;24,950001;25,1;23,162949;1956100
06/06/18;24,66;25;24,1;24,25;22,378546;1744700
07/06/18;24,1;24,33;22,49;24;22,147839;2917900
08/06/18;24,209999;24,73;23,219999;24,040001;22,184752;1606200
11/06/18;24,059999;24,809999;24,049999;24,42;22,535425;1878100
12/06/18;24,51;24,780001;24,139999;24,780001;22,867643;1428900
13/06/18;24,99;25,49;24,43;24,860001;22,941469;2806900
14/06/18;24,799999;25,27;24,389999;24,58;22,683077;2340500
15/06/18;24,23;24,620001;23,76;23,93;22,083241;1860900
18/06/18;23,799999;23,940001;23,35;23,74;21,907902;1421500
19/06/18;23,719999;24,99;23,5;24,99;23,061434;1275900
20/06/18;25,209999;25,35;24,4;24,4;22,51697;984800
21/06/18;24,280001;24,57;23,75;23,75;21,917133;1196400
22/06/18;24,09;24,280001;23,51;24,26;22,38777;1857600
25/06/18;24,43;25,33;24,43;24,549999;22,65539;2113400
26/06/18;25,059999;26,25;25,059999;26,09;24,076546;3036500
27/06/18;26,290001;26,58;25,41;25,629999;23,652044;2512000
28/06/18;25,41;26,469999;25,41;26,200001;24,178057;1828400
29/06/18;26,450001;26,6;25,85;26,450001;24,408764;1551800
02/07/18;26,459999;26,459999;25,280001;25,709999;23,725872;1069100
03/07/18;25,559999;26,799999;25,559999;26,5;24,454903;983200
04/07/18;26,469999;27,08;25,99;26,74;24,676382;795600
05/07/18;26,629999;26,870001;26,09;26,57;24,519503;958900
06/07/18;26,57;27,219999;26,549999;27,120001;25,027054;850100
10/07/18;27,18;27,66;27,049999;27,389999;25,27622;1949000
11/07/18;27,200001;27,799999;27,1;27,65;25,516153;1564700
12/07/18;27,51;27,809999;27,23;27,6;25,470015;1090000
13/07/18;27,34;28;27,33;27,700001;25,562298;1038800
16/07/18;27,690001;28,27;27,59;28,01;25,848372;1133600
17/07/18;27,959999;28,58;27,959999;28,51;26,309788;2788600
18/07/18;28,1;28,690001;27,91;28,58;26,374382;2111000
19/07/18;28;28,450001;27,66;28,360001;26,171364;2155900
20/07/18;28,59;29,120001;27,860001;28;25,839144;1513100
23/07/18;27,85;28,33;27,549999;27,690001;25,553068;1191300
24/07/18;27,879999;28,290001;27,66;27,98;25,820688;2091000
25/07/18;28;28,43;27,68;27,799999;25,654581;2042500
26/07/18;27,700001;28,139999;27,700001;27,889999;25,737633;1581400
27/07/18;28,16;28,18;26,780001;27,4;25,28545;1832000
30/07/18;27,4;27,77;26,9;27,110001;25,017832;1474500
31/07/18;27,1;27,690001;26,879999;27,379999;25,266989;1188500
01/08/18;26,98;27,299999;26,690001;27;25,083574;1530600
02/08/18;26,76;27,83;26,76;27,6;25,640987;943700
03/08/18;27,84;28,35;27,42;28,129999;26,133368;1144900
06/08/18;28,1;28,48;27,91;28,15;26,151947;3106200
07/08/18;28,07;28,16;27,200001;27,200001;25,269379;1023900
08/08/18;27,23;27,66;26,74;27,51;25,557373;1350800
09/08/18;27,23;27,700001;26,9;27,25;25,31583;1426100
10/08/18;26,93;27,030001;26,309999;26,41;24,535452;1054500
13/08/18;26,299999;27,040001;26,15;26,5;24,619062;802800
14/08/18;26,83;27,77;26,559999;27,76;25,789631;1070100
15/08/18;27,370001;27,42;26,799999;27,030001;25,111444;1330400
16/08/18;26,959999;27,709999;26,950001;27,65;25,687437;746800
17/08/18;27,02;27,24;26,52;26,84;24,934931;1120800
20/08/18;26,57;27,35;26,549999;27,049999;25,130026;1062100
21/08/18;26,780001;27,040001;25,860001;26,120001;24,266037;996300
22/08/18;25,889999;26,74;25,65;26,459999;24,581902;1179300
23/08/18;26,6;26,620001;25,719999;25,74;23,913006;1121600
24/08/18;26,24;26,32;25,1;25,879999;24,04307;1119600
27/08/18;26,08;26,49;25,6;26,309999;24,442549;1270000
28/08/18;25,940001;25,98;25,35;25,52;23,708622;1296600
29/08/18;25,67;25,67;25,1;25,51;23,699333;1226500
30/08/18;25,15;25,969999;25,15;25,549999;23,736492;2204400
31/08/18;25,299999;25,790001;25,15;25,700001;23,875847;1660700
03/09/18;25,450001;25,57;24,9;25,280001;23,485659;1771700
04/09/18;25,15;25,200001;24,6;24,9;23,132629;1866500
05/09/18;24,65;25,139999;24,610001;25,139999;23,355595;953900
06/09/18;25,16;25,5;24,629999;25,49;23,680752;1057100
10/09/18;25,6;25,889999;24;24,24;22,519474;1985100
11/09/18;24,030001;24,219999;23,35;23,77;22,082834;2122200
12/09/18;24,1;24,190001;23,129999;23,129999;21,48826;1941900
13/09/18;23,27;23,379999;22,610001;22,85;21,228136;2007300
14/09/18;22,85;23,139999;22,25;22,639999;21,033039;1713400
17/09/18;22,879999;23,059999;22,559999;22,860001;21,237425;1066600
18/09/18;22,83;23,48;22,620001;23,33;21,674068;2705700
19/09/18;23,209999;23,41;22,610001;22,610001;21,005169;2063900
20/09/18;22,799999;23,35;22,73;23,25;21,599745;1222100
21/09/18;23,639999;23,84;22,950001;23,27;21,618326;1440300
24/09/18;23,110001;23,290001;22,41;22,41;20,819366;969600
25/09/18;22,4;22,4;21,92;22,15;20,577822;2040600
26/09/18;22,16;22,469999;21,940001;21,940001;20,382725;2239700
27/09/18;21,98;22,58;21,969999;22,139999;20,568531;1713800
28/09/18;22;22,17;21,299999;21,299999;19,788151;1658600
01/10/18;21,43;21,43;20,84;21,049999;19,555897;2764700
02/10/18;21,51;22,209999;21,35;21,83;20,280533;2173700
03/10/18;22,639999;23,219999;22,18;22,42;20,828657;2925500
04/10/18;22,6;22,6;21,209999;21,879999;20,326984;3243000
05/10/18;22,27;22,299999;21,299999;21,68;20,141184;1937700
08/10/18;23;23,639999;22,200001;22,51;20,912268;3828500
09/10/18;22,559999;23,209999;22,120001;22,549999;20,94943;1734000
10/10/18;22,209999;22,23;21,709999;21,709999;20,169052;1876600
11/10/18;22,07;22,389999;21,41;21,6;20,066858;1305000
15/10/18;21,950001;21,959999;20,77;20,790001;19,31435;2153700
16/10/18;21;21,799999;20,85;21,690001;20,150471;2265300
17/10/18;21,620001;21,83;21,23;21,6;20,066858;1791900
18/10/18;21,639999;22,07;21,5;21,58;20,048281;1022100
19/10/18;21,83;21,83;21,35;21,66;20,122599;1393600
22/10/18;21,719999;22,059999;21,719999;21,74;20,19692;754300
23/10/18;21,639999;22,450001;21,389999;22,200001;20,624273;1265700
24/10/18;22,41;22,42;21,51;21,629999;20,094728;1496300
25/10/18;21,67;22,459999;21,67;22,35;20,763626;1269300
26/10/18;22,4;22,41;21,68;21,780001;20,234083;2281200
29/10/18;21,709999;21,889999;20,889999;21;19,509447;2231400
30/10/18;21,49;21,959999;20,959999;21,200001;19,695251;2623200
31/10/18;21,389999;21,65;20,48;20,85;19,370094;3853400
01/11/18;21,07;21,34;20,559999;21,27;19,760284;3915700
05/11/18;21,4;22,389999;21,26;22,209999;20,633564;2513400
06/11/18;22,35;22,58;21,709999;22;20,438467;2269600
07/11/18;22,1;22,209999;21,360001;21,360001;19,843895;2368900
08/11/18;21,5;21,66;20,93;21,09;19,59306;1446400
09/11/18;21,09;21,27;20,540001;20,639999;19,174999;1677800
12/11/18;20,700001;21,09;20,379999;20,59;19,12855;1453000
13/11/18;20,66;20,91;20,059999;20,48;19,026352;1645800
14/11/18;20,49;20,950001;20,25;20,75;19,277193;1040300
16/11/18;20,92;20,969999;20,530001;20,799999;19,323643;1682000
19/11/18;20,790001;20,799999;20,549999;20,6;19,137838;867800
21/11/18;20,6;20,6;20,209999;20,280001;18,840553;1210400
22/11/18;20,299999;20,540001;20,190001;20,23;18,794098;2771800
23/11/18;20,200001;20,32;19,9;19,98;18,561846;2369600
26/11/18;20,25;20,57;19,91;19,959999;18,543262;1475400
27/11/18;20,219999;21,24;20,049999;21,24;19,73241;1678400
28/11/18;21,459999;22,24;21,190001;21,809999;20,261953;2595900
29/11/18;21,709999;21,950001;21,59;21,74;20,19692;741500
30/11/18;21,74;21,92;21,43;21,6;20,066858;1589100
03/12/18;22;22;21,49;21,559999;20,029697;1424600
04/12/18;21,91;22,09;21,5;21,549999;20,020407;1728100
05/12/18;21,66;22,040001;21,280001;21,4;19,881056;977900
06/12/18;21,35;21,92;21,08;21,92;20,364145;1260900
07/12/18;21,889999;22;21,129999;21,200001;19,695251;1664600
10/12/18;21,27;21,440001;20,57;20,57;19,109966;881700
11/12/18;20,67;20,9;20;20,27;18,831261;1691200
12/12/18;20,4;20,709999;19,950001;20;18,580425;2287400
13/12/18;20,1;20,290001;19,83;20,030001;18,608295;1311000
14/12/18;20,040001;20,190001;19,360001;19,610001;18,218107;3671800
17/12/18;19,65;19,82;19,219999;19,469999;18,088043;2134000
18/12/18;19,6;20,07;19,389999;19,77;18,366753;1907200
19/12/18;19,98;19,98;19,450001;19,530001;18,143784;2044300
20/12/18;19,77;19,99;19,360001;19,629999;18,236689;1765300
21/12/18;19,809999;20,469999;19,690001;19,73;18,32959;2923700
26/12/18;19,790001;19,85;19,25;19,52;18,134497;2002300
27/12/18;19,559999;19,67;19,33;19,459999;18,078753;1504500
28/12/18;19,639999;19,780001;19,48;19,780001;18,37604;1664800
02/01/19;19,690001;20,389999;19,65;20,15;18,719778;2009500
03/01/19;20,059999;20,639999;19,950001;20,450001;19,118952;1533000
04/01/19;20,51;20,9;20,459999;20,85;19,492914;3388800
07/01/19;20,93;21,459999;20,83;21,15;19,773388;3169100
08/01/19;21,190001;21,629999;21,07;21,4;20,007116;4240200
09/01/19;21,4;21,629999;21,02;21,08;19,707943;4478500
10/01/19;21,07;21,48;20,799999;21,48;20,081907;1586900
11/01/19;21,49;21,790001;21,200001;21,35;19,960367;1288000
14/01/19;21,32;22,25;21,280001;22,200001;20,755045;2699800
15/01/19;22,26;22,450001;21,65;21,709999;20,296938;1758500
16/01/19;21,73;21,98;21,1;21,200001;19,820133;2415200
17/01/19;21,25;21,690001;20,9;21,440001;20,04451;2344200
18/01/19;21,549999;22,370001;21,42;22,290001;20,839188;2079400
21/01/19;22,48;22,5;21,9;21,99;20,558714;912100
22/01/19;22,15;22,299999;21,67;21,67;20,259542;1318700
23/01/19;21,809999;22,48;21,809999;22,209999;20,764393;1670600
24/01/19;22,42;22,530001;21,969999;22;20,568062;1400900
28/01/19;21,99;22,18;21,52;21,52;20,119305;2037900
29/01/19;21,709999;22,57;21,51;22,379999;20,923328;1866700
30/01/19;22,559999;22,889999;22,08;22,52;21,054216;2293100
31/01/19;22,639999;22,75;22,07;22,280001;20,829838;2160200
01/02/19;22,309999;22,5;22,01;22,190001;20,745695;2417400
04/02/19;22,049999;22,440001;21,700001;22,280001;20,829838;4979000
05/02/19;22,299999;22,530001;22,15;22,459999;20,998121;1822900
06/02/19;22,24;22,24;21,17;21,309999;19,922972;2874000
07/02/19;21,309999;21,5;20,85;21;19,63315;4219200
08/02/19;21,07;21,67;20,85;21,5;20,100605;4671700
11/02/19;21,75;21,91;21,09;21,35;19,960367;1550100
12/02/19;21,459999;21,690001;21,15;21,190001;19,810785;1140400
13/02/19;21,42;21,42;20,74;21,030001;19,661198;3495400
14/02/19;21,17;21,48;20,9;21,42;20,025814;1803500
15/02/19;21,5;21,549999;21,110001;21,24;19,857529;1978200
18/02/19;21,110001;21,219999;20,76;20,9;19,539658;1457400
19/02/19;20,9;21,139999;20,9;21;19,63315;1350400
20/02/19;21;21,129999;20,5;20,67;19,324629;2632400
21/02/19;20,77;20,85;20,25;20,379999;19,053503;2405300
22/02/19;20,450001;20,610001;20,139999;20,360001;19,034809;1738500
25/02/19;20,58;20,59;20,18;20,370001;19,044155;1725700
26/02/19;20,370001;20,42;20,049999;20,200001;18,885221;1837300
27/02/19;20,27;20,73;20,1;20,620001;19,277884;1510200
28/02/19;20,65;20,77;19,92;20;18,698238;4182900
01/03/19;20,139999;20,200001;19,83;20;18,698238;2170700
06/03/19;null;null;null;null;null;null
07/03/19;19,41;19,51;19,120001;19,360001;18,74416;2368400
08/03/19;19,459999;19,9;19,26;19,85;19,218575;2892100
11/03/19;20;20,540001;20;20,370001;19,722033;2334200
12/03/19;20,469999;20,549999;20,219999;20,389999;19,741394;1161600
13/03/19;20,450001;20,68;20,1;20,620001;19,964081;1709100
14/03/19;20,690001;20,9;20,290001;20,5;19,847897;1208200
15/03/19;20,549999;20,799999;20,440001;20,790001;20,128672;1953600
18/03/19;20,799999;20,940001;20,620001;20,709999;20,051216;1445400
19/03/19;20,77;21;20,639999;20,639999;19,983444;1366200
20/03/19;20,690001;20,85;20,33;20,370001;19,722033;1409900
21/03/19;20,450001;20,48;19,9;20,120001;19,479986;2089900
22/03/19;19,889999;20,030001;19,610001;19,799999;19,170162;1949700
25/03/19;19,799999;20,120001;19,66;19,690001;19,063663;1515800
26/03/19;19,809999;20,389999;19,809999;20,370001;19,722033;1220600
27/03/19;20,15;20,17;19,65;19,75;19,121756;1789200
28/03/19;19,74;20,299999;19,51;20,1;19,460623;1258100
29/03/19;20,309999;20,629999;20,23;20,4;19,751078;1995100
01/04/19;20,440001;20,68;20,440001;20,549999;19,896305;1120600
02/04/19;20,719999;21;20,549999;21;20,331993;1415600
03/04/19;21,07;21,91;21,07;21,389999;20,709585;3674400
04/04/19;21,42;22,74;21,41;22,6;21,881098;6371000
05/04/19;22,700001;23,209999;22,41;22,639999;21,919823;3710000
08/04/19;22,700001;22,799999;22,18;22,75;22,026325;1952800
09/04/19;22,65;23,139999;22,5;23;22,268373;2660800
10/04/19;23,15;23,16;22,5;22,540001;21,823006;2018200
11/04/19;22,65;22,73;22,07;22,299999;21,590637;1588800
12/04/19;22,27;22,459999;21,309999;21,9;21,203363;2224400
15/04/19;21,91;22,209999;21,620001;21,940001;21,242092;1153700
16/04/19;21,91;22,190001;21,6;21,780001;21,087181;1168500
17/04/19;21,84;22;21,23;21,469999;20,787041;2273500
18/04/19;21,58;21,959999;21,41;21,66;20,970997;1110200
22/04/19;21,700001;21,92;21,5;21,74;21,048454;1215200
23/04/19;21,940001;22,41;21,84;22,299999;21,590637;1777300
24/04/19;22,41;22,58;21,92;22,120001;21,416367;1756300
25/04/19;22,23;22,549999;21,860001;22,549999;21,832685;1672900
26/04/19;22;22,24;20,93;21,02;20,351358;5548700
29/04/19;21,4;21,639999;20,75;21,02;20,351358;2518000
30/04/19;21,129999;21,26;20,65;20,75;20,089945;3511000
02/05/19;20,790001;20,98;20,16;20,16;19,518713;3665400
03/05/19;20,16;20,639999;20,16;20,639999;19,983444;4174100
06/05/19;20,49;20,6;20,23;20,379999;19,731712;1204500
07/05/19;20,27;20,33;19,9;20,190001;19,54776;1647800
08/05/19;20,35;20,690001;20,309999;20,690001;20,031853;1353700
09/05/19;20,5;20,58;20,190001;20,25;19,605848;1463600
10/05/19;20,309999;20,35;19,91;19,959999;19,325075;1826400
13/05/19;19,799999;19,799999;19,450001;19,6;18,976526;2028300
14/05/19;19,75;19,9;19,559999;19,74;19,112072;1669100
15/05/19;19,559999;19,92;19,35;19,860001;19,228256;1553800
16/05/19;19,76;19,790001;19,469999;19,6;18,976526;1246700
17/05/19;19,639999;19,76;19,1;19,1;18,492432;1986700
20/05/19;19,25;19,32;18,709999;19,02;18,414976;4763000
21/05/19;19,18;19,6;19,18;19,559999;18,937798;2943200
22/05/19;19,709999;19,950001;19,360001;19,41;18,79257;1139200
23/05/19;19,379999;19,610001;19,25;19,610001;18,986208;1068000
24/05/19;19,700001;19,790001;19,290001;19,440001;18,821615;1490400
27/05/19;19,540001;19,92;19,469999;19,6;18,976526;932800
28/05/19;19,68;20,32;19,68;20,030001;19,392849;2460300
29/05/19;20,030001;20,23;19,73;20,02;19,383167;1941000
30/05/19;19,99;20,23;19,82;20,139999;19,499348;2279300
31/05/19;20,190001;20,23;19,559999;19,799999;19,170162;2988100
03/06/19;19,9;20,23;19,74;19,9;19,266983;2116200
04/06/19;19,99;20,219999;19,9;19,9;19,266983;1377900
05/06/19;20,01;20,15;19,690001;19,690001;19,063663;1295700
06/06/19;19,9;20,280001;19,82;20,280001;19,634895;1513900
07/06/19;20,389999;20,84;20,27;20,690001;20,031853;1874900
10/06/19;20,6;21,15;20,469999;21;20,331993;1789100
11/06/19;21,200001;21,370001;20,93;21,34;20,661177;1247900
12/06/19;21,209999;21,42;21,01;21,16;20,486904;1584100
13/06/19;21,27;21,559999;21,1;21,280001;20,603085;1096700
14/06/19;21,25;21,27;20,77;20,9;20,235172;1528500
17/06/19;20,99;20,99;20,43;20,59;19,935034;1174500
18/06/19;20,65;20,780001;20,25;20,690001;20,031853;2030800
19/06/19;20,73;20,92;20,530001;20,799999;20,138353;1974900
21/06/19;20,9;21,15;20,83;21;20,331993;1584400
24/06/19;21;21,4;20,940001;21,129999;20,457855;2924600
25/06/19;21,129999;21,190001;20,73;20,98;20,31263;1264100
26/06/19;21,18;21,18;20,870001;21,1;20,428812;1781800
27/06/19;21;21,51;20,889999;21,4;20,719269;1856200
28/06/19;21,52;21,690001;21,35;21,35;20,670858;1590100
01/07/19;21,690001;21,799999;21,280001;21,5;20,816088;1095300
02/07/19;21,6;21,9;21,370001;21,66;20,970997;1778200
03/07/19;21,700001;21,85;21,52;21,639999;20,951633;1489800
04/07/19;21,85;22,299999;21,77;22;21,300182;1992000
05/07/19;21,950001;22,83;21,719999;22,719999;21,997278;4884000
08/07/19;22,77;23,27;22,690001;23,27;22,529783;1397500
10/07/19;23,299999;23,9;23,299999;23,790001;23,033245;2927100
11/07/19;23,940001;23,99;23,35;23,67;22,917059;2407600
12/07/19;23,870001;24,129999;23,6;23,75;22,994516;2097500
15/07/19;23,75;23,860001;23,370001;23,65;22,897696;1487900
16/07/19;23,85;23,91;23,219999;23,52;22,771832;1440000
17/07/19;23,59;23,969999;23,549999;23,82;23,062288;1336200
18/07/19;23,82;23,82;23,48;23,67;22,917059;968800
19/07/19;23,67;23,67;23,27;23,51;22,76215;1118200
22/07/19;23,52;23,58;23,059999;23,15;22,413599;765800
23/07/19;23,17;23,4;22,91;23,209999;22,471691;1035300
24/07/19;23,07;23,85;23,07;23,6;22,849287;1688700
25/07/19;23,75;23,860001;23,309999;23,75;22,994516;2453400
26/07/19;23,450001;24,1;23,08;23,629999;22,87833;3020200
29/07/19;23,559999;23,700001;23,379999;23,549999;22,800877;1378400
30/07/19;23,559999;23,950001;23,309999;23,620001;22,868652;1196300
31/07/19;23,549999;23,59;22,67;23,33;22,781031;2372400
01/08/19;23,33;24,110001;23,200001;23,74;23,181385;2119900
02/08/19;23,700001;23,709999;23,110001;23,469999;22,917736;2322200
05/08/19;23,200001;23,200001;22,709999;23,08;22,536913;1841000
06/08/19;23,200001;23,4;22,780001;23,200001;22,654091;1525500
07/08/19;23,17;23,17;22,5;23,040001;22,497858;1411900
08/08/19;23,299999;23,73;23,27;23,4;22,849384;2624000
09/08/19;23,5;23,75;23,35;23,469999;22,917736;1128000
12/08/19;23,469999;23,559999;23,120001;23,5;22,947031;2844100
13/08/19;23,299999;24,200001;23,299999;24;23,435265;3143200
14/08/19;24;24;23,16;23,51;22,956797;3038600
15/08/19;23,51;23,75;22,18;22,709999;22,175619;2715400
16/08/19;22,950001;23,610001;22,940001;23,540001;22,986092;3704500
19/08/19;23,59;23,76;23,1;23,200001;22,654091;2630300
20/08/19;23,309999;23,719999;22,690001;23,709999;23,15209;1972200
21/08/19;23,75;24,209999;23,73;24,209999;23,640324;1468300
22/08/19;24,4;24,59;24,049999;24,52;23,943031;1428600
23/08/19;24,32;24,379999;23,52;24,030001;23,46456;2043400
26/08/19;24,09;24,280001;23,200001;23,43;22,878679;1517000
27/08/19;23,43;23,68;23;23,34;22,790796;1494900
28/08/19;23,309999;23,65;23,030001;23,309999;22,761501;1304900
29/08/19;23,559999;24,48;23,459999;24,08;23,513382;1661200
30/08/19;24,120001;24,4;23,75;24;23,435265;1985500
02/09/19;23,99;24,25;23,860001;24;23,435265;1271600
03/09/19;24;24,280001;23,700001;24;23,435265;1338200
04/09/19;24,280001;24,370001;23,940001;23,940001;23,376678;1321100
05/09/19;24,23;24,49;23,77;23,77;23,210678;1644200
06/09/19;23,799999;24,07;23,76;23,799999;23,239971;1291800
09/09/19;23,889999;23,98;23,17;23,459999;22,907972;1373500
10/09/19;23,549999;23,73;23,360001;23,459999;22,907972;1059200
11/09/19;23,700001;23,950001;23,48;23,809999;23,249737;1025300
12/09/19;23,889999;24,5;23,83;24,219999;23,650087;1931400
13/09/19;24,4;24,41;24,07;24,309999;23,73797;880800
16/09/19;24,190001;24,299999;23,780001;24,15;23,581736;775400
17/09/19;24,110001;24,700001;24;24,610001;24,030912;1005400
18/09/19;24,68;25,1;24,33;24,719999;24,138323;1629600
19/09/19;24,799999;25;24,43;24,540001;23,962561;944900
20/09/19;24,73;25,139999;24,549999;25,139999;24,548439;1603400
23/09/19;25,15;25,74;24,860001;25,51;24,909735;1734400
24/09/19;25,49;25,75;25,299999;25,530001;24,929266;1851700
25/09/19;25,5;25,6;24,959999;25,299999;24,704676;2039000
26/09/19;25,309999;25,629999;25,190001;25,5;24,899971;1522900
27/09/19;25,559999;26,129999;25,52;25,700001;25,095264;2508000
30/09/19;25,77;26,450001;25,549999;26,42;25,798323;2611600
01/10/19;26,42;26,42;26;26,1;25,485851;755300
02/10/19;26;26;24,860001;24,860001;24,27503;2441900
03/10/19;25,17;25,299999;24,77;25;24,411734;1929600
04/10/19;25,17;25,17;24,6;25;24,411734;1696800
07/10/19;24,879999;24,98;24,190001;24,200001;23,63056;1677800
08/10/19;24,200001;24,34;23,91;24,049999;23,484087;1239600
09/10/19;24,309999;24,379999;23,950001;24,209999;23,640324;1513000
10/10/19;24,360001;24,370001;23,99;24,209999;23,640324;1382100
11/10/19;24,299999;24,799999;24,16;24,6;24,021149;1667300
14/10/19;24,73;24,780001;24,5;24,76;24,177383;818000
15/10/19;24,83;24,879999;24,42;24,6;24,021149;1064000
16/10/19;24,66;25;24,18;25;24,411734;826200
17/10/19;25;25,09;24,610001;25;24,411734;1029100
18/10/19;24,99;25;24,6;24,74;24,157854;1202000
21/10/19;24,809999;24,950001;24,610001;24,790001;24,206678;733800
22/10/19;24,790001;24,799999;24,389999;24,6;24,021149;1296300
23/10/19;24,6;25,059999;24,42;24,68;24,099266;1260400
24/10/19;24,93;24,93;24,200001;24,51;23,933266;1192900
25/10/19;24,540001;24,92;24,540001;24,91;24,323854;2104700
28/10/19;25;25,549999;24,950001;25,41;24,812088;1697800
29/10/19;25,42;25,530001;24,950001;25,450001;24,851147;1417900
30/10/19;25,5;25,690001;25,110001;25,540001;24,93903;1218800
31/10/19;25,540001;25,540001;25,18;25,450001;24,851147;823800
01/11/19;25,43;25,530001;25,190001;25,530001;24,929266;1381100
04/11/19;25,639999;25,790001;25,49;25,51;24,909735;1058200
05/11/19;25,49;25,709999;25,309999;25,700001;25,095264;956600
06/11/19;25,719999;25,889999;25,34;25,85;25,241735;2588200
07/11/19;25,98;26,299999;25,879999;26,299999;25,681145;1253400
08/11/19;26,1;26,15;25,620001;25,860001;25,251501;1282900
11/11/19;25,67;26,309999;25,5;26,08;25,466322;1196300
12/11/19;26;26;25,59;25,74;25,134323;993800
13/11/19;25,6;26,030001;25,559999;26,030001;25,4175;820500
14/11/19;26;27;25,969999;27;26,364674;2690100
18/11/19;27;27,51;26,77;26,92;26,286556;2780900
19/11/19;26,9;27,02;26,610001;26,610001;25,983852;2839300
21/11/19;26,65;28,040001;26,559999;27,75;27,097027;3696300
22/11/19;27,75;28,040001;27,41;27,780001;27,12632;1426300
25/11/19;27,870001;28,469999;27,530001;28,469999;27,800083;1705800
26/11/19;28,4;28,549999;27,860001;28,549999;27,878202;1850000
27/11/19;28,389999;28,540001;27,889999;28,200001;27,536438;1555700
28/11/19;28,41;28,5;27,98;27,98;27,321613;1599300
29/11/19;28,299999;28,65;28,290001;28,5;27,829378;1792200
02/12/19;28,5;28,65;28,280001;28,469999;27,800083;1491200
03/12/19;28,5;28,690001;28,23;28,51;27,839144;1527200
04/12/19;28,6;28,68;28,299999;28,49;27,819614;1597800
05/12/19;28,549999;29,040001;28,309999;28,309999;27,643848;1841600
06/12/19;28,43;29,08;28,42;28,879999;28,200436;1824200
09/12/19;28,940001;29,25;28,82;29,049999;28,366436;2487200
10/12/19;28,85;28,85;28,18;28,440001;27,770792;2325700
11/12/19;28,49;28,700001;28,27;28,5;27,829378;2641200
12/12/19;28,780001;28,85;28,34;28,440001;27,770792;1680700
13/12/19;28,5;28,780001;28,35;28,780001;28,102789;1798000
16/12/19;28,74;28,959999;28,450001;28,950001;28,268789;1409700
17/12/19;28,889999;29,049999;28,719999;28,809999;28,132082;1342600
18/12/19;28,9;30,1;28,709999;29,85;29,147612;3485800
19/12/19;29,959999;30,84;29,9;30,4;29,684669;3828200
20/12/19;30,5;30,5;29,59;29,83;29,128082;1719000
23/12/19;29,83;30,02;29,620001;30;29,294083;1252600
26/12/19;30;30,15;29,9;30,1;29,391729;1702000
27/12/19;30,17;30,540001;29,969999;30,4;29,684669;1402800
30/12/19;30,4;30,889999;30,27;30,530001;29,811613;1100800
02/01/20;31,09;31,389999;30,860001;31,02;30,290081;1759800
03/01/20;30,92;31,25;30,110001;30,110001;29,508492;4218600
06/01/20;30,190001;31;30,01;31;30,380713;3360700
07/01/20;31,01;31,52;30,629999;31,32;30,694319;1570100
08/01/20;31,299999;31,58;30,82;31,129999;30,508114;1382700
09/01/20;31,299999;31,969999;31,129999;31,709999;31,076527;1339400
10/01/20;32;32;30,950001;31,15;30,527716;1648700
13/01/20;31,41;31,41;30,879999;31;30,380713;2049200
14/01/20;31;31,459999;30,889999;31,459999;30,831522;1570000
15/01/20;31,4;31,709999;31,049999;31,23;30,606117;1467500
16/01/20;31,360001;31,48;30,67;31,24;30,615917;1200700
17/01/20;31,24;31,389999;30,709999;31,389999;30,76292;1083400
20/01/20;31,35;32,23;30,9;32,23;31,58614;917100
21/01/20;32,23;32,330002;31,780001;32,150002;31,50774;1455600
22/01/20;32,299999;32,869999;32,110001;32,869999;32,213352;1854800
23/01/20;32,509998;32,619999;32,119999;32,25;31,605742;1956000
24/01/20;32,470001;32,5;31,940001;32,360001;31,713543;1209700
27/01/20;31,98;32,389999;30,91;32,150002;31,50774;2233700
28/01/20;32,16;32,599998;32,07;32,5;31,850746;1933000
29/01/20;32,650002;32,689999;31,16;31,16;30,537516;2158700
30/01/20;30,799999;31,66;30,07;31,66;31,027527;2168300
31/01/20;31,65;31,65;30,65;31;30,380713;1701800
03/02/20;31;32;30,780001;31,709999;31,076527;1058200
04/02/20;32,009998;32,66;31,950001;32,66;32,007549;831900
05/02/20;32,77;34,09;32,73;33,5;32,830769;2386500
06/02/20;33,5;33,689999;31,82;32,099998;31,458736;2278200
07/02/20;32,110001;32,130001;31,200001;31,200001;30,576717;2430400
10/02/20;31,32;31,469999;29,889999;30,93;30,312111;2442000
11/02/20;31,049999;31,73;30,82;31,17;30,547316;2821800
12/02/20;31,299999;32,23;31,059999;31,790001;31,15493;1582700
13/02/20;31,6;31,65;30,68;30,68;30,067104;1484700
14/02/20;30,75;31,25;30,719999;30,99;30,370911;1577600
17/02/20;31,120001;31,299999;30,9;31,08;30,459114;1000500
18/02/20;30,9;31,129999;30,299999;30,950001;30,331711;1202100
19/02/20;30,85;32,080002;30,85;31,99;31,350935;2035000
20/02/20;32,119999;32,419998;31,030001;31,450001;30,821724;2651500
21/02/20;31,360001;31,5;30,85;31,25;30,625717;2162600
26/02/20;null;null;null;null;null;null
27/02/20;29,209999;29,52;28,52;28,57;28,57;3892500
28/02/20;28,889999;29,76;28,440001;29,76;29,76;5419500
02/03/20;30,049999;31,18;29,9;30,9;30,9;3025100
03/03/20;30,9;32,049999;30,620001;30,620001;30,620001;3316400
04/03/20;31,370001;32,150002;30,790001;31,01;31,01;1744100
05/03/20;31;31,059999;29,58;29,99;29,99;2555300
06/03/20;29;30,120001;28,02;29,559999;29,559999;4470300
09/03/20;27,5;27,780001;26,549999;27,01;27,01;5832500
10/03/20;28,360001;28,780001;26,32;27,27;27,27;4316600
11/03/20;26,870001;27;24,4;26,200001;26,200001;3880800
12/03/20;23,98;24,23;22,57;22,799999;22,799999;3581200
13/03/20;25,51;25,9;22;23,6;23,6;5044700
16/03/20;22;22,059999;19,9;20;20;5641500
17/03/20;20,5;21,389999;20,129999;21,110001;21,110001;4253200
18/03/20;19,440001;19,99;17,5;18,139999;18,139999;6366900
19/03/20;17,83;20,09;17,16;19,5;19,5;5364000
20/03/20;20,02;20,620001;19,059999;19,24;19,24;5948100
23/03/20;19,5;19,51;18,049999;18,76;18,76;2545800
24/03/20;19,799999;20,469999;19,440001;19,440001;19,440001;3363400
25/03/20;19,4;20,35;18,9;20,08;20,08;6030400
26/03/20;20,110001;21,76;20,110001;20,9;20,9;3476300
27/03/20;20,4;20,959999;19,700001;19,700001;19,700001;3276500
30/03/20;20,27;21,209999;20,030001;20,65;20,65;4917500
31/03/20;20,799999;20,93;19,67;20,24;20,24;3461500
01/04/20;19,9;20,09;19,09;20;20;4566500
02/04/20;20,1;20,32;19,700001;20,200001;20,200001;2654200
03/04/20;20,15;20,200001;18,98;19,209999;19,209999;5037900
06/04/20;20,549999;21,1;19,799999;20;20;3482400
07/04/20;21;22,709999;21;21,389999;21,389999;4807900
08/04/20;21,639999;22,4;21,52;21,639999;21,639999;2974400
09/04/20;22,02;22,299999;21,389999;21,549999;21,549999;2139800
13/04/20;21,66;21,74;21,16;21,34;21,34;2045600
14/04/20;21,940001;22,690001;21,73;22,4;22,4;3196100
15/04/20;22;22,85;21,65;22,48;22,48;4024700
16/04/20;22,91;23,1;22,35;22,719999;22,719999;2120100
17/04/20;23,1;23,82;23,030001;23,719999;23,719999;4534800
20/04/20;23,299999;24,75;23,129999;24,58;24,58;2470500
22/04/20;25,200001;25,25;24,16;24,25;24,25;2651600
23/04/20;24,35;24,860001;23,52;24,200001;24,200001;4202900
24/04/20;23,6;24,030001;21,6;23,110001;23,110001;6043900
27/04/20;23,84;24,1;23,34;23,4;23,4;1793700
28/04/20;23,940001;24,139999;23,41;23,41;23,41;1792400
29/04/20;23,74;24,07;22,84;23,290001;23,290001;4479900
30/04/20;23;23,450001;22,48;22,799999;22,799999;3809800
04/05/20;21,950001;22,5;21,5;21,709999;21,709999;1760800
05/05/20;22,07;22,41;21,52;21,52;21,52;1413500
06/05/20;21,65;21,98;21;21,6;21,6;2707700
07/05/20;21,68;21,969999;20,860001;20,98;20,98;2854000
08/05/20;21,58;21,65;20,66;20,66;20,66;1589600
11/05/20;20,690001;20,91;19,860001;19,860001;19,860001;3006400
12/05/20;20;20,84;19,879999;20;20;3918300
13/05/20;20,129999;20,190001;19,34;19,610001;19,610001;2308300
14/05/20;19,48;21,24;19,25;20,83;20,83;4505200
15/05/20;20,4;20,459999;19,5;20,15;20,15;5501800
18/05/20;20,799999;20,91;20,27;20,700001;20,700001;2262600
19/05/20;20,950001;21,1;19,959999;19,959999;19,959999;3437100
20/05/20;20,129999;21,02;20,1;20,870001;20,870001;3034200
21/05/20;20,82;22,290001;20,82;22,08;22,08;2928500
22/05/20;21,85;22,49;21,25;22,23;22,23;2136700
25/05/20;22,6;23,469999;22,48;23;23;2042500
26/05/20;23,5;24;23,1;23,1;23,1;2594100
27/05/20;24,5;25;23,17;23,35;23,35;3042200
28/05/20;23,5;23,51;22,549999;22,860001;22,860001;1765900
29/05/20;22,9;23,610001;22,559999;23,35;23,35;2516200
01/06/20;23,35;23,99;23,1;23,99;23,99;1613200
02/06/20;24,129999;25,860001;24,129999;25,610001;25,610001;2798300
03/06/20;25,98;27,190001;25,459999;25,85;25,85;3813400
04/06/20;25,799999;25,91;24,700001;25,200001;25,200001;3055200
05/06/20;25,99;26,16;25,66;25,790001;25,790001;2659100
08/06/20;26,01;26,48;25,92;26,059999;26,059999;1976100
09/06/20;25,690001;26,120001;24,83;25,59;25,59;2189400
10/06/20;25,52;25,860001;24,98;25,379999;25,379999;1878000
12/06/20;24,280001;24,959999;23,799999;24,91;24,91;3095200
15/06/20;24,129999;25;23,92;24,780001;24,780001;1727300
16/06/20;25,51;25,709999;24,67;25;25;2600500
17/06/20;25;26,190001;24,870001;26,190001;26,190001;2443800
18/06/20;26,1;26,35;25,459999;26;26;2546300
19/06/20;26,42;26,459999;25,1;25,110001;25,110001;5212000
22/06/20;25,299999;25,549999;24,799999;24,799999;24,799999;2471600
23/06/20;25,299999;26;24,700001;25,15;25,15;5282000
24/06/20;25;25,5;24,48;24,559999;24,559999;2167300
25/06/20;24,620001;25,27;24,4;24,940001;24,940001;1184600
26/06/20;24,92;25,07;24,200001;24,360001;24,360001;1352000
29/06/20;24,309999;24,65;24,1;24,610001;24,610001;1130800
30/06/20;24,469999;25,040001;24,389999;24,59;24,59;2023800
01/07/20;24,91;25,290001;24,629999;24,92;24,92;1878600
02/07/20;25,200001;25,4;24,620001;24,65;24,65;1643600
03/07/20;24,65;24,889999;24,540001;24,790001;24,790001;549800
06/07/20;25,23;25,35;24,93;24,98;24,98;1679400
07/07/20;25,049999;25,74;24,969999;25,74;25,74;1934100
08/07/20;25,860001;26,6;25,799999;26,27;26,27;2126900
09/07/20;26,370001;26,42;25,700001;25,700001;25,700001;952000
10/07/20;25,6;25,84;25,4;25,440001;25,440001;1226400
13/07/20;25,51;26,219999;25,299999;25,629999;25,629999;1974300
14/07/20;25,52;25,66;24,860001;25,629999;25,629999;2096500
15/07/20;25,84;26,370001;25,6;26,370001;26,370001;2100300
16/07/20;26,4;26,4;25,559999;25,809999;25,809999;2779400
17/07/20;25,92;26,129999;25,719999;25,9;25,9;1564500
20/07/20;26,040001;26,08;25,32;25,51;25,51;2709200
21/07/20;25,690001;25,799999;25;25,25;25,25;7540800
22/07/20;25,33;25,6;24,690001;24,950001;24,950001;3153200
23/07/20;25;25,26;24,209999;24,290001;24,290001;2352300
24/07/20;24,299999;24,549999;23,83;24,43;24,43;1539300
27/07/20;24,58;24,959999;24,299999;24,299999;24,299999;1424500
28/07/20;24,49;24,66;24,129999;24,540001;24,540001;1057800
29/07/20;24,700001;25,15;24,440001;24,889999;24,889999;2078600
30/07/20;24,91;25,73;24,6;25,629999;25,629999;2509400
31/07/20;24,75;25,77;24,6;25,610001;25,610001;3971100
03/08/20;25,690001;26,870001;25,5;26,440001;26,440001;3614000
04/08/20;26,52;27,24;25,77;26,1;26,1;4447700
05/08/20;26,51;26,940001;25,93;26,200001;26,200001;2983200
06/08/20;26,309999;26,57;25,799999;25,9;25,9;2337100
07/08/20;25,77;26,5;25,299999;26,040001;26,040001;2798300
10/08/20;26,139999;26,35;25,700001;25,98;25,98;1794100
11/08/20;26,1;26,469999;25,879999;25,959999;25,959999;1344900
12/08/20;26,07;26,08;24,91;25,16;25,16;2187200
13/08/20;25,299999;25,68;25;25,02;25,02;2081000
14/08/20;24,870001;25,129999;24,200001;24,76;24,76;2896800
17/08/20;24,77;24,98;23,92;24,360001;24,360001;3266600
18/08/20;24,66;25,1;24,52;24,99;24,99;1763700
19/08/20;25,1;25,290001;24,5;24,75;24,75;2092500
20/08/20;24,290001;24,9;24,139999;24,68;24,68;1398900
21/08/20;24,6;25,24;24,51;24,98;24,98;1671500
24/08/20;25,01;25,4;24,629999;25;25;1707700
25/08/20;25,200001;25,450001;25,01;25,450001;25,450001;831100
26/08/20;25,440001;25,68;24,959999;25,120001;25,120001;1870300
27/08/20;25,17;25,52;25,1;25,27;25,27;1066400
28/08/20;25,32;25,99;25,299999;25,83;25,83;1334400
31/08/20;25,799999;26,35;25,52;26,1;26,1;1890900
01/09/20;26,51;26,9;26,120001;26,49;26,49;3871400
02/09/20;27;28,440001;26,860001;28,24;28,24;6572800
03/09/20;28,23;28,719999;27,559999;27,700001;27,700001;2917800
04/09/20;27,950001;28,73;27,379999;28,49;28,49;2784800
08/09/20;27,940001;28,889999;27,92;28,459999;28,459999;2491500
09/09/20;28,700001;28,93;28,51;28,709999;28,709999;1286300
10/09/20;28,559999;28,950001;28,5;28,620001;28,620001;2127100
11/09/20;28,48;28,6;27,719999;27,77;27,77;2979900
14/09/20;28,01;29,110001;28,01;29;29;1591100
15/09/20;29,309999;29,49;28,92;29,17;29,17;1812100
16/09/20;29,209999;29,809999;29,200001;29,700001;29,700001;2148100
17/09/20;29,690001;29,799999;29,280001;29,52;29,52;1638500
18/09/20;29,42;29,68;28,780001;29,32;29,32;1849100
21/09/20;28,85;29,23;28,48;29,23;29,23;1926400
22/09/20;29,24;29,389999;28,790001;28,950001;28,950001;1299700
23/09/20;28,870001;29,07;27,559999;27,889999;27,889999;2873000
24/09/20;27,77;28,25;27,51;27,85;27,85;2940900
25/09/20;27,610001;27,809999;27,09;27,32;27,32;3186400
28/09/20;27,4;27,51;25,879999;26,26;26,26;3755100
29/09/20;26,110001;26,690001;25,719999;26,620001;26,620001;3359200
30/09/20;26,700001;26,879999;26,25;26,48;26,48;1859600
01/10/20;26,610001;26,780001;26,15;26,610001;26,610001;2060000
02/10/20;26,549999;26,780001;26,139999;26,32;26,32;1467000
05/10/20;26,299999;27,450001;26,200001;27,209999;27,209999;1807500
06/10/20;27,58;28,08;27,43;27,860001;27,860001;3106200
07/10/20;27,92;27,92;27,16;27,450001;27,450001;2035900
08/10/20;27,469999;28,299999;27,219999;28,1;28,1;2293000
09/10/20;27,93;28,360001;27,620001;27,719999;27,719999;1285700
13/10/20;27,860001;28,209999;27,459999;28,059999;28,059999;1692200
14/10/20;28,110001;28,790001;28,110001;28,4;28,4;1377000
15/10/20;27,950001;28,309999;27,709999;28,08;28,08;1787500
16/10/20;28,16;28,16;27,620001;27,77;27,77;1495300
19/10/20;27,84;28,190001;27,65;27,809999;27,809999;973800
20/10/20;27,879999;28,370001;27,549999;28,1;28,1;2049800
21/10/20;28,110001;28,540001;28,040001;28,1;28,1;1197900
22/10/20;28,1;28,389999;27,84;28,25;28,25;1446400
23/10/20;28,23;28,23;27,809999;27,870001;27,870001;855200
26/10/20;27,950001;28,059999;27,540001;27,74;27,74;923600
27/10/20;27,809999;28,389999;27,780001;27,969999;27,969999;1356800
28/10/20;27,299999;27,299999;26,25;26,25;26,25;1463500
29/10/20;26,23;27,5;26,059999;27,43;27,43;2861600
30/10/20;27,459999;28,200001;26,809999;27,35;27,35;4345000
03/11/20;27,6;27,690001;26,65;26,98;26,98;2372000
04/11/20;26,959999;27,74;26,92;27,18;27,18;2765400
05/11/20;27,6;29,5;27,57;29,01;29,01;5514300
06/11/20;28,74;28,860001;28,01;28,5;28,5;1912000
09/11/20;29,15;29,4;28,030001;28,139999;28,139999;2489700
10/11/20;28,129999;28,129999;27,200001;27,49;27,49;2808100
11/11/20;27,5;27,530001;26,77;26,950001;26,950001;1802700
12/11/20;26,950001;26,950001;26,370001;26,5;26,5;2111400
13/11/20;26,559999;27,34;26,459999;27,219999;27,219999;1496600
16/11/20;27,68;27,76;27,25;27,549999;27,549999;1463000
17/11/20;27,4;27,6;26,860001;27,459999;27,459999;2112800
18/11/20;27,459999;27,58;26,93;27,030001;27,030001;1195200
19/11/20;27,040001;27,469999;26,889999;27,33;27,33;924400
23/11/20;27,48;27,49;26,950001;27,26;27,26;888300
24/11/20;27,15;27,25;26,559999;27;27;1801500
25/11/20;26,99;27,280001;26,92;27,040001;27,040001;1323000
26/11/20;27,09;27,15;26,799999;26,9;26,9;899700
27/11/20;27,01;27,1;26,719999;26,889999;26,889999;914900