Data;Open;High;Low;Close;Adj Close;Volume
30/11/2015;2,35;2,35;2,35;2,35;2,088371;0
01/12/2015;2,35;2,35;2,35;2,35;2,088371;0
02/12/2015;2,35;2,35;2,35;2,35;2,088371;0
03/12/2015;2,35;2,35;2,35;2,35;2,088371;0
04/12/2015;2,35;2,35;2,35;2,35;2,088371;0
07/12/2015;2,35;2,35;2,35;2,35;2,088371;0
08/12/2015;2,35;2,35;2,35;2,35;2,088371;0
09/12/2015;2,35;2,35;2,35;2,35;2,088371;0
10/12/2015;2,35;2,35;2,35;2,35;2,088371;0
11/12/2015;2,35;2,35;2,35;2,35;2,088371;0
14/12/2015;2,35;2,35;2,35;2,35;2,088371;0
15/12/2015;2,35;2,35;2,35;2,35;2,088371;0
16/12/2015;2,35;2,35;2,35;2,35;2,088371;0
17/12/2015;2,35;2,35;2,35;2,35;2,088371;0
18/12/2015;2,35;2,35;2,35;2,35;2,088371;0
21/12/2015;2,35;2,35;2,35;2,35;2,088371;0
22/12/2015;2,35;2,35;2,35;2,35;2,088371;0
23/12/2015;2,35;2,35;2,35;2,35;2,088371;0
28/12/2015;2,35;2,35;2,35;2,35;2,088371;0
29/12/2015;2,35;2,35;2,35;2,35;2,088371;0
30/12/2015;2,35;2,35;2,35;2,35;2,088371;0
04/01/2016;2,35;2,35;2,35;2,35;2,088371;0
05/01/2016;2,35;2,35;2,35;2,35;2,088371;0
06/01/2016;2,35;2,35;2,35;2,35;2,088371;0
07/01/2016;2,35;2,35;2,35;2,35;2,088371;0
08/01/2016;2,35;2,35;2,35;2,35;2,088371;0
11/01/2016;2,35;2,35;2,35;2,35;2,088371;0
12/01/2016;2,35;2,35;2,35;2,35;2,088371;0
13/01/2016;2,35;2,35;2,35;2,35;2,088371;0
14/01/2016;2,35;2,35;2,35;2,35;2,088371;0
15/01/2016;2,35;2,35;2,35;2,35;2,088371;0
18/01/2016;2,35;2,35;2,35;2,35;2,088371;0
19/01/2016;2,35;2,35;2,35;2,35;2,088371;0
20/01/2016;2,35;2,35;2,35;2,35;2,088371;0
21/01/2016;2,35;2,35;2,35;2,35;2,088371;0
22/01/2016;2,35;2,35;2,35;2,35;2,088371;0
26/01/2016;2,35;2,35;2,35;2,35;2,088371;0
27/01/2016;2,35;2,35;2,35;2,35;2,088371;0
28/01/2016;2,35;2,35;2,35;2,35;2,088371;0
29/01/2016;2,35;2,35;2,35;2,35;2,088371;0
01/02/2016;2,35;2,35;2,35;2,35;2,088371;0
02/02/2016;2,35;2,35;2,35;2,35;2,088371;0
03/02/2016;2,35;2,35;2,35;2,35;2,088371;0
04/02/2016;2,35;2,35;2,35;2,35;2,088371;0
05/02/2016;2,35;2,35;2,35;2,35;2,088371;0
10/02/2016;2,35;2,35;2,35;2,35;2,088371;0
11/02/2016;2,35;2,35;2,35;2,35;2,088371;0
12/02/2016;2,35;2,35;2,35;2,35;2,088371;0
15/02/2016;2,35;2,35;2,35;2,35;2,088371;0
16/02/2016;2,35;2,35;2,35;2,35;2,088371;0
17/02/2016;2,35;2,35;2,35;2,35;2,088371;0
18/02/2016;2,35;2,35;2,35;2,35;2,088371;0
19/02/2016;2,35;2,35;2,35;2,35;2,088371;0
22/02/2016;2,35;2,35;2,35;2,35;2,088371;0
23/02/2016;2,35;2,35;2,35;2,35;2,088371;0
24/02/2016;2,35;2,35;2,35;2,35;2,088371;0
25/02/2016;2,35;2,35;2,35;2,35;2,088371;0
26/02/2016;2,35;2,35;2,35;2,35;2,088371;0
29/02/2016;2,35;2,35;2,35;2,35;2,088371;0
01/03/2016;2,35;2,35;2,35;2,35;2,088371;0
02/03/2016;2,35;2,35;2,35;2,35;2,088371;0
03/03/2016;2,35;2,35;2,35;2,35;2,088371;0
04/03/2016;2,35;2,35;2,35;2,35;2,088371;0
07/03/2016;2,35;2,35;2,35;2,35;2,088371;0
08/03/2016;2,35;2,35;2,35;2,35;2,088371;0
09/03/2016;2,35;2,35;2,35;2,35;2,088371;0
10/03/2016;2,35;2,35;2,35;2,35;2,088371;0
11/03/2016;2,35;2,35;2,35;2,35;2,088371;0
14/03/2016;2,35;2,35;2,35;2,35;2,088371;0
15/03/2016;2,35;2,35;2,35;2,35;2,088371;0
16/03/2016;2,35;2,35;2,35;2,35;2,088371;0
17/03/2016;2,35;2,35;2,35;2,35;2,088371;0
18/03/2016;2,35;2,35;2,35;2,35;2,088371;0
21/03/2016;2,35;2,35;2,35;2,35;2,088371;0
22/03/2016;2,35;2,35;2,35;2,35;2,088371;0
23/03/2016;2,35;2,35;2,35;2,35;2,088371;0
24/03/2016;2,35;2,35;2,35;2,35;2,088371;0
28/03/2016;2,35;2,35;2,35;2,35;2,088371;0
29/03/2016;2,35;2,35;2,35;2,35;2,088371;0
30/03/2016;2,35;2,35;2,35;2,35;2,088371;0
31/03/2016;2,35;2,35;2,35;2,35;2,088371;0
01/04/2016;2,35;2,35;2,35;2,35;2,088371;0
04/04/2016;2,35;2,35;2,35;2,35;2,088371;0
05/04/2016;2,35;2,35;2,35;2,35;2,088371;0
06/04/2016;2,35;2,35;2,35;2,35;2,088371;0
07/04/2016;2,35;2,35;2,35;2,35;2,088371;0
08/04/2016;2,35;2,35;2,35;2,35;2,088371;0
11/04/2016;2,35;2,35;2,35;2,35;2,088371;0
12/04/2016;2,35;2,35;2,35;2,35;2,088371;0
13/04/2016;2,35;2,35;2,35;2,35;2,088371;0
14/04/2016;2,35;2,35;2,35;2,35;2,088371;0
15/04/2016;2,35;2,35;2,35;2,35;2,088371;0
18/04/2016;2,35;2,35;2,35;2,35;2,088371;0
19/04/2016;2,35;2,35;2,35;2,35;2,088371;0
20/04/2016;2,35;2,35;2,35;2,35;2,088371;0
22/04/2016;2,35;2,35;2,35;2,35;2,088371;0
25/04/2016;2,35;2,35;2,35;2,35;2,088371;0
26/04/2016;2,35;2,35;2,35;2,35;2,088371;0
27/04/2016;2,35;2,35;2,35;2,35;2,088371;0
28/04/2016;2,35;2,35;2,35;2,35;2,088371;0
29/04/2016;2,35;2,35;2,35;2,35;2,088371;0
02/05/2016;2,35;2,35;2,35;2,35;2,088371;0
03/05/2016;2,35;2,35;2,35;2,35;2,088371;0
04/05/2016;2,35;2,35;2,35;2,35;2,088371;0
05/05/2016;2,35;2,35;2,35;2,35;2,088371;0
06/05/2016;2,35;2,35;2,35;2,35;2,088371;0
09/05/2016;2,35;2,35;2,35;2,35;2,088371;0
10/05/2016;2,35;2,35;2,35;2,35;2,088371;0
11/05/2016;2,35;2,35;2,35;2,35;2,088371;0
12/05/2016;2,35;2,35;2,35;2,35;2,088371;0
13/05/2016;2,35;2,35;2,35;2,35;2,088371;0
16/05/2016;2,35;2,35;2,35;2,35;2,088371;0
17/05/2016;2,35;2,35;2,35;2,35;2,088371;0
18/05/2016;2,35;2,35;2,35;2,35;2,088371;0
19/05/2016;2,35;2,35;2,35;2,35;2,088371;0
20/05/2016;2,35;2,35;2,35;2,35;2,088371;0
23/05/2016;2,35;2,35;2,35;2,35;2,088371;0
24/05/2016;2,35;2,35;2,35;2,35;2,088371;0
25/05/2016;2,35;2,35;2,35;2,35;2,088371;0
27/05/2016;2,35;2,35;2,35;2,35;2,088371;0
30/05/2016;2,35;2,35;2,35;2,35;2,088371;0
31/05/2016;2,35;2,35;2,35;2,35;2,088371;0
01/06/2016;2,35;2,35;2,35;2,35;2,088371;0
02/06/2016;2,35;2,35;2,35;2,35;2,088371;0
03/06/2016;2,35;2,35;2,35;2,35;2,088371;0
06/06/2016;2,35;2,35;2,35;2,35;2,088371;0
07/06/2016;2,35;2,35;2,35;2,35;2,088371;0
08/06/2016;6,51;6,6;6,5;6,6;5,865214;1700
09/06/2016;6,6;6,6;6,6;6,6;5,865214;0
10/06/2016;6,05;6,05;6,03;6,03;5,358674;1500
13/06/2016;6,03;6,03;6,03;6,03;5,358674;0
14/06/2016;6,56;6,67;6,34;6,67;5,927421;1900
15/06/2016;6,4;6,4;6;6;5,332013;500
16/06/2016;6;6;6;6;5,332013;0
17/06/2016;6,31;6,31;6,27;6,27;5,571953;1900
20/06/2016;6,27;6,27;6,27;6,27;5,571953;0
21/06/2016;6,5;6,55;6,5;6,55;5,820781;700
22/06/2016;6,55;6,55;6,55;6,55;5,820781;0
23/06/2016;6,55;6,55;6,55;6,55;5,820781;0
24/06/2016;6,79;6,79;6,68;6,68;5,936308;400
27/06/2016;6,68;6,68;6,68;6,68;5,936308;0
28/06/2016;6,85;6,85;6,5;6,5;5,776348;1700
29/06/2016;6,27;6,27;6,03;6,03;5,358674;2200
30/06/2016;6,03;6,28;6,02;6,28;5,580839;1200
01/07/2016;6,3;6,58;6,3;6,57;5,838554;1300
04/07/2016;6,57;6,57;6,57;6,57;5,838554;0
05/07/2016;6,57;6,57;6,57;6,57;5,838554;0
06/07/2016;6,57;6,57;6,57;6,57;5,838554;0
07/07/2016;6,41;6,41;6,41;6,41;5,696367;100
08/07/2016;6,41;6,41;5,96;5,96;5,296466;3900
11/07/2016;5,96;5,96;5,93;5,93;5,269806;1200
12/07/2016;6,12;6,16;6,1;6,1;5,420879;1300
13/07/2016;5,97;5,98;5,91;5,91;5,252032;1100
14/07/2016;5,94;6,22;5,91;6,22;5,527521;2200
15/07/2016;6;6,02;5,8;5,82;5,172053;3800
18/07/2016;5,77;5,83;5,72;5,76;5,118732;1800
19/07/2016;5,86;5,95;5,75;5,78;5,136506;1900
20/07/2016;5,89;6,05;5,87;5,87;5,216486;4900
21/07/2016;5,75;6,27;5,75;6,14;5,456427;2400
22/07/2016;6,1;6,34;6,1;6,34;5,634161;2400
25/07/2016;5,9;5,93;5,8;5,9;5,243147;9400
26/07/2016;5,9;6,07;5,86;5,86;5,2076;47600
27/07/2016;6,05;6,1;5,9;5,92;5,26092;13400
28/07/2016;5,92;6,46;5,92;6,35;5,643048;14300
29/07/2016;6,53;6,53;6;6,35;5,643048;10800
01/08/2016;6,16;6,94;6,15;6,55;5,84248;26600
02/08/2016;6;6,11;5,85;5,85;5,218091;2000
03/08/2016;5,85;5,85;5,85;5,85;5,218091;0
04/08/2016;6,02;6,36;6,02;6,25;5,574884;6500
05/08/2016;6,25;6,25;5,75;5,75;5,128893;10500
08/08/2016;6;6,35;6;6,35;5,664082;5500
09/08/2016;6,2;6,44;6,18;6,43;5,735441;7200
10/08/2016;6,07;6,23;5,98;6,21;5,539205;7100
11/08/2016;5,98;6,16;5,97;6,16;5,494605;4100
12/08/2016;6,1;6,26;6,03;6,26;5,583804;4100
15/08/2016;6,26;6,26;6,26;6,26;5,583804;0
16/08/2016;6,3;6,3;6,3;6,3;5,619484;200
17/08/2016;6,07;6,2;5,99;5,99;5,342968;5600
18/08/2016;6,14;6,26;6,14;6,23;5,557045;2900
19/08/2016;6,23;6,23;6,23;6,23;5,557045;0
22/08/2016;6,23;6,23;6,23;6,23;5,557045;0
23/08/2016;6,03;6,27;6,03;6,2;5,530285;1900
24/08/2016;6,2;6,3;6,2;6,3;5,619484;2000
25/08/2016;6,3;6,3;6,3;6,3;5,619484;0
26/08/2016;6,1;6,1;6,05;6,05;5,396488;300
29/08/2016;6,22;6,5;6,22;6,5;5,79788;3900
30/08/2016;6,5;6,5;6,5;6,5;5,79788;0
31/08/2016;6,54;6,54;6,54;6,54;5,833559;100
01/09/2016;7,06;7,06;6,84;6,84;6,101153;1200
02/09/2016;6,77;6,77;6,74;6,74;6,011956;200
05/09/2016;6,75;6,75;6,39;6,39;5,699761;3100
06/09/2016;6,35;6,56;6;6,36;5,673003;2100
08/09/2016;6,56;6,59;6,5;6,5;5,79788;10700
09/09/2016;6,4;6,4;6,4;6,4;5,708681;3500
12/09/2016;6,5;6,55;6,5;6,55;5,84248;17200
13/09/2016;6,55;6,55;6,55;6,55;5,84248;0
14/09/2016;6,55;6,55;6,55;6,55;5,84248;0
15/09/2016;6,54;6,54;6,54;6,54;5,833559;300
16/09/2016;6,54;6,54;6,54;6,54;5,833559;0
19/09/2016;6,37;6,37;6,07;6,07;5,414328;300
20/09/2016;6,32;6,32;6,23;6,31;5,628403;700
21/09/2016;6,17;6,17;6;6,15;5,485687;14100
22/09/2016;6,05;6,15;5,96;6,15;5,485687;9600
23/09/2016;6,15;6,55;6,08;6,1;5,441087;17200
26/09/2016;5,95;6,42;5,95;6,1;5,441087;18300
27/09/2016;6,2;6,5;6,2;6,38;5,690842;3200
28/09/2016;6,15;6,15;6,06;6,11;5,450007;300
29/09/2016;6,28;6,28;5,95;5,95;5,30729;3600
30/09/2016;6,13;6,2;5,75;5,86;5,227012;6100
03/10/2016;6,05;6,3;6,05;6,2;5,530285;3400
04/10/2016;6,1;6,1;5,94;5,99;5,342968;11900
05/10/2016;6,05;6,07;5,95;5,95;5,30729;1900
06/10/2016;5,92;6;5,85;5,88;5,244852;6500
07/10/2016;5,85;5,9;5,7;5,7;5,084294;45900
10/10/2016;5,9;5,9;5,5;5,51;4,914818;2300
11/10/2016;5,66;5,71;5,66;5,7;5,084294;6400
13/10/2016;5,7;5,7;5,7;5,7;5,084294;0
14/10/2016;5,86;5,87;5,55;5,55;4,950497;6200
17/10/2016;5,56;5,56;5,5;5,5;4,905898;6800
18/10/2016;5,5;5,5;5,33;5,35;4,772102;2400
19/10/2016;5,41;5,41;5,25;5,25;4,682903;3100
20/10/2016;5,3;5,3;5,3;5,3;4,727502;500
21/10/2016;5,28;5,38;5,26;5,26;4,691823;3900
24/10/2016;5,25;5,3;5,21;5,3;4,727502;2000
25/10/2016;5,32;5,45;5,23;5,23;4,665064;4300
26/10/2016;5,12;5,32;5;5;4,459908;18200
27/10/2016;5,05;5,05;4,85;4,9;4,370709;16700
28/10/2016;5,1;5,2;4,87;4,87;4,34395;7800
31/10/2016;4,81;5,25;4,7;4,9;4,370709;35100
01/11/2016;4,95;5,24;4,95;5,24;4,673983;6200
03/11/2016;5,24;5,24;4,8;4,94;4,406388;12200
04/11/2016;5,09;5,09;4,82;4,82;4,321705;4900
07/11/2016;5,09;5,15;4,94;5,15;4,61759;6700
08/11/2016;5,17;5,3;5,08;5,08;4,554827;7900
09/11/2016;5,33;5,33;5,01;5,1;4,572759;4400
10/11/2016;5,45;5,6;5,3;5,55;4,976238;25700
11/11/2016;5,35;5,83;5,35;5,79;5,191427;36900
14/11/2016;5,82;5,9;5,6;5,86;5,25419;5300
16/11/2016;5,94;5,94;5,4;5,8;5,200393;4800
17/11/2016;5,85;5,85;5,5;5,6;5,021069;7000
18/11/2016;5,7;5,7;5,45;5,52;4,949339;1500
21/11/2016;5,25;5,25;5,1;5,25;4,707252;8100
22/11/2016;5,35;5,5;5,3;5,39;4,832779;2900
23/11/2016;5,45;5,7;5,32;5,7;5,11073;4700
24/11/2016;5,7;5,7;5,59;5,59;5,012103;3400
25/11/2016;5,66;5,67;5,45;5,65;5,0659;1500
28/11/2016;5,49;6,27;5,38;6,2;5,559041;27400
29/11/2016;6,15;6,3;6;6,24;5,594905;16200
30/11/2016;6,35;6,53;6;6;5,379717;8400
01/12/2016;6,13;6,13;5,7;5,8;5,200393;6300
02/12/2016;5,7;5,7;5,4;5,7;5,11073;4000
05/12/2016;5,6;5,62;5,31;5,31;4,761048;5700
06/12/2016;5,52;5,6;5,35;5,35;4,796914;2800
07/12/2016;5,51;6,06;5,51;6,06;5,433513;7400
08/12/2016;6,07;6,15;5,8;5,9;5,290055;5200
09/12/2016;6,08;6,28;5,99;6,03;5,406615;5900
12/12/2016;6,12;6,12;5,74;5,75;5,155562;4500
13/12/2016;5,74;5,75;5,6;5,75;5,155562;5200
14/12/2016;5,68;5,97;5,68;5,97;5,352818;3300
15/12/2016;6;6,49;5,85;6,4;5,738366;7200
16/12/2016;6,4;6,6;6,4;6,6;5,917689;28400
19/12/2016;6,6;6,6;6,36;6,48;5,810093;2400
20/12/2016;6,48;6,48;6,48;6,48;5,810093;0
21/12/2016;6,46;6,46;6,46;6,46;5,792161;8500
22/12/2016;6,46;6,46;5,9;5,91;5,299021;16200
23/12/2016;5,9;5,9;5,75;5,86;5,25419;5900
26/12/2016;5,99;6,01;5,95;6;5,379717;2100
27/12/2016;5,86;6,1;5,86;6,1;5,469378;7600
28/12/2016;6,1;6,42;6,1;6,42;5,756296;5200
29/12/2016;6,23;6,23;6,05;6,06;5,433513;2400
02/01/2017;6,13;6,2;5,91;5,93;5,316954;9700
03/01/2017;6,01;6,05;5,9;6;5,379717;6900
04/01/2017;5,97;6,15;5,79;5,8;5,200393;24500
05/01/2017;5,8;5,81;5,69;5,69;5,101765;29100
06/01/2017;5,57;5,57;5,35;5,48;4,913474;21700
09/01/2017;5,48;5,48;5,35;5,36;4,805881;17800
10/01/2017;5,35;5,4;5,11;5,15;4,61759;29800
11/01/2017;5,25;5,35;5,18;5,19;4,653455;16100
12/01/2017;5,21;5,35;5,16;5,35;4,796914;7500
13/01/2017;5,3;5,3;5,18;5,18;4,644488;12600
16/01/2017;5,19;5,24;5,19;5,19;4,653455;8900
17/01/2017;5,19;5,29;5,18;5,21;4,671387;5500
18/01/2017;5,26;5,27;5,19;5,26;4,716218;6200
19/01/2017;5,3;5,54;5,3;5,43;4,868644;15000
20/01/2017;5,56;5,62;5,2;5,28;4,734151;38300
23/01/2017;5,25;5,31;5,15;5,31;4,761048;12300
24/01/2017;5,44;5,45;5,1;5,19;4,653455;24800
26/01/2017;5,19;5,34;5,18;5,3;4,752083;1400
27/01/2017;5,3;5,34;5,25;5,34;4,787948;17100
30/01/2017;5,3;5,3;5,21;5,21;4,671387;7600
31/01/2017;5,22;5,22;5,01;5,01;4,492064;44700
01/02/2017;5,17;5,17;4,57;4,57;4,097551;64500
02/02/2017;4,8;4,9;4,67;4,8;4,303773;38500
03/02/2017;4,8;4,95;4,8;4,8;4,303773;30000
06/02/2017;4,8;4,8;4,68;4,68;4,221176;58000
07/02/2017;4,62;4,62;4,52;4,57;4,147149;17000
08/02/2017;4,6;4,65;4,56;4,62;4,192523;33600
09/02/2017;4,65;4,65;4,55;4,57;4,147149;5000
10/02/2017;4,58;4,65;4,55;4,57;4,147149;1300
13/02/2017;4,62;4,62;4,5;4,5;4,083626;23800
14/02/2017;4,5;4,78;4,49;4,78;4,337719;28400
15/02/2017;4,79;4,95;4,79;4,95;4,491988;29100
16/02/2017;4,89;4,89;4,8;4,8;4,355868;21300
17/02/2017;4,78;4,82;4,56;4,63;4,201598;22200
20/02/2017;4,74;4,74;4,52;4,55;4,128999;43000
21/02/2017;4,6;4,68;4,5;4,5;4,083626;23800
22/02/2017;4,51;4,51;4,48;4,5;4,083626;45200
23/02/2017;4,54;4,55;4,4;4,41;4,001954;40600
24/02/2017;4,42;4,54;4,32;4,54;4,119925;14000
01/03/2017;4,54;4,54;4,44;4,44;4,029178;17800
02/03/2017;4,53;4,6;4,35;4,6;4,174373;51200
03/03/2017;4,6;4,64;4,47;4,6;4,174373;16400
06/03/2017;4,6;4,65;4,46;4,58;4,156225;17000
07/03/2017;4,6;4,74;4,6;4,61;4,183448;26200
08/03/2017;4,6;4,7;4,6;4,7;4,26512;18400
09/03/2017;4,7;4,93;4,7;4,93;4,47384;28300
10/03/2017;4,94;4,95;4,65;4,95;4,491988;16400
13/03/2017;4,93;5,1;4,93;5,1;4,628109;37500
14/03/2017;5,01;5,01;4,7;4,75;4,310494;9500
15/03/2017;4,82;4,82;4,58;4,6;4,174373;25700
16/03/2017;4,55;4,58;4,5;4,52;4,101776;14400
17/03/2017;4,6;4,61;4,42;4,45;4,038252;17000
20/03/2017;4,47;4,74;4,47;4,62;4,192523;5300
21/03/2017;4,68;4,7;4,42;4,42;4,011028;39600
22/03/2017;4,42;4,43;4,25;4,3;3,902132;60000
23/03/2017;4,41;4,41;4,28;4,28;3,883982;73500
24/03/2017;4,3;4,3;4,16;4,2;3,811384;59200
27/03/2017;4,28;4,35;3,76;3,84;3,484694;58200
28/03/2017;3,99;4,13;3,99;4,09;3,711563;31600
29/03/2017;4,09;4,26;4;4,25;3,856758;14300
30/03/2017;4,25;4,33;4,22;4,33;3,929355;9200
31/03/2017;4,35;4,49;4,35;4,45;4,038252;21800
03/04/2017;4,31;4,35;4,25;4,27;3,874907;13500
04/04/2017;4,26;4,37;4,23;4,26;3,865833;29200
05/04/2017;4,26;4,34;4,2;4,25;3,856758;33100
06/04/2017;4,18;4,26;4,12;4,23;3,838608;26500
07/04/2017;4,25;4,25;4,23;4,24;3,847683;4400
10/04/2017;4,26;4,26;4,16;4,2;3,811384;3100
11/04/2017;4,2;4,44;4,2;4,3;3,902132;60200
12/04/2017;4,3;4,39;4,3;4,39;3,983804;7700
13/04/2017;4,39;4,39;4,1;4,11;3,729712;41900
17/04/2017;4,12;4,16;4;4,08;3,702488;13200
18/04/2017;4,08;4,25;4,08;4,24;3,847683;9300
19/04/2017;4,28;4,28;4,2;4,28;3,883982;7200
20/04/2017;4,33;4,39;4,2;4,39;3,983804;29100
24/04/2017;4,39;4,4;4,38;4,4;3,992879;26400
25/04/2017;4,37;4,38;4,15;4,36;3,95658;31900
26/04/2017;4,36;4,5;4,35;4,48;4,075697;47000
27/04/2017;4,48;4,54;4,45;4,54;4,130282;17800
28/04/2017;4,5;4,57;4,41;4,41;4,012014;28100
02/05/2017;4,41;4,58;4,3;4,57;4,157575;32100
03/05/2017;4,56;4,57;4,53;4,57;4,157575;15900
04/05/2017;4,57;4,58;4,47;4,58;4,166673;14700
05/05/2017;4,6;4,65;4,55;4,65;4,242085;12400
08/05/2017;4,72;4,72;4,6;4,6;4,19647;12700
09/05/2017;4,69;4,75;4,6;4,6;4,19647;19600
10/05/2017;4,57;4,57;4,38;4,52;4,12349;20700
11/05/2017;4,52;4,56;4,36;4,52;4,12349;18000
12/05/2017;4,38;4,5;4,37;4,37;3,986649;6600
15/05/2017;4,65;4,65;4,5;4,5;4,105243;1200
16/05/2017;4,5;4,62;4,5;4,5;4,105243;11600
17/05/2017;4,5;4,61;4,37;4,56;4,159981;11100
18/05/2017;4,2;4,98;4,06;4,95;4,515768;165000
19/05/2017;4,85;4,95;4,78;4,9;4,470155;36500
22/05/2017;4,8;5,1;4,75;4,95;4,515768;63300
23/05/2017;4,94;5,16;4,94;5,15;4,698223;34800
24/05/2017;5;5,05;4,79;4,9;4,470155;17400
25/05/2017;4,9;5,16;4,9;5,16;4,707345;38000
26/05/2017;5,15;5,19;4,95;4,95;4,515768;40900
29/05/2017;4,95;4,95;4,95;4,95;4,515768;0
30/05/2017;4,92;5,41;4,82;5,4;4,926292;120500
31/05/2017;5,4;5,44;5,24;5,43;4,95366;13100
01/06/2017;5,3;5,48;5,3;5,3;4,835065;14800
02/06/2017;5,5;5,5;5,19;5,44;4,962784;10100
05/06/2017;5,4;5,5;5,4;5,5;5,01752;21200
06/06/2017;5,45;5,5;5,35;5,44;4,962784;4300
07/06/2017;5,44;5,44;5,15;5,27;4,807696;6400
08/06/2017;5,26;5,42;5,2;5,42;4,944539;5900
09/06/2017;5,28;5,4;4,91;4,97;4,534014;30900
12/06/2017;5,01;5,35;4,92;5,25;4,789451;17000
13/06/2017;5,1;5,37;5,1;5,35;4,880679;6500
14/06/2017;5,25;5,35;5,25;5,27;4,807696;10000
15/06/2017;5,27;5,27;5,27;5,27;4,807696;0
16/06/2017;5,35;5,53;5,27;5,52;5,035767;14000
19/06/2017;5,52;5,52;5,35;5,5;5,01752;10700
20/06/2017;5,49;5,54;5,35;5,35;4,880679;5400
21/06/2017;5,35;5,36;5,2;5,2;4,743837;3500
22/06/2017;5,2;5,3;5,01;5,28;4,81682;4800
23/06/2017;5,11;5,2;4,9;4,9;4,470155;30500
26/06/2017;5,06;5,3;5,06;5,11;4,661733;17700
27/06/2017;5,22;5,35;5,1;5,1;4,65261;12200
28/06/2017;5,15;5,25;5,15;5,24;4,780329;1700
29/06/2017;5,24;5,25;5;5,15;4,698223;12500
30/06/2017;5,1;5,15;4,96;4,96;4,524891;52200
03/07/2017;5,07;5,15;5;5,14;4,6891;4900
04/07/2017;5,22;5,23;5,12;5,23;4,771206;12300
05/07/2017;5,15;5,21;5,11;5,16;4,707345;8300
06/07/2017;5,13;5,13;4,94;4,95;4,515768;21100
07/07/2017;4,96;5,03;4,62;4,74;4,324191;30400
10/07/2017;4,74;4,79;4,63;4,7;4,287698;21200
11/07/2017;4,76;5,05;4,71;4,98;4,543137;13900
12/07/2017;5,02;5,05;4,8;4,85;4,424541;11800
13/07/2017;4,85;4,87;4,82;4,82;4,397172;11600
14/07/2017;4,9;4,96;4,87;4,87;4,442787;8200
17/07/2017;4,92;5,14;4,92;5,1;4,65261;26400
18/07/2017;5,08;5,08;4,95;5,06;4,616119;10800
19/07/2017;4,93;4,99;4,92;4,99;4,552259;6300
20/07/2017;4,92;5,08;4,91;5,08;4,634365;10000
21/07/2017;5,06;5,11;4,98;4,98;4,543137;6700
24/07/2017;4,94;5,1;4,76;5;4,561383;20900
25/07/2017;4,85;4,91;4,79;4,82;4,397172;8800
26/07/2017;4,82;4,94;4,8;4,8;4,378927;25700
27/07/2017;4,8;4,9;4,8;4,85;4,424541;1000
28/07/2017;4,8;4,92;4,75;4,76;4,342436;15200
31/07/2017;4,81;4,82;4,7;4,7;4,287698;20100
01/08/2017;4,7;4,9;4,7;4,76;4,342436;24300
02/08/2017;4,75;5,07;4,75;4,9;4,494691;35600
03/08/2017;4,9;4,91;4,75;4,8;4,402963;17000
04/08/2017;4,8;5,01;4,8;4,99;4,577247;22700
07/08/2017;4,99;4,99;4,8;4,9;4,494691;26700
08/08/2017;4,83;4,83;4,66;4,68;4,292889;83400
09/08/2017;4,66;4,75;4,6;4,61;4,228678;23500
10/08/2017;4,57;4,61;4,55;4,6;4,219505;8600
11/08/2017;4,72;4,9;4,71;4,8;4,402963;28700
14/08/2017;4,79;4,9;4,75;4,85;4,448827;6800
15/08/2017;4,87;4,98;4,87;4,97;4,5589;47900
16/08/2017;4,96;5,1;4,96;5,09;4,668976;63000
17/08/2017;5;5;4,9;4,98;4,568074;25100
18/08/2017;4,9;5,01;4,9;4,95;4,540555;10400
21/08/2017;4,9;5,05;4,9;5,04;4,62311;17200
22/08/2017;5,05;5,09;5,05;5,09;4,668976;19300
23/08/2017;5,09;5,2;5;5,09;4,668976;20100
24/08/2017;5;5,22;4,94;5,22;4,788222;57100
25/08/2017;5,24;5,24;5,04;5,05;4,632283;24800
28/08/2017;5,19;5,19;5,1;5,1;4,678148;9400
29/08/2017;5,19;5,19;5;5,09;4,668976;13900
30/08/2017;4,95;5,1;4,95;5;4,58642;3100
31/08/2017;4,97;5;4,9;4,91;4,503864;23700
01/09/2017;4,9;4,91;4,9;4,9;4,494691;31800
04/09/2017;5,07;5,11;4,95;5,08;4,659802;32900
05/09/2017;5,08;5,17;5;5;4,58642;30700
06/09/2017;5,09;5,09;4,91;5,06;4,641457;22500
07/09/2017;5,06;5,06;5,06;5,06;4,641457;0
08/09/2017;5,06;5,06;4,96;5;4,58642;9000
11/09/2017;5,08;5,23;5;5,23;4,797396;56500
12/09/2017;5,1;5,1;4,95;4,96;4,549728;98900
13/09/2017;4,98;5,05;4,98;4,98;4,568074;37400
14/09/2017;4,96;5,05;4,96;5,04;4,62311;8400
15/09/2017;4,96;5,09;4,96;5,06;4,641457;33500
18/09/2017;5,08;5,25;4,95;5,25;4,81574;83300
19/09/2017;5,24;5,36;5,24;5,36;4,916641;68100
20/09/2017;5,36;5,36;5,2;5,27;4,834085;17800
21/09/2017;5,36;5,5;5,25;5,49;5,035888;20000
22/09/2017;5,45;5,65;5,45;5,46;5,008369;11100
25/09/2017;5,43;5,6;5,35;5,44;4,990025;13000
26/09/2017;5,31;5,58;5,07;5,1;4,678148;26200
27/09/2017;5,11;5,5;5,1;5,24;4,806568;12600
28/09/2017;5,22;5,28;5,05;5,12;4,696494;18800
29/09/2017;5,13;5,2;5,05;5,2;4,769876;24200
02/10/2017;5,12;5,2;5,08;5,08;4,659802;11500
03/10/2017;5,24;5,4;5,19;5,4;4,953333;21200
04/10/2017;5,38;5,4;5,29;5,29;4,852432;7100
05/10/2017;5,2;5,39;5,2;5,33;4,889123;35600
06/10/2017;5,35;5,6;5,35;5,5;5,045062;18800
09/10/2017;5,55;5,55;5,35;5,35;4,907469;1800
10/10/2017;5,4;5,52;5,25;5,26;4,824913;6200
11/10/2017;5,27;5,5;5,27;5,45;4,999197;7700
12/10/2017;5,45;5,45;5,45;5,45;4,999197;0
13/10/2017;5,49;5,51;5,3;5,34;4,898296;11900
16/10/2017;5,45;5,8;5,35;5,7;5,228518;27000
17/10/2017;5,65;5,7;5,45;5,65;5,182655;12600
18/10/2017;5,51;5,78;5,51;5,61;5,145963;5400
19/10/2017;5,61;5,61;5,5;5,55;5,090927;6200
20/10/2017;5,57;5,85;5,57;5,81;5,329419;10300
23/10/2017;5,55;5,56;5,31;5,38;4,934987;122700
24/10/2017;5,55;5,61;5,31;5,39;4,94416;23100
25/10/2017;5,57;5,57;5,31;5,53;5,07258;14900
26/10/2017;5,54;5,54;5,38;5,5;5,045062;21500
27/10/2017;5,48;5,62;5,46;5,47;5,017542;20200
30/10/2017;5,55;5,55;5,01;5,01;4,595592;70600
31/10/2017;5,3;5,42;5,25;5,27;4,834085;15900
01/11/2017;5,3;5,42;5,2;5,2;4,769876;5400
02/11/2017;5,2;5,2;5,2;5,2;4,769876;0
03/11/2017;5,4;5,43;5,15;5,21;4,809342;22600
06/11/2017;5,21;5,21;5,21;5,21;4,809342;0
07/11/2017;5,3;5,31;5,13;5,13;4,735495;2900
08/11/2017;5,13;5,2;5,1;5,13;4,735495;11200
09/11/2017;5,21;5,43;5,15;5,38;4,966269;34000
10/11/2017;5,4;5,4;5,15;5,15;4,753956;13600
13/11/2017;5,16;5,5;5,15;5,5;5,077041;13800
14/11/2017;5,49;5,5;5,2;5,2;4,800111;8800
15/11/2017;5,2;5,2;5,2;5,2;4,800111;0
16/11/2017;5,15;5,45;5,15;5,3;4,892421;10100
17/11/2017;5,3;5,33;5,18;5,2;4,800111;6100
20/11/2017;5,2;5,2;5,2;5,2;4,800111;0
21/11/2017;5,34;5,38;5,18;5,28;4,87396;5900
22/11/2017;5,25;5,28;5,16;5,28;4,87396;8700
23/11/2017;5,18;5,26;5,07;5,11;4,717033;5600
24/11/2017;5,14;5,17;5;5,09;4,698571;41200
27/11/2017;5,19;5,28;5,06;5,24;4,837036;11100
28/11/2017;5,24;5,28;5,11;5,22;4,818574;7800
29/11/2017;5,23;5,25;5,06;5,06;4,670878;5900
30/11/2017;5,06;5,15;4,81;5,15;4,753956;27300
01/12/2017;4,9;5,14;4,85;4,88;4,50472;23100
04/12/2017;5,04;5,04;4,85;4,96;4,578568;20500
05/12/2017;4,95;4,96;4,84;4,86;4,486258;20100
06/12/2017;4,94;5,06;4,94;5,04;4,652415;14500
07/12/2017;4,86;4,95;4,84;4,94;4,560105;5800
08/12/2017;5;5;4,86;4,86;4,486258;15600
11/12/2017;4,98;4,98;4,83;4,83;4,458564;10400
12/12/2017;4,8;4,87;4,76;4,87;4,495489;9200
13/12/2017;4,96;5;4,82;4,82;4,449334;14200
14/12/2017;4,95;4,95;4,81;4,81;4,440103;1700
15/12/2017;4,88;4,97;4,78;4,97;4,587798;10100
18/12/2017;5;5,06;4,88;5,06;4,670878;15700
19/12/2017;5,05;5,06;4,85;4,85;4,477026;10800
20/12/2017;4,9;5,03;4,9;4,92;4,541644;4500
21/12/2017;4,8;5,15;4,8;5,15;4,753956;21200
22/12/2017;5,05;5,11;4,95;5;4,615492;6900
25/12/2017;5;5;5;5;4,615492;0
26/12/2017;5,02;5,1;5,02;5,05;4,661646;12800
27/12/2017;4,95;5,03;4,95;4,95;4,569337;5200
28/12/2017;4,96;5,05;4,96;5,05;4,661646;5800
29/12/2017;5,05;5,05;5,05;5,05;4,661646;0
02/01/2018;5,11;5,18;5,08;5,18;4,78165;25700
03/01/2018;5,19;5,21;5,04;5,07;4,680108;11400
04/01/2018;5,12;5,2;5,05;5,05;4,661646;19500
05/01/2018;5,01;5,1;4,98;5,1;4,707801;14400
08/01/2018;5;5,2;4,96;5,19;4,790881;14500
09/01/2018;5,19;5,24;5,15;5,15;4,753956;17700
10/01/2018;5,08;5,08;5,05;5,05;4,661646;11700
11/01/2018;5,05;5,14;4,9;5,01;4,624723;39300
12/01/2018;4,97;5,05;4,96;4,97;4,587798;25000
15/01/2018;4,96;4,97;4,92;4,94;4,560105;19200
16/01/2018;4,94;5;4,9;4,91;4,532413;26900
17/01/2018;4,95;4,99;4,81;4,81;4,440103;68500
18/01/2018;4,81;4,95;4,8;4,95;4,569337;51000
19/01/2018;4,95;5,05;4,95;5,04;4,652415;33800
22/01/2018;5,04;5,04;4,93;4,93;4,550875;16500
23/01/2018;5,03;5,06;5;5;4,615492;29900
24/01/2018;5,03;5,1;5;5,1;4,707801;38000
25/01/2018;5,1;5,1;5,1;5,1;4,707801;0
26/01/2018;5,09;5,09;4,93;4,96;4,578568;26600
29/01/2018;5,07;5,09;5,04;5,07;4,680108;15500
30/01/2018;5,01;5,04;5;5;4,615492;2500
31/01/2018;5,05;5,08;4,88;4,91;4,532413;29700
01/02/2018;5;5;4,88;4,88;4,50472;20800
02/02/2018;4,88;4,92;4,86;4,92;4,541644;7600
05/02/2018;4,92;5;4,86;4,86;4,486258;10000
06/02/2018;4,86;5,05;4,86;5,03;4,643185;10200
07/02/2018;5;5,1;5;5,08;4,719867;9800
08/02/2018;5,06;5,1;4,82;4,86;4,515464;27400
09/02/2018;4,94;4,94;4,7;4,7;4,366806;25100
14/02/2018;null;null;null;null;null;null
15/02/2018;4,85;4,95;4,78;4,94;4,589792;2000
16/02/2018;4,9;4,9;4,89;4,89;4,543336;2400
19/02/2018;4,89;4,99;4,89;4,91;4,561919;13800
20/02/2018;4,91;5,01;4,91;4,99;4,636247;4800
21/02/2018;5;5,05;4,93;4,93;4,580501;21600
22/02/2018;4,92;5;4,9;4,95;4,599082;6000
23/02/2018;5,01;5,2;4,99;5,2;4,83136;61200
26/02/2018;5,19;5,19;5,07;5,07;4,710576;22500
27/02/2018;5,02;5,15;5;5,08;4,719867;11200
28/02/2018;5,01;5,05;4,95;4,96;4,608374;14600
01/03/2018;5,15;5,15;5,05;5,1;4,738449;10700
02/03/2018;5,1;5,2;4,95;5,15;4,784904;8400
05/03/2018;5,1;5,15;5,07;5,07;4,710576;10100
06/03/2018;5,07;5,15;5,07;5,15;4,784904;18800
07/03/2018;5,15;5,25;5,14;5,25;4,877815;59000
08/03/2018;5,25;5,4;5,2;5,2;4,83136;18200
09/03/2018;5,3;5,45;5,29;5,29;4,91498;58500
12/03/2018;5,45;5,54;5,3;5,34;4,961436;11700
13/03/2018;5,42;5,56;5,42;5,56;5,165838;20900
14/03/2018;5,6;5,8;5,5;5,6;5,203002;14500
15/03/2018;5,55;5,87;5,45;5,8;5,388824;48500
16/03/2018;5,71;5,97;5,71;5,94;5,518899;10600
19/03/2018;5,94;5,95;5,79;5,95;5,528191;5800
20/03/2018;5,96;6,2;5,96;6,18;5,741885;16800
21/03/2018;6,25;6,3;6,1;6,3;5,853378;6400
22/03/2018;6,2;6,29;6,2;6,2;5,760468;3300
23/03/2018;6,24;6,25;6,02;6,15;5,714011;5100
26/03/2018;6,1;6,3;5,99;6,25;5,806924;6700
27/03/2018;6,03;6,25;6,03;6,25;5,806924;11300
28/03/2018;6,3;6,91;6,3;6,9;6,410843;25200
29/03/2018;6,89;7,45;6,89;7,35;6,828941;4400
02/04/2018;7,35;7,5;7,15;7,25;6,736031;12300
03/04/2018;7,25;8;7,2;7,71;7,163421;25800
04/04/2018;7,15;8,14;7,15;8,03;7,460734;12100
05/04/2018;8,46;8,62;7,84;7,84;7,284204;15200
06/04/2018;7,82;7,86;7,63;7,67;7,126256;8900
09/04/2018;8;8;7,64;7,79;7,237748;14500
10/04/2018;7,8;7,92;7,5;7,58;7,042636;6300
11/04/2018;7,54;7,56;7,45;7,45;6,921852;2300
12/04/2018;7,31;7,31;6,33;6,33;5,881252;2700
13/04/2018;6,4;7,26;6,4;6,97;6,475881;22400
16/04/2018;7,17;7,26;6,81;7;6,503754;9100
17/04/2018;7,23;7,59;7,14;7,49;6,959016;5600
18/04/2018;7,55;7,99;7,55;7,9;7,33995;20800
19/04/2018;7,67;7,74;7,5;7,5;6,968307;10900
20/04/2018;7,52;7,65;7,46;7,46;6,931143;3400
23/04/2018;7,46;7,46;7,3;7,3;6,782486;5700
24/04/2018;7,4;7,4;6,94;6,95;6,457298;18400
25/04/2018;7,35;7,35;6,91;7,14;6,633828;15800
26/04/2018;7,15;7,46;6,88;7,46;6,931143;6900
27/04/2018;7,55;7,75;7,5;7,6;7,061218;14100
30/04/2018;7,56;8,08;7,56;7,75;7,200584;12200
02/05/2018;7,61;7,7;7,49;7,49;6,959016;8200
03/05/2018;7,69;7,7;7,65;7,65;7,135184;1600
04/05/2018;7,2;7,38;7,2;7,38;6,883354;1100
07/05/2018;7,5;7,78;7,5;7,7;7,18182;7000
08/05/2018;7,7;8;7,5;7,86;7,331052;4900
09/05/2018;7,93;8;7,5;8;7,461631;9800
10/05/2018;8;8,35;7,67;7,7;7,18182;21000
11/05/2018;7,99;8,05;7,71;7,89;7,359033;10500
14/05/2018;7,67;7,8;7,64;7,8;7,27509;2900
15/05/2018;8,2;8,5;8,2;8,4;7,834712;34100
16/05/2018;8,4;8,55;8,03;8,39;7,825386;14100
17/05/2018;8,15;8,2;8,01;8,1;7,554901;6100
18/05/2018;8,1;8,55;7,81;7,81;7,284417;11600
21/05/2018;7,8;8,02;7,35;7,35;6,855374;27400
22/05/2018;7,6;7,6;7,39;7,44;6,939316;8300
23/05/2018;7,41;7,48;7,31;7,39;6,892681;5000
24/05/2018;7,51;7,51;7,05;7,44;6,939316;4800
25/05/2018;7,22;7,56;7,21;7,41;6,911335;6300
28/05/2018;7,3;7,69;7,26;7,69;7,172492;7200
29/05/2018;7,65;7,65;7,47;7,5;6,995279;2600
30/05/2018;7,45;7,9;7,27;7,51;7,004605;2100
01/06/2018;7,3;7,74;7,12;7,59;7,079222;6500
04/06/2018;7,59;7,7;7,54;7,7;7,18182;1700
05/06/2018;8;8,25;8;8;7,461631;4800
06/06/2018;7,95;8,55;7,95;8,31;7,750769;14900
07/06/2018;8,31;8,4;7,91;8;7,461631;7500
08/06/2018;7,99;8,03;7,94;8;7,461631;900
11/06/2018;7,75;7,75;7,51;7,51;7,004605;3900
12/06/2018;7,7;7,74;7,69;7,74;7,219127;2400
13/06/2018;7,99;7,99;7,59;7,82;7,293744;1300
14/06/2018;7,75;7,75;7,6;7,61;7,097876;2100
15/06/2018;7,63;7,7;7,63;7,64;7,125857;1500
18/06/2018;7,8;7,8;7,62;7,73;7,209801;1700
19/06/2018;7,11;7,23;7,11;7,22;6,734121;2900
20/06/2018;7,24;7,3;7,1;7,1;6,622197;19400
21/06/2018;7,35;7,4;7,27;7,28;6,790084;1400
22/06/2018;7,16;7,16;6,8;6,8;6,342386;5900
25/06/2018;6,89;7,2;6,89;7,2;6,715468;2500
26/06/2018;7;7,06;6,87;7,06;6,584888;1800
27/06/2018;7,3;7,51;7,15;7,44;6,939316;7800
28/06/2018;7,23;7,23;7,06;7,06;6,584888;300
29/06/2018;7,1;7,25;6,83;7,08;6,603543;4800
02/07/2018;6,98;7,08;6,95;7,08;6,603543;600
03/07/2018;7,08;7,18;7,03;7,07;6,594216;2300
04/07/2018;7;7,16;6,91;7,16;6,678159;4200
05/07/2018;7;7;7;7;6,528928;100
06/07/2018;7;7,19;7;7,19;6,70614;600
10/07/2018;6,87;6,95;6,81;6,95;6,482291;600
11/07/2018;7;7;6,7;6,9;6,435657;11400
12/07/2018;6,76;6,8;6,62;6,65;6,20248;14700
13/07/2018;6,85;6,85;6,65;6,75;6,29575;1200
16/07/2018;6,75;6,83;6,75;6,76;6,305078;4200
17/07/2018;6,83;7,19;6,83;7,12;6,640851;5600
18/07/2018;7,12;7,15;6,85;6,85;6,389021;2500
19/07/2018;6,85;7,22;6,85;7,1;6,622197;2200
20/07/2018;7,1;7,17;6,97;7,16;6,678159;1600
23/07/2018;7,15;7,35;7,1;7,18;6,696813;6800
24/07/2018;7,04;7,12;7,04;7,05;6,575562;500
25/07/2018;7,05;7,15;6,9;7,13;6,650179;1100
26/07/2018;7,1;7,1;6,9;6,95;6,482291;600
27/07/2018;6,9;7,14;6,9;7,14;6,659505;400
30/07/2018;6,9;7,12;6,78;7;6,528928;12000
31/07/2018;7,11;7,14;7;7,11;6,631525;4000
01/08/2018;7,11;7,15;7,1;7,15;6,668832;4700
02/08/2018;7;7,02;6,88;6,89;6,42633;8500
03/08/2018;6,85;6,85;6,8;6,81;6,351713;8800
06/08/2018;6,8;7;6,71;7;6,561328;4200
07/08/2018;7;7;7;7;6,561328;0
08/08/2018;6,9;6,91;6,71;6,71;6,289501;3800
09/08/2018;6,71;6,71;6,71;6,71;6,289501;0
10/08/2018;6,71;6,71;6,71;6,71;6,289501;200
13/08/2018;6,7;6,75;6,7;6,75;6,326995;1100
14/08/2018;6,74;6,74;6,74;6,74;6,317621;500
15/08/2018;6,74;6,78;6,74;6,74;6,317621;500
16/08/2018;6,75;6,75;6,75;6,75;6,326995;100
17/08/2018;6,75;6,75;6,75;6,75;6,326995;0
20/08/2018;6,8;6,92;6,8;6,92;6,486342;5300
21/08/2018;6,85;6,92;6,85;6,88;6,448848;4700
22/08/2018;6,92;7,1;6,9;7,1;6,655061;16900
23/08/2018;7,29;7,9;7,29;7,63;7,151847;34700
24/08/2018;7,7;8,28;7,7;7,95;7,451793;18700
27/08/2018;7,95;8,65;7,95;8,65;8,107927;17600
28/08/2018;8,65;9,1;8,4;9;8,435992;18500
29/08/2018;8,99;9;8,65;8,65;8,107927;12900
30/08/2018;8,59;8,64;8,4;8,4;7,873594;2600
31/08/2018;8,41;8,52;8,11;8,11;7,601767;4500
03/09/2018;8,3;8,68;8,3;8,67;8,126673;9600
04/09/2018;8,68;8,8;8,45;8,5;7,967327;11800
05/09/2018;8,5;8,5;8,32;8,46;7,929832;3200
06/09/2018;8,46;8,55;8,3;8,3;7,77986;2900
10/09/2018;8,3;8,3;8,3;8,3;7,77986;0
11/09/2018;8,32;8,62;8,3;8,3;7,77986;12000
12/09/2018;8,32;8,38;8,19;8,19;7,676753;6000
13/09/2018;8,19;8,25;8;8,03;7,52678;7400
14/09/2018;8,01;8,01;7,83;7,87;7,376807;4000
17/09/2018;7,69;7,87;7,69;7,69;7,208088;1400
18/09/2018;7,69;7,69;7,62;7,62;7,142474;1800
19/09/2018;7,6;7,6;7,3;7,3;6,842527;4400
20/09/2018;7,32;7,4;7,19;7,2;6,748795;3100
21/09/2018;7,15;7,15;7;7,05;6,608194;3300
24/09/2018;7;7,11;6,84;7,05;6,608194;4100
25/09/2018;6,99;7,11;6,89;7,03;6,589448;1300
26/09/2018;7,03;7,25;6,98;7,18;6,730047;3100
27/09/2018;7,16;7,26;7,01;7,21;6,758167;1700
28/09/2018;7;7,07;6,93;6,93;6,495715;7700
01/10/2018;6,85;7,05;6,83;7;6,561328;5300
02/10/2018;6,85;7;6,85;6,96;6,523834;4100
03/10/2018;7,19;7,46;6,77;6,77;6,345741;33600
04/10/2018;6,75;6,84;6,5;6,5;6,092661;25500
05/10/2018;6,5;6,5;5,7;6,05;5,670862;67700
08/10/2018;6,12;6,12;5,55;5,8;5,43653;54700
09/10/2018;5,75;5,9;5,45;5,62;5,267809;107900
10/10/2018;5,6;5,82;5,52;5,82;5,455275;27200
11/10/2018;5,84;5,84;5,6;5,62;5,267809;24900
15/10/2018;5,79;6;5,7;5,78;5,417782;45800
16/10/2018;5,99;6,04;5,94;6;5,623996;4700
17/10/2018;6;6;5,88;5,99;5,614622;6000
18/10/2018;5,95;6,06;5,95;6,06;5,680234;37900
19/10/2018;6,09;6,21;6,09;6,2;5,811461;7600
22/10/2018;6,15;6,34;6,1;6,25;5,858329;12000
23/10/2018;6,29;6,66;6,2;6,63;6,214514;35600
24/10/2018;6,63;6,65;6,39;6,65;6,233262;18800
25/10/2018;6,62;6,9;6,62;6,81;6,383235;23600
26/10/2018;6,7;6,77;6,06;6,12;5,736475;54800
29/10/2018;6,06;6,25;5,81;5,9;5,530262;45900
30/10/2018;6,05;6,1;5,82;5,99;5,614622;23000
31/10/2018;6;6,19;5,85;5,96;5,586502;13100
01/11/2018;6,08;6,15;6,02;6,1;5,717729;13500
05/11/2018;6,1;6,15;5,98;6,15;5,826296;20700
06/11/2018;6,14;6,28;6,14;6,15;5,826296;18600
07/11/2018;6,24;6,24;6;6;5,684191;16700
08/11/2018;6,01;6,2;5,95;5,95;5,636823;16200
09/11/2018;5,9;5,97;5,85;5,9;5,589455;3500
12/11/2018;5,9;5,98;5,7;5,86;5,55156;31700
13/11/2018;5,98;5,98;5,43;5,75;5,44735;27500
14/11/2018;5,73;5,73;5,41;5,6;5,305245;29500
16/11/2018;5,73;5,75;5,55;5,62;5,324192;8600
19/11/2018;5,69;5,69;5,5;5,5;5,210508;21200
21/11/2018;5,6;5,61;5,42;5,45;5,16314;10700
22/11/2018;5,5;5,62;5,44;5,61;5,314719;7900
23/11/2018;5,61;5,61;5,3;5,31;5,030509;43600
26/11/2018;5,33;5,33;5,08;5,1;4,831563;18700
27/11/2018;5,22;5,41;5,1;5,4;5,115772;17300
28/11/2018;5,32;5,45;5,2;5,2;4,926299;19600
29/11/2018;5,2;5,23;5,1;5,1;4,831563;28200
30/11/2018;5,07;5,16;5,02;5,03;4,765247;31700
03/12/2018;5,05;5,05;4,88;4,99;4,727352;96700
04/12/2018;4,99;5,1;4,62;4,71;4,46209;141700
05/12/2018;4,71;4,9;4,65;4,7;4,452616;40900
06/12/2018;4,75;4,79;4,61;4,74;4,490511;16400
07/12/2018;4,74;4,74;4,51;4,56;4,319984;72900
10/12/2018;4,57;4,78;4,51;4,7;4,452616;42600
11/12/2018;4,75;4,77;4,55;4,57;4,32946;26700
12/12/2018;4,55;4,65;4,48;4,51;4,272617;56500
13/12/2018;4,5;4,52;4,4;4,4;4,168407;59800
14/12/2018;4,5;4,5;4,25;4,25;4,026302;80700
17/12/2018;4,43;4,49;4,23;4,4;4,168407;65900
18/12/2018;4,46;4,58;4,26;4,54;4,301037;59500
19/12/2018;4,57;4,68;4,54;4,68;4,433669;32100
20/12/2018;4,66;4,74;4,5;4,55;4,310512;32100
21/12/2018;4,6;4,6;4,29;4,4;4,212381;58400
26/12/2018;4,49;4,49;4,26;4,26;4,078351;18700
27/12/2018;4,26;4,26;4,12;4,18;4,001761;68500
28/12/2018;4,23;4,4;4,23;4,39;4,202807;28700
02/01/2019;4,48;4,66;4,42;4,6;4,403852;42000
03/01/2019;4,5;4,75;4,5;4,5;4,308117;42300
04/01/2019;4,65;4,79;4,51;4,64;4,442147;78500
07/01/2019;4,78;4,87;4,66;4,87;4,66234;45000
08/01/2019;4,9;5;4,71;4,72;4,518735;46200
09/01/2019;4,81;5;4,73;4,95;4,738928;68200
10/01/2019;4,85;5,01;4,85;4,99;4,777223;38000
11/01/2019;5;5,05;4,92;5,02;4,805944;32600
14/01/2019;5;5,36;4,93;5,36;5,131446;72300
15/01/2019;5,39;5,7;5,39;5,65;5,409081;71100
16/01/2019;5,65;5,85;5,65;5,85;5,600552;56100
17/01/2019;5,9;5,91;5,68;5,78;5,533537;47600
18/01/2019;5,9;5,9;5,6;5,7;5,456948;44000
21/01/2019;5,6;5,81;5,6;5,8;5,552685;19100
22/01/2019;5,9;5,9;5,43;5,64;5,399507;37100
23/01/2019;5,72;5,85;5,66;5,79;5,54311;48200
24/01/2019;5,82;5,95;5,8;5,95;5,696287;44500
28/01/2019;5,95;6,2;5,95;6,15;5,88776;63800
29/01/2019;6,2;6,35;6,1;6,12;5,859039;50000
30/01/2019;6,12;6,2;6,1;6,17;5,906908;33400
31/01/2019;6,11;6,21;5,86;6;5,744157;66600
01/02/2019;6;6,15;6;6,03;5,772877;28200
04/02/2019;6,1;6,2;6,07;6,1;5,839892;32400
05/02/2019;6,1;6,35;6,05;6,27;6,002643;61500
06/02/2019;6,35;6,35;6,08;6,08;5,820745;29600
07/02/2019;6,3;6,31;6,06;6,2;5,935627;39600
08/02/2019;6,3;6,3;6,01;6,08;5,820745;36200
11/02/2019;6,08;6,08;5,81;5,91;5,657994;44900
12/02/2019;5,91;5,91;5,62;5,69;5,447374;47500
13/02/2019;5,7;5,8;5,56;5,61;5,374375;47000
14/02/2019;5,78;5,78;5,61;5,7;5,460594;22700
15/02/2019;5,7;5,7;5,61;5,63;5,393535;15700
18/02/2019;5,63;5,7;5,58;5,61;5,374375;16300
19/02/2019;5,62;5,75;5,6;5,69;5,451014;23800
20/02/2019;5,8;5,8;5,66;5,72;5,479754;17400
21/02/2019;5,85;5,85;5,62;5,62;5,383954;6200
22/02/2019;5,71;5,72;5,59;5,64;5,403114;32700
25/02/2019;5,6;5,7;5,6;5,7;5,460594;6700
26/02/2019;5,61;5,96;5,6;5,75;5,508494;50300
27/02/2019;5,75;5,86;5,69;5,71;5,470174;21600
28/02/2019;5,72;5,72;5,55;5,57;5,336054;33300
01/03/2019;5,53;5,71;5,4;5,48;5,249835;55700
06/03/2019;null;null;null;null;null;null
07/03/2019;5,27;5,28;5,19;5,25;5,029495;26900
08/03/2019;5,3;5,46;5,22;5,46;5,230675;12100
11/03/2019;5,5;5,53;5,32;5,47;5,240254;26900
12/03/2019;5,5;5,54;5,32;5,32;5,096555;19900
13/03/2019;5,35;5,52;5,32;5,51;5,278575;17200
14/03/2019;5,52;5,52;5,32;5,34;5,115715;19900
15/03/2019;5,34;5,42;5,3;5,42;5,192355;7700
18/03/2019;5,42;5,5;5,33;5,33;5,106135;12900
19/03/2019;5,42;5,45;5,25;5,29;5,067814;34700
20/03/2019;5,26;5,26;5,1;5,12;4,904954;147100
21/03/2019;5,11;5,12;4,96;5,01;4,799575;68000
22/03/2019;5,06;5,15;4,91;4,96;4,751675;32000
25/03/2019;5,03;5,03;4,71;4,87;4,665455;56900
26/03/2019;4,87;4,9;4,76;4,9;4,694195;20300
27/03/2019;4,95;5;4,89;4,95;4,742095;32400
28/03/2019;4,88;5,02;4,85;5,02;4,809155;15100
29/03/2019;5,1;5,1;4,61;4,68;4,483435;154800
01/04/2019;4,72;5,09;4,72;5,09;4,876215;57600
02/04/2019;5,15;5,2;5,15;5,15;4,933695;50700
03/04/2019;5,15;5,2;5;5,15;4,933695;24600
04/04/2019;5,15;5,15;4,81;4,88;4,675035;100700
05/04/2019;4,88;4,94;4,79;4,94;4,732515;60700
08/04/2019;4,94;5,15;4,9;5,09;4,876215;54600
09/04/2019;5;5,12;4,94;4,96;4,751675;12800
10/04/2019;4,95;4,95;4,61;4,73;4,531335;287700
11/04/2019;4,73;4,84;4,6;4,84;4,636715;107800
12/04/2019;4,79;4,86;4,55;4,55;4,358896;159000
15/04/2019;4,69;4,69;4,4;4,4;4,215196;115100
16/04/2019;4,41;4,6;4,3;4,32;4,138556;97800
17/04/2019;4,41;4,6;4,33;4,57;4,378056;128800
18/04/2019;4,6;4,71;4,44;4,55;4,358896;75100
22/04/2019;4,64;4,64;4,32;4,35;4,167295;126400
23/04/2019;4,36;4,42;4,32;4,37;4,186455;58800
24/04/2019;4,5;4,5;4,25;4,31;4,128975;72000
25/04/2019;4,3;4,74;4,3;4,66;4,464275;106700
26/04/2019;4,66;4,7;4,59;4,63;4,435536;39600
29/04/2019;4,63;4,65;4,55;4,56;4,368475;27600
30/04/2019;4,64;4,64;4,43;4,53;4,339736;34600
02/05/2019;4,53;4,55;4,41;4,5;4,310996;29100
03/05/2019;4,45;4,52;4,33;4,36;4,176876;112100
06/05/2019;4,42;4,42;4,21;4,22;4,042756;203200
07/05/2019;4,25;4,25;4,1;4,11;3,973285;150300
08/05/2019;4,15;4,25;4,1;4,22;4,079625;137700
09/05/2019;4,22;4,5;4,15;4,5;4,350311;152500
10/05/2019;4,49;4,55;4,2;4,5;4,350311;126000
13/05/2019;4,37;4,37;4,11;4,11;3,973285;261400
14/05/2019;4,2;4,25;4,1;4,14;4,002286;143200
15/05/2019;4,2;4,2;3,95;4,04;3,905613;147700
16/05/2019;4,05;4,19;3,94;4,04;3,905613;142500
17/05/2019;4,04;4,1;3,94;4,1;3,963617;90200
20/05/2019;4,09;4,15;4,09;4,09;3,95395;47300
21/05/2019;4,09;4,4;4,09;4,35;4,205301;135500
22/05/2019;4,4;4,43;4,3;4,35;4,205301;84700
23/05/2019;4,33;4,38;4,2;4,28;4,13763;48000
24/05/2019;4,25;4,25;4,01;4,03;3,895946;336300
27/05/2019;4,08;4,08;4;4,02;3,886278;106700
28/05/2019;4,05;4,07;3,98;4;3,866943;161400
29/05/2019;4;4,04;3,97;4;3,866943;106500
30/05/2019;4,04;4,09;3,95;3,95;3,818606;168100
31/05/2019;4,04;4,04;3,91;3,98;3,847609;100500
03/06/2019;3,97;3,98;3,87;3,87;3,741267;226200
04/06/2019;3,88;3,9;3,66;3,81;3,683263;235100
05/06/2019;3,84;3,92;3,79;3,88;3,750935;48600
06/06/2019;3,9;3,93;3,85;3,87;3,741267;54600
07/06/2019;3,9;3,93;3,83;3,87;3,741267;77500
10/06/2019;3,91;4,03;3,88;4,02;3,886278;105800
11/06/2019;4,02;4,07;3,91;3,94;3,808939;80400
12/06/2019;3,94;4;3,9;3,99;3,857276;73400
13/06/2019;4,02;4,1;4;4,07;3,934615;117700
14/06/2019;4,07;4,11;4,05;4,09;3,95395;55800
17/06/2019;4,09;4,11;4,01;4,03;3,895946;33500
18/06/2019;4,04;4,18;4,03;4,14;4,002286;32200
19/06/2019;4,15;4,2;4,06;4,19;4,050623;74000
21/06/2019;4,18;4,31;4,18;4,25;4,108627;135300
24/06/2019;4,39;4,39;4,16;4,23;4,089293;106800
25/06/2019;4,25;4,25;4,1;4,1;3,963617;91300
26/06/2019;4,12;4,3;4,11;4,2;4,060289;54300
27/06/2019;4,21;4,25;4,12;4,24;4,09896;26700
28/06/2019;4,25;4,29;4,11;4,11;3,973285;121700
01/07/2019;4,12;4,22;4,06;4,11;3,973285;48800
02/07/2019;4,15;4,19;4,11;4,12;3,982952;48900
03/07/2019;4,12;4,19;4,1;4,15;4,011954;42600
04/07/2019;4,2;4,3;4,18;4,2;4,060289;100000
05/07/2019;4,2;4,3;4,15;4,28;4,13763;103500
08/07/2019;4,27;4,27;4,17;4,2;4,060289;124200
10/07/2019;4,29;4,29;4,2;4,28;4,13763;87300
11/07/2019;4,3;4,33;4,21;4,21;4,069958;49700
12/07/2019;4,27;4,29;4,2;4,25;4,108627;51100
15/07/2019;4,25;4,37;4,25;4,34;4,195633;55600
16/07/2019;4,3;4,4;4,26;4,28;4,13763;67800
17/07/2019;4,38;4,38;4,26;4,32;4,176299;31700
18/07/2019;4,32;4,35;4,25;4,3;4,156964;55600
19/07/2019;4,3;4,33;4,21;4,21;4,069958;67700
22/07/2019;4,33;4,33;4,1;4,14;4,002286;104800
23/07/2019;4,14;4,15;4,05;4,06;3,924947;66900
24/07/2019;4,09;4,1;3,98;4,04;3,905613;113800
25/07/2019;4,1;4,17;3,95;4;3,866943;155900
26/07/2019;4,1;4,14;3,96;4,08;3,944282;149300
29/07/2019;4,1;4,22;3,98;4,1;3,963617;110300
30/07/2019;4,22;4,27;4,15;4,2;4,060289;34900
31/07/2019;4,2;4,24;4,07;4,15;4,011954;116400
01/08/2019;4,09;4,15;4;4,03;3,895946;133300
02/08/2019;4;4,05;3,96;4;3,866943;190000
05/08/2019;4,07;4,07;3,9;3,96;3,828274;176500
06/08/2019;4,02;4,03;3,84;3,86;3,7316;291500
07/08/2019;3,89;3,9;3,64;3,79;3,663929;290600
08/08/2019;3,84;3,9;3,81;3,86;3,7316;89200
09/08/2019;3,9;3,94;3,75;3,8;3,708598;130600
12/08/2019;3,82;3,83;3,73;3,77;3,67932;233800
13/08/2019;3,82;3,97;3,77;3,97;3,874509;141900
14/08/2019;3,96;3,96;3,73;3,74;3,650041;340400
15/08/2019;3,81;3,81;3,55;3,6;3,513409;286400
16/08/2019;3,68;3,68;3,57;3,57;3,48413;145000
19/08/2019;3,66;3,66;3,5;3,51;3,425574;186100
20/08/2019;3,55;3,55;3,51;3,51;3,425574;261500
21/08/2019;3,51;3,65;3,5;3,54;3,454852;117400
22/08/2019;3,65;3,65;3,5;3,5;3,415814;194300
23/08/2019;3,54;3,54;3,25;3,35;3,269422;273000
26/08/2019;3,4;3,6;3,26;3,26;3,181587;212800
27/08/2019;3,34;3,34;3,17;3,19;3,113271;297400
28/08/2019;3,21;3,27;3,2;3,25;3,171827;131000
29/08/2019;3,27;3,45;3,23;3,42;3,337739;151700
30/08/2019;3,45;3,54;3,38;3,47;3,386536;209700
02/09/2019;3,48;3,53;3,45;3,5;3,415814;123800
03/09/2019;3,51;3,55;3,41;3,46;3,376776;212000
04/09/2019;3,47;3,5;3,44;3,48;3,396295;94000
05/09/2019;3,46;3,58;3,46;3,54;3,454852;140300
06/09/2019;3,54;3,64;3,54;3,6;3,513409;119100
09/09/2019;3,6;3,65;3,55;3,62;3,532928;203700
10/09/2019;3,56;3,66;3,51;3,56;3,474371;210500
11/09/2019;3,62;3,62;3,52;3,56;3,474371;93700
12/09/2019;3,59;3,61;3,5;3,54;3,454852;154700
13/09/2019;3,59;3,68;3,58;3,63;3,542687;186700
16/09/2019;3,7;3,7;3,55;3,62;3,532928;162300
17/09/2019;3,64;3,64;3,57;3,64;3,552447;83800
18/09/2019;3,63;3,75;3,6;3,73;3,640282;118400
19/09/2019;3,73;3,8;3,73;3,76;3,66956;129900
20/09/2019;3,77;3,77;3,6;3,69;3,601244;316000
23/09/2019;3,69;3,74;3,62;3,7;3,611004;170200
24/09/2019;3,7;3,74;3,62;3,69;3,601244;169500
25/09/2019;3,66;3,66;3,59;3,64;3,552447;228400
26/09/2019;3,66;3,66;3,59;3,6;3,513409;136100
27/09/2019;3,64;3,64;3,57;3,6;3,513409;149500
30/09/2019;3,6;3,62;3,55;3,57;3,48413;90700
01/10/2019;3,62;3,62;3,55;3,56;3,474371;132700
02/10/2019;3,56;3,56;3,47;3,51;3,425574;235900
03/10/2019;3,51;3,53;3,41;3,52;3,435333;320300
04/10/2019;3,5;3,53;3,45;3,5;3,415814;213300
07/10/2019;3,52;3,52;3,41;3,43;3,347498;177700
08/10/2019;3,43;3,43;3,3;3,31;3,230384;406300
09/10/2019;3,35;3,35;3,25;3,26;3,181587;373200
10/10/2019;3,28;3,35;3,26;3,28;3,201106;243600
11/10/2019;3,27;3,53;3,27;3,52;3,435333;211200
14/10/2019;3,54;3,63;3,52;3,58;3,49389;177800
15/10/2019;3,57;3,72;3,52;3,72;3,630522;257100
16/10/2019;3,73;3,77;3,68;3,76;3,66956;200300
17/10/2019;3,78;3,8;3,76;3,79;3,698839;129800
18/10/2019;3,8;3,8;3,69;3,74;3,650041;113100
21/10/2019;3,75;3,76;3,68;3,7;3,611004;109200
22/10/2019;3,69;3,77;3,68;3,73;3,640282;85600
23/10/2019;3,75;3,8;3,71;3,75;3,659801;96000
24/10/2019;3,79;3,8;3,74;3,76;3,66956;104600
25/10/2019;3,77;3,77;3,59;3,68;3,591485;165400
28/10/2019;3,8;3,8;3,59;3,6;3,513409;315200
29/10/2019;3,6;3,61;3,5;3,52;3,435333;228900
30/10/2019;3,53;3,68;3,5;3,62;3,532928;143400
31/10/2019;3,63;3,72;3,63;3,72;3,630522;117500
01/11/2019;3,74;3,8;3,72;3,75;3,659801;183200
04/11/2019;3,79;3,98;3,77;3,96;3,86475;383700
05/11/2019;3,98;4;3,85;3,95;3,85499;320000
06/11/2019;3,99;4;3,85;3,94;3,845231;145000
07/11/2019;3,9;4,07;3,9;4,04;3,999452;288500
08/11/2019;4,04;4,07;3,95;3,99;3,949954;152000
11/11/2019;4;4,09;3,99;4,09;4,04895;135200
12/11/2019;4,09;4,1;4;4,04;3,999452;163500
13/11/2019;4,02;4,06;3,87;3,95;3,910355;141100
14/11/2019;3,96;3,99;3,9;3,92;3,880656;120100
18/11/2019;3,97;4,02;3,94;4;3,959854;96200
19/11/2019;4,04;4,05;3,95;3,95;3,910355;92800
21/11/2019;4;4,03;3,96;3,97;3,930155;69400
22/11/2019;3,98;4,05;3,96;3,96;3,920255;203200
25/11/2019;4,06;4,06;3,97;4,01;3,969754;192100
26/11/2019;4,01;4,04;3,97;3,97;3,930155;184000
27/11/2019;4,03;4,05;3,99;4,01;3,969754;178000
28/11/2019;4,05;4,05;3,98;3,98;3,940054;159100
29/11/2019;4;4,02;3,95;3,96;3,920255;150300
02/12/2019;3,99;4,04;3,99;4,02;3,979653;141700
03/12/2019;4,01;4,05;3,99;4;3,959854;136100
04/12/2019;4;4,04;3,98;4,01;3,969754;173100
05/12/2019;4,01;4,05;4;4,01;3,969754;114100
06/12/2019;4,02;4,1;4,01;4,05;4,009352;193900
09/12/2019;4,1;4,24;4,05;4,06;4,019251;371100
10/12/2019;4,12;4,2;4,06;4,15;4,108348;214000
11/12/2019;4,2;4,24;4,14;4,24;4,197444;194200
12/12/2019;4,25;4,35;4,25;4,32;4,276642;251500
13/12/2019;4,3;4,38;4,28;4,33;4,286541;203500
16/12/2019;4,33;4,36;4,28;4,31;4,266742;227500
17/12/2019;4,34;4,39;4,3;4,37;4,32614;180400
18/12/2019;4,39;4,4;4,3;4,38;4,33604;239100
19/12/2019;4,39;4,4;4,22;4,23;4,187545;489900
20/12/2019;4,23;4,33;4,22;4,23;4,187545;390400
23/12/2019;4,23;4,29;4,15;4,21;4,205475;324900
26/12/2019;4,21;4,31;4,21;4,27;4,26541;357300
27/12/2019;4,3;4,3;4,2;4,27;4,26541;240200
30/12/2019;4,28;4,29;4,23;4,26;4,255421;247200
02/01/2020;4,26;4,35;4,25;4,34;4,335335;349400
03/01/2020;4,34;4,35;4,25;4,35;4,345325;353400
06/01/2020;4,33;4,4;4,3;4,35;4,345325;187300
07/01/2020;4,37;4,45;4,28;4,35;4,345325;304800
08/01/2020;4,35;4,37;4,2;4,28;4,2754;406800
09/01/2020;4,28;4,36;4,23;4,28;4,2754;233300
10/01/2020;4,29;4,33;4,27;4,28;4,2754;212100
13/01/2020;4,35;4,39;4,29;4,36;4,355314;240200
14/01/2020;4,36;4,36;4,3;4,34;4,335335;273800
15/01/2020;4,36;4,36;4,26;4,33;4,325346;312300
16/01/2020;4,35;4,35;4,26;4,3;4,295378;150200
17/01/2020;4,3;4,4;4,28;4,4;4,395271;358200
20/01/2020;4,4;4,4;4,32;4,39;4,385281;132000
21/01/2020;4,39;4,4;4,35;4,35;4,345325;247200
22/01/2020;4,39;4,44;4,35;4,44;4,435228;365500
23/01/2020;4,46;4,53;4,44;4,47;4,465195;476400
24/01/2020;4,48;4,52;4,4;4,44;4,435228;220900
27/01/2020;4,35;4,37;4,25;4,3;4,295378;406500
28/01/2020;4,26;4,35;4,2;4,3;4,295378;161100
29/01/2020;4,3;4,35;4,28;4,3;4,295378;264900
30/01/2020;4,25;4,3;3,9;4,15;4,145539;288700
31/01/2020;4,17;4,32;4,17;4,25;4,245432;190200
03/02/2020;4,31;4,31;4,21;4,3;4,295378;234400
04/02/2020;4,3;4,32;4,22;4,28;4,2754;131400
05/02/2020;4,32;4,38;4,26;4,26;4,255421;164900
06/02/2020;4,28;4,4;4,26;4,28;4,2754;370900
07/02/2020;4,3;4,3;4,16;4,16;4,155529;231200
10/02/2020;4,16;4,21;4,05;4,06;4,055636;240400
11/02/2020;4,14;4,21;4,08;4,21;4,21;176900
12/02/2020;4,27;4,4;4,22;4,39;4,39;261700
13/02/2020;4,28;4,44;4,26;4,35;4,35;127800
14/02/2020;4,35;4,4;4,25;4,3;4,3;107800
17/02/2020;4,3;4,33;4,25;4,28;4,28;104000
18/02/2020;4,23;4,27;4,16;4,21;4,21;194000
19/02/2020;4,26;4,26;4,19;4,25;4,25;107100
20/02/2020;4,28;4,29;4,17;4,24;4,24;121700
21/02/2020;4,25;4,41;4,21;4,36;4,36;414200
26/02/2020;null;null;null;null;null;null
27/02/2020;4,06;4,07;3,9;3,9;3,9;369000
28/02/2020;3,9;3,95;3,75;3,88;3,88;315700
02/03/2020;4;4,17;3,93;4,08;4,08;419500
03/03/2020;4,19;4,25;4,11;4,19;4,19;436700
04/03/2020;4,2;4,46;4,19;4,45;4,45;545000
05/03/2020;4,35;4,53;4,25;4,31;4,31;366000
06/03/2020;4,29;4,33;4,06;4,14;4,14;372500
09/03/2020;3,98;4,05;3,83;3,94;3,94;559900
10/03/2020;4,11;4,18;3,85;3,93;3,93;494400
11/03/2020;3,93;3,96;3,31;3,62;3,62;645600
12/03/2020;3,45;3,5;3,06;3,17;3,17;700900
13/03/2020;3,5;3,6;3,12;3,24;3,24;728600
16/03/2020;3,22;3,22;2,75;2,87;2,87;1302900
17/03/2020;2,9;3,15;2,8;2,85;2,85;584200
18/03/2020;2,8;2,8;2,45;2,58;2,58;1036600
19/03/2020;2,59;2,99;2,37;2,93;2,93;517900
20/03/2020;3,03;3,2;2,53;2,75;2,75;759000
23/03/2020;2,7;2,91;2,6;2,85;2,85;473200
24/03/2020;2,9;3,05;2,72;2,8;2,8;668700
25/03/2020;2,88;3,09;2,8;2,85;2,85;532400
26/03/2020;2,94;3,03;2,85;2,85;2,85;662400
27/03/2020;2,92;3,29;2,79;3,01;3,01;1225400
30/03/2020;3,28;3,49;3,17;3,17;3,17;756800
31/03/2020;3,35;3,49;3,27;3,31;3,31;425200
01/04/2020;3,3;3,43;3,2;3,25;3,25;373000
02/04/2020;3,25;3,5;3,25;3,5;3,5;446900
03/04/2020;3,42;3,5;3,35;3,43;3,43;215200
06/04/2020;3,43;3,56;3,4;3,5;3,5;320800
07/04/2020;3,6;3,7;3,27;3,38;3,38;604900
08/04/2020;3,39;3,45;3,3;3,4;3,4;263200
09/04/2020;3,45;3,53;3,32;3,34;3,34;466800
13/04/2020;3,38;3,42;3,31;3,42;3,42;226800
14/04/2020;3,45;3,53;3,4;3,4;3,4;382500
15/04/2020;3,43;3,48;3,29;3,31;3,31;519900
16/04/2020;3,4;3,4;3,24;3,27;3,27;367900
17/04/2020;3,37;3,39;3,24;3,25;3,25;321200
20/04/2020;3,25;3,32;3,21;3,29;3,29;493600
22/04/2020;3,3;3,42;3,3;3,42;3,42;434500
23/04/2020;3,42;3,52;3,35;3,51;3,51;444800
24/04/2020;3,52;3,65;3,3;3,59;3,59;828900
27/04/2020;3,58;3,75;3,57;3,6;3,6;367000
28/04/2020;3,75;3,8;3,4;3,61;3,61;313700
29/04/2020;3,7;3,7;3,54;3,61;3,61;312300
30/04/2020;3,62;3,75;3,61;3,71;3,71;320300
04/05/2020;3,71;3,77;3,57;3,63;3,63;233400
05/05/2020;3,73;3,89;3,65;3,87;3,87;579900
06/05/2020;3,82;3,92;3,7;3,84;3,84;292800
07/05/2020;3,84;4,32;3,83;4,18;4,18;1212000
08/05/2020;4,21;4,44;4,21;4,39;4,39;763900
11/05/2020;4,4;4,55;4,37;4,44;4,44;587600
12/05/2020;4,5;4,59;4,24;4,37;4,37;435400
13/05/2020;4,37;4,79;4,37;4,74;4,74;1154100
14/05/2020;4,74;4,99;4,48;4,64;4,64;724000
15/05/2020;4,52;4,65;4,31;4,4;4,4;435100
18/05/2020;4,5;4,56;4,07;4,13;4,13;759100
19/05/2020;4,15;4,26;4,1;4,13;4,13;405100
20/05/2020;4,15;4,23;4,02;4,07;4,07;259000
21/05/2020;4,05;4,13;3,89;3,95;3,95;567900
22/05/2020;3,97;4,09;3,92;3,96;3,96;317500
25/05/2020;4;4,07;3,9;3,94;3,94;851600
26/05/2020;4;4,03;3,89;3,93;3,93;400400
27/05/2020;4;4,08;3,93;4,07;4,07;391700
28/05/2020;4,07;4,16;4;4,02;4,02;348600
29/05/2020;4;4,08;3,93;4,05;4,05;280900
01/06/2020;4,03;4,18;3,94;4,1;4,1;408800
02/06/2020;4,12;4,14;4,03;4,07;4,07;510000
03/06/2020;4,07;4,1;3,98;4,01;4,01;665300
04/06/2020;4,01;4,08;4;4,04;4,04;367000
05/06/2020;4,02;4,08;3,9;3,95;3,95;958600
08/06/2020;3,95;4;3,86;4;4;646600
09/06/2020;3,99;4,04;3,96;4;4;357900
10/06/2020;4;4,03;3,95;3,99;3,99;376300
12/06/2020;3,95;3,98;3,75;3,92;3,92;486600
15/06/2020;3,92;4,04;3,8;3,92;3,92;769300
16/06/2020;3,98;3,99;3,9;3,91;3,91;300800
17/06/2020;3,91;4,02;3,91;3,96;3,96;243200
18/06/2020;3,96;4,1;3,91;4,1;4,1;532000
19/06/2020;4,11;4,21;4,08;4,18;4,18;639300
22/06/2020;4,2;4,25;4,09;4,2;4,2;255800
23/06/2020;4,1;4,19;4,01;4,1;4,1;184800
24/06/2020;4,1;4,2;4,07;4,19;4,19;442800
25/06/2020;4,2;4,25;4,12;4,2;4,2;305600
26/06/2020;4,19;4,34;4,18;4,27;4,27;293500
29/06/2020;4,3;4,3;3,89;4,1;4,1;422100
30/06/2020;4,14;4,22;4,11;4,17;4,17;287100
01/07/2020;4,16;4,29;4,11;4,27;4,27;213200
02/07/2020;4,27;4,35;4,19;4,23;4,23;277400
03/07/2020;4,23;4,28;4,18;4,28;4,28;184800
06/07/2020;4,29;4,3;4,17;4,23;4,23;453000
07/07/2020;4,21;4,26;4,15;4,19;4,19;223700
08/07/2020;4,2;4,32;4,2;4,3;4,3;467100
09/07/2020;4,3;4,31;4,2;4,24;4,24;200500
10/07/2020;4,24;4,24;4,16;4,18;4,18;245500
13/07/2020;4,18;4,21;4,07;4,08;4,08;293800
14/07/2020;4,1;4,2;4,03;4,2;4,2;236600
15/07/2020;4,2;4,3;4,14;4,25;4,25;409700
16/07/2020;4,25;4,31;4,2;4,2;4,2;165400
17/07/2020;4,2;4,3;4,2;4,27;4,27;228800
20/07/2020;4,27;4,37;4,23;4,34;4,34;373500
21/07/2020;4,35;4,38;4,24;4,31;4,31;336100
22/07/2020;4,35;4,45;4,3;4,34;4,34;399400
23/07/2020;4,35;4,41;4,31;4,36;4,36;249900
24/07/2020;4,35;4,45;4,33;4,4;4,4;356700
27/07/2020;4,43;4,44;4,36;4,38;4,38;125200
28/07/2020;4,42;4,42;4,3;4,37;4,37;169300
29/07/2020;4,37;4,37;4,3;4,33;4,33;191600
30/07/2020;4,33;4,4;4,21;4,34;4,34;199800
31/07/2020;4,34;4,38;4,2;4,2;4,2;246100
03/08/2020;4,28;4,35;4,22;4,28;4,28;214800
04/08/2020;4,33;4,33;4,13;4,3;4,3;224400
05/08/2020;4,3;4,68;4,29;4,63;4,63;838500
06/08/2020;4,63;4,78;4,56;4,73;4,73;480700
07/08/2020;4,67;4,8;4,66;4,71;4,71;299500
10/08/2020;4,74;4,79;4,67;4,75;4,75;202600
11/08/2020;4,75;4,93;4,71;4,9;4,9;357100
12/08/2020;4,93;5;4,83;4,98;4,98;420000
13/08/2020;4,98;5,19;4,91;5,1;5,1;583900
14/08/2020;5,15;5,29;5,08;5,19;5,19;431900
17/08/2020;5,14;5,3;5,06;5,27;5,27;413800
18/08/2020;5,27;5,6;5,27;5,57;5,57;878100
19/08/2020;5,57;6;5,57;5,8;5,8;971100
20/08/2020;5,86;5,95;5,64;5,65;5,65;776600
21/08/2020;5,65;5,7;5,47;5,67;5,67;377900
24/08/2020;5,76;5,76;5,6;5,6;5,6;336300
25/08/2020;5,6;5,69;5,47;5,52;5,52;276300
26/08/2020;5,47;5,64;5,43;5,55;5,55;320200
27/08/2020;5,55;5,6;5,46;5,51;5,51;146900
28/08/2020;5,51;5,56;5,42;5,53;5,53;210100
31/08/2020;5,55;5,61;5,36;5,4;5,4;238600
01/09/2020;5,44;5,6;5,38;5,58;5,58;278000
02/09/2020;5,58;5,6;5,36;5,44;5,44;377900
03/09/2020;5,41;5,53;5,29;5,35;5,35;381500
04/09/2020;5,41;5,41;5,24;5,4;5,4;245300
08/09/2020;5,4;5,4;5,2;5,22;5,22;323300
09/09/2020;5,27;5,32;5,16;5,26;5,26;264100
10/09/2020;5,21;5,35;5,12;5,29;5,29;362300
11/09/2020;5,21;5,25;5,11;5,15;5,15;203100
14/09/2020;5,11;5,24;5,07;5,17;5,17;267700
15/09/2020;5,18;5,38;5,15;5,37;5,37;229800
16/09/2020;5,44;5,49;5,21;5,28;5,28;278600
17/09/2020;5,28;5,35;5,15;5,35;5,35;265800
18/09/2020;5,38;5,52;5,28;5,34;5,34;316300
21/09/2020;5,37;5,37;5,07;5,11;5,11;374300
22/09/2020;5,19;5,22;5,05;5,07;5,07;232300
23/09/2020;5,09;5,11;4,92;5,05;5,05;324100
24/09/2020;5,05;5,19;4,97;5,01;5,01;279500
25/09/2020;5,03;5,25;5,02;5,25;5,25;280300
28/09/2020;5,29;5,29;5,04;5,05;5,05;306500
29/09/2020;5,05;5,25;5,05;5,06;5,06;261700
30/09/2020;5,08;5,14;4,96;5,05;5,05;454300
01/10/2020;5,05;5,2;4,98;5,13;5,13;505500
02/10/2020;5,12;5,12;4,96;4,97;4,97;403800
05/10/2020;4,98;5,08;4,98;5,06;5,06;227700
06/10/2020;5,02;5,11;4,96;4,99;4,99;365900
07/10/2020;4,98;5,17;4,98;5,04;5,04;365300
08/10/2020;5,06;5,19;5,04;5,16;5,16;244500
09/10/2020;5,16;5,16;5,01;5,02;5,02;443700
13/10/2020;5,04;5,19;5,03;5,18;5,18;372600
14/10/2020;5,18;5,25;5,1;5,18;5,18;264200
15/10/2020;5,15;5,22;5,05;5,18;5,18;498600
16/10/2020;5,18;5,41;5,16;5,3;5,3;532800
19/10/2020;5,3;5,42;5,12;5,13;5,13;452500
20/10/2020;5,13;5,22;5,13;5,22;5,22;277300
21/10/2020;5,2;5,2;5,1;5,13;5,13;309800
22/10/2020;5,13;5,2;5,1;5,17;5,17;178200
23/10/2020;5,16;5,19;5,08;5,17;5,17;274500
26/10/2020;5,28;5,28;5,06;5,11;5,11;420300
27/10/2020;5,11;5,17;5,03;5,04;5,04;256700
28/10/2020;5,02;5,02;4,61;4,76;4,76;885900
29/10/2020;4,78;4,87;4,72;4,83;4,83;359400
30/10/2020;4,8;4,94;4,75;4,81;4,81;331100
03/11/2020;4,81;4,92;4,77;4,84;4,84;458600
04/11/2020;4,84;4,96;4,78;4,87;4,87;233000
05/11/2020;4,89;4,94;4,73;4,88;4,88;553200
06/11/2020;4,88;4,94;4,76;4,79;4,79;358900
09/11/2020;4,85;4,87;4,6;4,75;4,75;731300
10/11/2020;4,75;4,79;4,66;4,67;4,67;507300
11/11/2020;4,7;4,74;4,61;4,65;4,65;404800
12/11/2020;4,66;4,74;4,58;4,74;4,74;432500
13/11/2020;4,74;4,9;4,71;4,89;4,89;484400
16/11/2020;4,92;4,99;4,8;4,85;4,85;386800
17/11/2020;4,9;4,93;4,72;4,73;4,73;654100
18/11/2020;4,73;4,8;4,72;4,79;4,79;285300
19/11/2020;4,78;4,79;4,67;4,67;4,67;289500
23/11/2020;4,77;4,78;4,66;4,74;4,74;333800
24/11/2020;4,74;4,78;4,68;4,73;4,73;242300
25/11/2020;4,73;4,75;4,63;4,69;4,69;530300
26/11/2020;4,69;4,88;4,68;4,84;4,84;544500
27/11/2020;4,85;5,08;4,85;5,05;5,05;645300
30/11/2020;5,07;5,12;4,98;5,07;5,07;461800
01/12/2020;5,1;5,23;5,07;5,18;5,18;454400
02/12/2020;5,21;5,24;5,02;5,02;5,02;404900
03/12/2020;5,05;5,13;4,87;4,88;4,88;878700
04/12/2020;4,95;4,99;4,86;4,92;4,92;281800
07/12/2020;4,94;4,98;4,82;4,85;4,85;444500
08/12/2020;4,87;4,93;4,8;4,85;4,85;347900
09/12/2020;4,85;4,91;4,76;4,78;4,78;325200