Date;Open; High ; Low ; Close ; Adj Close ;Volume
01/12/2015;3,87;3,9;3,83;3,87;3,87;0
02/12/2015;3,85;3,86;3,84;3,85;3,85;0
03/12/2015;3,83;3,83;3,77;3,83;3,83;0
04/12/2015;3,76;3,78;3,72;3,76;3,76;0
07/12/2015;3,76;3,77;3,73;3,75;3,75;0
08/12/2015;3,76;3,82;3,74;3,76;3,76;0
09/12/2015;3,82;3,82;3,72;3,81;3,81;0
10/12/2015;3,74;3,78;3,74;3,74;3,74;0
11/12/2015;3,81;3,88;3,8;3,81;3,81;0
14/12/2015;3,87;3,92;3,86;3,81;3,81;0
15/12/2015;3,88;3,89;3,85;3,88;3,88;0
16/12/2015;3,91;3,96;3,9;3,91;3,91;0
17/12/2015;3,89;3,91;3,86;3,89;3,89;0
18/12/2015;3,88;3,93;3,87;3,88;3,88;0
21/12/2015;3,98;4,04;3,96;3,98;3,98;0
22/12/2015;4,01;4,01;3,96;4,01;4,01;0
23/12/2015;3,98;3,99;3,95;3,99;3,99;0
24/12/2015;3,94;3,94;3,93;3,94;3,94;0
25/12/2015;3,91;3,91;3,91;3,91;3,91;0
28/12/2015;3,91;3,96;3,88;3,91;3,91;0
29/12/2015;3,86;3,87;3,84;3,86;3,86;0
30/12/2015;3,86;4;3,85;3,86;3,86;0
31/12/2015;3,96;3,96;3,96;3,96;3,96;0
01/01/2016;3,95;3,95;3,95;3,95;3,95;0
04/01/2016;3,96;4,06;3,96;3,95;3,95;0
05/01/2016;4,04;4,05;4;4,04;4,04;0
06/01/2016;4,03;4,05;4,01;4,03;4,03;0
07/01/2016;4,02;4,07;4,02;4,02;4,02;0
08/01/2016;4,04;4,04;4;4,04;4,04;0
11/01/2016;4,02;4,05;3,99;3,99;3,99;0
12/01/2016;4,05;4,05;4,01;4,05;4,05;0
13/01/2016;4,03;4,03;3,97;4,03;4,03;0
14/01/2016;4,01;4,04;3,99;4,01;4,01;0
15/01/2016;4,01;4,06;4;4,01;4,01;0
18/01/2016;4,04;4,05;4,01;4;4;0
19/01/2016;4,05;4,06;4;4,05;4,05;0
20/01/2016;4,06;4,11;4,06;4,06;4,06;0
21/01/2016;4,1;4,17;4,1;4,1;4,1;0
22/01/2016;4,15;4,15;4,1;4,15;4,15;0
25/01/2016;4,09;4,09;4,09;4,09;4,09;0
26/01/2016;4,09;4,12;4,06;4,09;4,09;0
27/01/2016;4,07;4,07;4,03;4,07;4,07;0
28/01/2016;4,11;4,12;4,03;4,1;4,1;0
29/01/2016;4,07;4,09;4;4,07;4,07;0
01/02/2016;3,99;4,02;3,96;4;4;0
02/02/2016;3,96;4,01;3,95;3,96;3,96;0
03/02/2016;3,99;3,99;3,94;3,99;3,99;0
04/02/2016;3,89;3,89;3,84;3,89;3,89;0
05/02/2016;3,89;3,92;3,86;3,89;3,89;0
08/02/2016;3,89;3,9;3,88;3,9;3,9;0
09/02/2016;3,89;3,9;3,89;3,89;3,89;0
10/02/2016;3,88;3,94;3,86;3,88;3,88;0
11/02/2016;3,93;3,98;3,92;3,93;3,93;0
12/02/2016;3,99;4;3,97;3,99;3,99;0
15/02/2016;4,01;4,01;3,97;3,97;3,97;0
16/02/2016;4;4,06;3,97;4;4;0
17/02/2016;4,06;4,07;3,98;4,06;4,06;0
18/02/2016;3,98;4,03;3,97;3,98;3,98;0
19/02/2016;4,02;4,06;4,02;4,02;4,02;0
22/02/2016;4,03;4,03;3,94;4,02;4,02;0
23/02/2016;3,94;3,97;3,94;3,94;3,94;0
24/02/2016;3,95;4;3,95;3,95;3,95;0
25/02/2016;3,96;3,96;3,92;3,95;3,95;0
26/02/2016;3,95;3,98;3,93;3,95;3,95;0
29/02/2016;3,99;3,99;3,95;3,96;3,96;0
01/03/2016;4,01;4,01;3,97;4,01;4,01;0
02/03/2016;3,92;3,94;3,89;3,92;3,92;0
03/03/2016;3,89;3,89;3,83;3,89;3,89;0
04/03/2016;3,8;3,8;3,65;3,8;3,8;0
07/03/2016;3,75;3,78;3,73;3,77;3,77;0
08/03/2016;3,78;3,8;3,76;3,78;3,78;0
09/03/2016;3,75;3,75;3,68;3,75;3,75;0
10/03/2016;3,68;3,7;3,64;3,68;3,68;0
11/03/2016;3,61;3,66;3,59;3,61;3,61;0
14/03/2016;3,58;3,64;3,57;3,57;3,57;0
15/03/2016;3,66;3,75;3,65;3,66;3,66;0
16/03/2016;3,76;3,85;3,76;3,76;3,76;0
17/03/2016;3,74;3,74;3,63;3,74;3,74;0
18/03/2016;3,62;3,67;3,6;3,62;3,62;0
21/03/2016;3,62;3,64;3,6;3,62;3,62;0
22/03/2016;3,61;3,65;3,58;3,61;3,61;0
23/03/2016;3,58;3,67;3,57;3,58;3,58;0
24/03/2016;3,68;3,72;3,67;3,68;3,68;0
25/03/2016;3,68;3,68;3,65;3,68;3,68;0
28/03/2016;3,65;3,65;3,63;3,68;3,68;0
29/03/2016;3,64;3,67;3,6;3,68;3,68;0
30/03/2016;3,63;3,64;3,6;3,63;3,63;0
31/03/2016;3,6;3,63;3,53;3,6;3,6;0
01/04/2016;3,59;3,62;3,54;3,59;3,59;0
04/04/2016;3,55;3,6;3,53;3,55;3,55;0
05/04/2016;3,62;3,67;3,6;3,62;3,62;0
06/04/2016;3,67;3,7;3,65;3,67;3,67;0
07/04/2016;3,64;3,7;3,61;3,64;3,64;0
08/04/2016;3,68;3,68;3,61;3,68;3,68;0
11/04/2016;3,58;3,59;3,5;3,59;3,59;0
12/04/2016;3,49;3,56;3,47;3,49;3,49;0
13/04/2016;3,48;3,56;3,48;3,48;3,48;0
14/04/2016;3,49;3,52;3,49;3,49;3,49;0
15/04/2016;3,47;3,54;3,45;3,47;3,47;0
18/04/2016;3,52;3,6;3,48;3,53;3,53;0
19/04/2016;3,61;3,61;3,54;3,61;3,61;0
20/04/2016;3,52;3,56;3,5;3,53;3,53;0
21/04/2016;3,52;3,54;3,5;3,52;3,52;0
22/04/2016;3,52;3,6;3,52;3,52;3,52;0
25/04/2016;3,56;3,57;3,53;3,56;3,56;0
26/04/2016;3,55;3,55;3,52;3,55;3,55;0
27/04/2016;3,52;3,54;3,51;3,52;3,52;0
28/04/2016;3,52;3,52;3,48;3,52;3,52;0
29/04/2016;3,48;3,49;3,42;3,48;3,48;0
02/05/2016;3,43;3,5;3,41;3,43;3,43;0
03/05/2016;3,5;3,58;3,48;3,5;3,5;0
04/05/2016;3,56;3,57;3,53;3,55;3,55;0
05/05/2016;3,55;3,55;3,5;3,55;3,55;0
06/05/2016;3,53;3,57;3,51;3,53;3,53;0
09/05/2016;3,5;3,66;3,47;3,5;3,5;0
10/05/2016;3,51;3,52;3,47;3,51;3,51;0
11/05/2016;3,47;3,48;3,44;3,47;3,47;0
12/05/2016;3,45;3,5;3,42;3,45;3,45;0
13/05/2016;3,48;3,52;3,46;3,48;3,48;0
16/05/2016;3,53;3,53;3,49;3,53;3,53;0
17/05/2016;3,5;3,52;3,48;3,49;3,49;0
18/05/2016;3,48;3,55;3,48;3,49;3,49;0
19/05/2016;3,56;3,61;3,53;3,56;3,56;0
20/05/2016;3,53;3,56;3,53;3,56;3,56;0
23/05/2016;3,54;3,57;3,51;3,56;3,56;0
24/05/2016;3,57;3,57;3,54;3,57;3,57;0
25/05/2016;3,56;3,62;3,55;3,57;3,57;0
26/05/2016;3,58;3,6;3,56;3,58;3,58;0
27/05/2016;3,56;3,62;3,56;3,58;3,58;0
30/05/2016;3,58;3,61;3,58;3,61;3,61;0
31/05/2016;3,57;3,61;3,55;3,57;3,57;0
01/06/2016;3,58;3,63;3,57;3,58;3,58;0
02/06/2016;3,59;3,61;3,56;3,59;3,59;0
03/06/2016;3,58;3,59;3,53;3,58;3,58;0
06/06/2016;3,53;3,53;3,5;3,52;3,52;0
07/06/2016;3,48;3,51;3,45;3,48;3,48;0
08/06/2016;3,44;3,44;3,37;3,43;3,43;0
09/06/2016;3,36;3,39;3,34;3,36;3,36;0
10/06/2016;3,4;3,44;3,39;3,4;3,4;0
13/06/2016;3,4;3,46;3,39;3,42;3,42;0
14/06/2016;3,48;3,51;3,45;3,48;3,48;0
15/06/2016;3,46;3,49;3,46;3,48;3,48;0
16/06/2016;3,47;3,5;3,47;3,47;3,47;0
17/06/2016;3,46;3,47;3,42;3,46;3,46;0
20/06/2016;3,41;3,41;3,37;3,41;3,41;0
21/06/2016;3,39;3,4;3,35;3,39;3,39;0
22/06/2016;3,41;3,41;3,38;3,41;3,41;0
23/06/2016;3,37;3,38;3,34;3,37;3,37;0
24/06/2016;3,34;3,44;3,32;3,34;3,34;0
27/06/2016;3,37;3,41;3,36;3,37;3,37;0
28/06/2016;3,39;3,39;3,31;3,39;3,39;0
29/06/2016;3,3;3,3;3,23;3,3;3,3;0
30/06/2016;3,24;3,24;3,19;3,24;3,24;0
01/07/2016;3,21;3,24;3,19;3,21;3,21;0
04/07/2016;3,23;3,25;3,21;3,23;3,23;0
05/07/2016;3,29;3,3;3,25;3,29;3,29;0
06/07/2016;3,3;3,33;3,28;3,3;3,3;0
07/07/2016;3,33;3,35;3,32;3,33;3,33;0
08/07/2016;3,36;3,36;3,28;3,36;3,36;0
11/07/2016;3,3;3,31;3,27;3,3;3,3;0
12/07/2016;3,31;3,31;3,26;3,31;3,31;0
13/07/2016;3,29;3,3;3,27;3,29;3,29;0
14/07/2016;3,26;3,26;3,21;3,26;3,26;0
15/07/2016;3,25;3,27;3,23;3,25;3,25;0
18/07/2016;3,27;3,28;3,24;3,28;3,28;0
19/07/2016;3,25;3,28;3,23;3,25;3,25;0
20/07/2016;3,25;3,26;3,23;3,25;3,25;0
21/07/2016;3,25;3,27;3,24;3,25;3,25;0
22/07/2016;3,27;3,29;3,25;3,27;3,27;0
25/07/2016;3,25;3,29;3,24;3,25;3,25;0
26/07/2016;3,28;3,29;3,27;3,28;3,28;0
27/07/2016;3,27;3,29;3,26;3,27;3,27;0
28/07/2016;3,26;3,28;3,24;3,26;3,26;0
29/07/2016;3,28;3,29;3,23;3,28;3,28;0
01/08/2016;3,25;3,27;3,24;3,25;3,25;0
02/08/2016;3,26;3,27;3,23;3,26;3,26;0
03/08/2016;3,25;3,29;3,25;3,25;3,25;0
04/08/2016;3,23;3,24;3,2;3,23;3,23;0
05/08/2016;3,19;3,2;3,16;3,19;3,19;0
08/08/2016;3,16;3,19;3,14;3,16;3,16;0
09/08/2016;3,17;3,17;3,12;3,17;3,17;0
10/08/2016;3,14;3,15;3,11;3,14;3,14;0
11/08/2016;3,13;3,15;3,1;3,12;3,12;0
12/08/2016;3,14;3,17;3,12;3,14;3,14;0
15/08/2016;3,19;3,19;3,16;3,19;3,19;0
16/08/2016;3,19;3,19;3,16;3,18;3,18;0
17/08/2016;3,2;3,23;3,19;3,2;3,2;0
18/08/2016;3,2;3,23;3,18;3,2;3,2;0
19/08/2016;3,24;3,24;3,22;3,24;3,24;0
22/08/2016;3,21;3,22;3,2;3,2;3,2;0
23/08/2016;3,2;3,22;3,18;3,2;3,2;0
24/08/2016;3,24;3,25;3,23;3,24;3,24;0
25/08/2016;3,22;3,24;3,21;3,22;3,22;0
26/08/2016;3,23;3,23;3,19;3,23;3,23;0
29/08/2016;3,26;3,29;3,24;3,26;3,26;0
30/08/2016;3,23;3,26;3,21;3,23;3,23;0
31/08/2016;3,24;3,25;3,22;3,24;3,24;0
01/09/2016;3,23;3,26;3,2;3,23;3,23;0
02/09/2016;3,25;3,27;3,22;3,25;3,25;0
05/09/2016;3,26;3,28;3,25;3,26;3,26;0
06/09/2016;3,27;3,28;3,22;3,27;3,27;0
07/09/2016;3,2;3,21;3,17;3,2;3,2;0
08/09/2016;3,19;3,21;3,16;3,19;3,19;0
09/09/2016;3,21;3,28;3,21;3,21;3,21;0
12/09/2016;3,27;3,3;3,27;3,27;3,27;0
13/09/2016;3,24;3,32;3,24;3,25;3,25;0
14/09/2016;3,31;3,34;3,3;3,31;3,31;0
15/09/2016;3,34;3,36;3,31;3,34;3,34;0
16/09/2016;3,3;3,32;3,29;3,3;3,3;0
19/09/2016;3,27;3,28;3,25;3,27;3,27;0
20/09/2016;3,27;3,27;3,24;3,27;3,27;0
21/09/2016;3,26;3,26;3,23;3,26;3,26;0
22/09/2016;3,21;3,22;3,18;3,21;3,21;0
23/09/2016;3,22;3,23;3,2;3,22;3,22;0
26/09/2016;3,24;3,25;3,23;3,24;3,24;0
27/09/2016;3,24;3,25;3,22;3,24;3,24;0
28/09/2016;3,23;3,25;3,23;3,23;3,23;0
29/09/2016;3,22;3,23;3,21;3,22;3,22;0
30/09/2016;3,26;3,26;3,23;3,26;3,26;0
03/10/2016;3,26;3,26;3,22;3,26;3,26;0
04/10/2016;3,21;3,23;3,2;3,21;3,21;0
05/10/2016;3,26;3,26;3,23;3,25;3,25;0
06/10/2016;3,22;3,24;3,21;3,22;3,22;0
07/10/2016;3,23;3,24;3,19;3,23;3,23;0
10/10/2016;3,22;3,22;3,2;3,22;3,22;0
11/10/2016;3,2;3,22;3,2;3,2;3,2;0
12/10/2016;3,2;3,2;3,19;3,2;3,2;0
13/10/2016;3,2;3,22;3,19;3,2;3,2;0
14/10/2016;3,18;3,2;3,16;3,18;3,18;0
17/10/2016;3,2;3,2;3,19;3,2;3,2;0
18/10/2016;3,2;3,2;3,18;3,2;3,2;0
19/10/2016;3,18;3,2;3,16;3,18;3,18;0
20/10/2016;3,17;3,17;3,15;3,17;3,17;0
21/10/2016;3,14;3,16;3,13;3,14;3,14;0
24/10/2016;3,15;3,15;3,12;3,15;3,15;0
25/10/2016;3,12;3,13;3,1;3,12;3,12;0
26/10/2016;3,11;3,13;3,11;3,11;3,11;0
27/10/2016;3,14;3,16;3,13;3,14;3,14;0
28/10/2016;3,16;3,19;3,15;3,17;3,17;0
31/10/2016;3,2;3,2;3,16;3,2;3,2;0
01/11/2016;3,2;3,23;3,17;3,2;3,2;0
02/11/2016;3,24;3,24;3,22;3,24;3,24;0
03/11/2016;3,25;3,25;3,22;3,25;3,25;0
04/11/2016;3,26;3,26;3,23;3,26;3,26;0
07/11/2016;3,23;3,24;3,18;3,23;3,23;0
08/11/2016;3,2;3,21;3,19;3,2;3,2;0
09/11/2016;3,17;3,25;3,16;3,17;3,17;0
10/11/2016;3,23;3,39;3,21;3,23;3,23;0
11/11/2016;3,39;3,49;3,38;3,4;3,4;0
14/11/2016;3,39;3,47;3,39;3,39;3,39;0
15/11/2016;3,44;3,44;3,43;3,44;3,44;0
16/11/2016;3,44;3,44;3,4;3,44;3,44;0
17/11/2016;3,45;3,45;3,37;3,45;3,45;0
18/11/2016;3,43;3,44;3,37;3,43;3,43;0
21/11/2016;3,38;3,38;3,34;3,38;3,38;0
22/11/2016;3,39;3,39;3,33;3,39;3,39;0
23/11/2016;3,36;3,41;3,35;3,36;3,36;0
24/11/2016;3,43;3,44;3,38;3,43;3,43;0
25/11/2016;3,39;3,46;3,39;3,39;3,39;0
28/11/2016;3,42;3,42;3,39;3,42;3,42;0
29/11/2016;3,41;3,41;3,38;3,41;3,41;0
30/11/2016;3,45;3,45;3,38;3,45;3,45;0
01/12/2016;3,4;3,48;3,38;3,41;3,41;0
02/12/2016;3,58;3,58;3,44;3,57;3,57;0
05/12/2016;3,47;3,5;3,44;3,47;3,47;0
06/12/2016;3,42;3,46;3,42;3,42;3,42;0
07/12/2016;3,41;3,41;3,36;3,41;3,41;0
08/12/2016;3,38;3,41;3,37;3,38;3,38;0
09/12/2016;3,37;3,41;3,35;3,37;3,37;0
12/12/2016;3,38;3,41;3,34;3,38;3,38;0
13/12/2016;3,34;3,36;3,32;3,34;3,34;0
14/12/2016;3,33;3,35;3,3;3,33;3,33;0
15/12/2016;3,37;3,41;3,35;3,37;3,37;0
16/12/2016;3,37;3,41;3,34;3,37;3,37;0
19/12/2016;3,39;3,4;3,37;3,39;3,39;0
20/12/2016;3,36;3,38;3,35;3,36;3,36;0
21/12/2016;3,35;3,36;3,32;3,35;3,35;0
22/12/2016;3,33;3,35;3,32;3,33;3,33;0
23/12/2016;3,29;3,29;3,26;3,29;3,29;0
26/12/2016;3,27;3,27;3,27;3,27;3,27;0
27/12/2016;3,27;3,29;3,27;3,27;3,27;0
28/12/2016;3,27;3,29;3,25;3,27;3,27;0
29/12/2016;3,28;3,28;3,24;3,28;3,28;0
30/12/2016;3,25;3,26;3,25;3,25;3,25;0
02/01/2017;3,25;3,28;3,24;3,25;3,25;0
03/01/2017;3,28;3,29;3,25;3,28;3,28;0
04/01/2017;3,26;3,26;3,22;3,26;3,26;0
05/01/2017;3,21;3,23;3,2;3,21;3,21;0
06/01/2017;3,2;3,21;3,19;3,2;3,2;0
09/01/2017;3,22;3,23;3,2;3,22;3,22;0
10/01/2017;3,19;3,2;3,18;3,2;3,2;0
11/01/2017;3,19;3,22;3,19;3,19;3,19;0
12/01/2017;3,2;3,2;3,16;3,2;3,2;0
13/01/2017;3,19;3,22;3,18;3,19;3,19;0
16/01/2017;3,22;3,23;3,21;3,19;3,19;0
17/01/2017;3,24;3,24;3,2;3,24;3,24;0
18/01/2017;3,21;3,23;3,18;3,21;3,21;0
19/01/2017;3,23;3,23;3,2;3,23;3,23;0
20/01/2017;3,19;3,2;3,18;3,19;3,19;0
23/01/2017;3,17;3,17;3,16;3,14;3,14;0
24/01/2017;3,16;3,17;3,16;3,16;3,16;0
25/01/2017;3,17;3,17;3,16;3,17;3,17;0
26/01/2017;3,17;3,19;3,15;3,17;3,17;0
27/01/2017;3,18;3,18;3,14;3,18;3,18;0
30/01/2017;3,14;3,15;3,12;3,11;3,11;0
31/01/2017;3,13;3,14;3,11;3,13;3,13;0
01/02/2017;3,15;3,16;3,13;3,15;3,15;0
02/02/2017;3,13;3,13;3,11;3,13;3,13;0
03/02/2017;3,12;3,14;3,1;3,12;3,12;0
06/02/2017;3,12;3,12;3,11;3,12;3,12;0
07/02/2017;3,11;3,13;3,11;3,11;3,11;0
08/02/2017;3,12;3,13;3,12;3,12;3,12;0
09/02/2017;3,12;3,13;3,11;3,12;3,12;0
10/02/2017;3,13;3,13;3,11;3,13;3,13;0
13/02/2017;3,12;3,12;3,11;3,11;3,11;0
14/02/2017;3,11;3,12;3,09;3,11;3,11;0
15/02/2017;3,08;3,09;3,06;3,08;3,08;0
16/02/2017;3,06;3,06;3,04;3,06;3,06;0
17/02/2017;3,09;3,11;3,08;3,09;3,09;0
20/02/2017;3,1;3,1;3,08;3,1;3,1;0
21/02/2017;3,09;3,1;3,08;3,09;3,09;0
22/02/2017;3,09;3,1;3,07;3,09;3,09;0
23/02/2017;3,06;3,07;3,05;3,06;3,06;0
24/02/2017;3,06;3,1;3,06;3,06;3,06;0
27/02/2017;3,11;3,11;3,1;3,09;3,09;0
28/02/2017;3,11;3,11;3,09;3,11;3,11;0
01/03/2017;3,11;3,12;3,11;3,11;3,11;0
02/03/2017;3,09;3,13;3,08;3,09;3,09;0
03/03/2017;3,16;3,16;3,13;3,15;3,15;0
06/03/2017;3,12;3,12;3,09;3,12;3,12;0
07/03/2017;3,14;3,14;3,11;3,14;3,14;0
08/03/2017;3,12;3,15;3,12;3,12;3,12;0
09/03/2017;3,16;3,18;3,16;3,16;3,16;0
10/03/2017;3,19;3,19;3,15;3,19;3,19;0
13/03/2017;3,14;3,16;3,13;3,15;3,15;0
14/03/2017;3,15;3,17;3,14;3,15;3,15;0
15/03/2017;3,16;3,18;3,14;3,16;3,16;0
16/03/2017;3,1;3,12;3,09;3,1;3,1;0
17/03/2017;3,12;3,12;3,09;3,12;3,12;0
20/03/2017;3,09;3,11;3,08;3,09;3,09;0
21/03/2017;3,07;3,09;3,05;3,07;3,07;0
22/03/2017;3,09;3,1;3,08;3,09;3,09;0
23/03/2017;3,08;3,13;3,07;3,08;3,08;0
24/03/2017;3,14;3,15;3,11;3,14;3,14;0
27/03/2017;3,11;3,13;3,09;3,11;3,11;0
28/03/2017;3,12;3,13;3,12;3,13;3,13;0
29/03/2017;3,14;3,14;3,11;3,14;3,14;0
30/03/2017;3,12;3,13;3,1;3,12;3,12;0
31/03/2017;3,15;3,17;3,13;3,15;3,15;0
03/04/2017;3,12;3,13;3,1;3,12;3,12;0
04/04/2017;3,11;3,14;3,11;3,11;3,11;0
05/04/2017;3,09;3,1;3,07;3,1;3,1;0
06/04/2017;3,12;3,13;3,1;3,12;3,12;0
07/04/2017;3,14;3,14;3,12;3,14;3,14;0
10/04/2017;3,15;3,15;3,13;3,14;3,14;0
11/04/2017;3,13;3,15;3,13;3,13;3,13;0
12/04/2017;3,14;3,15;3,13;3,14;3,14;0
13/04/2017;3,12;3,14;3,12;3,12;3,12;0
14/04/2017;3,14;3,14;3,14;3,14;3,14;0
17/04/2017;3,14;3,14;3,1;3,14;3,14;0
18/04/2017;3,14;3,14;3,08;3,13;3,13;0
19/04/2017;3,11;3,14;3,09;3,11;3,11;0
20/04/2017;3,15;3,15;3,13;3,15;3,15;0
21/04/2017;3,15;3,15;3,14;3,15;3,15;0
24/04/2017;3,15;3,15;3,08;3,15;3,15;0
25/04/2017;3,12;3,16;3,11;3,13;3,13;0
26/04/2017;3,15;3,19;3,13;3,15;3,15;0
27/04/2017;3,17;3,19;3,16;3,17;3,17;0
28/04/2017;3,18;3,21;3,16;3,18;3,18;0
01/05/2017;3,17;3,18;3,17;3,18;3,18;0
02/05/2017;3,18;3,19;3,16;3,18;3,18;0
03/05/2017;3,15;3,16;3,14;3,15;3,15;0
04/05/2017;3,16;3,18;3,14;3,16;3,16;0
05/05/2017;3,18;3,19;3,17;3,18;3,18;0
08/05/2017;3,17;3,2;3,17;3,18;3,18;0
09/05/2017;3,2;3,2;3,18;3,2;3,2;0
10/05/2017;3,19;3,19;3,15;3,19;3,19;0
11/05/2017;3,17;3,17;3,15;3,17;3,17;0
12/05/2017;3,14;3,15;3,12;3,14;3,14;0
15/05/2017;3,12;3,12;3,09;3,18;3,18;0
16/05/2017;3,1;3,11;3,09;3,11;3,11;0
17/05/2017;3,1;3,11;3,09;3,1;3,1;0
18/05/2017;3,14;3,41;3,13;3,13;3,13;0
19/05/2017;3,37;3,37;3,27;3,37;3,37;0
22/05/2017;3,26;3,3;3,23;3,25;3,25;0
23/05/2017;3,27;3,28;3,26;3,27;3,27;0
24/05/2017;3,27;3,28;3,25;3,27;3,27;0
25/05/2017;3,27;3,29;3,27;3,27;3,27;0
26/05/2017;3,27;3,29;3,25;3,27;3,27;0
29/05/2017;3,26;3,27;3,26;3,18;3,18;0
30/05/2017;3,26;3,27;3,25;3,26;3,26;0
31/05/2017;3,26;3,26;3,24;3,26;3,26;0
01/06/2017;3,23;3,24;3,22;3,23;3,23;0
02/06/2017;3,25;3,25;3,23;3,25;3,25;0
05/06/2017;3,25;3,29;3,24;3,25;3,25;0
06/06/2017;3,29;3,3;3,27;3,3;3,3;0
07/06/2017;3,28;3,28;3,27;3,28;3,28;0
08/06/2017;3,27;3,29;3,26;3,27;3,27;0
09/06/2017;3,26;3,28;3,25;3,26;3,26;0
12/06/2017;3,29;3,31;3,27;3,18;3,18;0
13/06/2017;3,32;3,33;3,3;3,32;3,32;0
14/06/2017;3,31;3,32;3,27;3,31;3,31;0
15/06/2017;3,27;3,28;3,27;3,27;3,27;0
16/06/2017;3,28;3,29;3,27;3,27;3,27;0
19/06/2017;3,29;3,31;3,28;3,29;3,29;0
20/06/2017;3,28;3,32;3,28;3,28;3,28;0
21/06/2017;3,32;3,33;3,31;3,33;3,33;0
22/06/2017;3,33;3,34;3,32;3,33;3,33;0
23/06/2017;3,34;3,34;3,33;3,34;3,34;0
26/06/2017;3,34;3,34;3,31;3,34;3,34;0
27/06/2017;3,29;3,32;3,27;3,29;3,29;0
28/06/2017;3,31;3,31;3,3;3,31;3,31;0
29/06/2017;3,28;3,3;3,28;3,28;3,28;0
30/06/2017;3,3;3,31;3,29;3,3;3,3;0
03/07/2017;3,3;3,32;3,28;3,18;3,18;0
04/07/2017;3,3;3,31;3,3;3,3;3,3;0
05/07/2017;3,28;3,33;3,28;3,31;3,31;0
06/07/2017;3,28;3,32;3,28;3,29;3,29;0
07/07/2017;3,3;3,3;3,27;3,3;3,3;0
10/07/2017;3,28;3,3;3,26;3,18;3,18;0
11/07/2017; null ; null ; null ; null ; null ;null
12/07/2017;3,25;3,25;3,22;3,25;3,25;0
13/07/2017;3,21;3,22;3,2;3,21;3,21;0
14/07/2017;3,21;3,21;3,18;3,21;3,21;0
17/07/2017;3,18;3,19;3,17;3,18;3,18;0
18/07/2017;3,15;3,18;3,15;3,18;3,18;0
19/07/2017;3,15;3,16;3,15;3,15;3,15;0
20/07/2017;3,15;3,15;3,13;3,15;3,15;0
21/07/2017;3,09;3,13;3,09;3,12;3,12;0
24/07/2017;3,14;3,15;3,13;3,18;3,18;0
25/07/2017;3,14;3,17;3,14;3,14;3,14;0
26/07/2017;3,17;3,17;3,15;3,17;3,17;0
27/07/2017;3,13;3,16;3,12;3,14;3,14;0
28/07/2017;3,15;3,16;3,14;3,15;3,15;0
31/07/2017;3,13;3,14;3,12;3,18;3,18;0
01/08/2017;3,13;3,13;3,11;3,13;3,13;0
02/08/2017;3,13;3,13;3,12;3,12;3,12;0
03/08/2017;3,1;3,13;3,09;3,11;3,11;0
04/08/2017;3,11;3,13;3,1;3,11;3,11;0
07/08/2017;3,12;3,13;3,11;3,13;3,13;0
08/08/2017;3,12;3,13;3,12;3,12;3,12;0
09/08/2017;3,13;3,15;3,12;3,13;3,13;0
10/08/2017;3,15;3,16;3,15;3,15;3,15;0
11/08/2017;3,17;3,18;3,16;3,17;3,17;0
14/08/2017;3,19;3,2;3,17;3,18;3,18;0
15/08/2017;3,19;3,2;3,18;3,19;3,19;0
16/08/2017;3,17;3,17;3,16;3,17;3,17;0
17/08/2017;3,13;3,16;3,13;3,15;3,15;0
18/08/2017;3,17;3,17;3,15;3,17;3,17;0
21/08/2017;3,14;3,15;3,13;3,18;3,18;0
22/08/2017;3,16;3,16;3,15;3,16;3,16;0
23/08/2017;3,16;3,17;3,15;3,16;3,16;0
24/08/2017;3,14;3,14;3,13;3,14;3,14;0
25/08/2017;3,14;3,15;3,14;3,15;3,15;0
28/08/2017;3,16;3,16;3,15;3,16;3,16;0
29/08/2017;3,17;3,17;3,16;3,17;3,17;0
30/08/2017;3,16;3,17;3,16;3,16;3,16;0
31/08/2017;3,16;3,17;3,14;3,16;3,16;0
01/09/2017;3,13;3,15;3,12;3,15;3,15;0
04/09/2017;3,14;3,14;3,13;3,18;3,18;0
05/09/2017;3,14;3,14;3,11;3,14;3,14;0
06/09/2017;3,12;3,12;3,11;3,12;3,12;0
07/09/2017;3,1;3,11;3,1;3,1;3,1;0
08/09/2017;3,1;3,1;3,09;3,1;3,1;0
11/09/2017;3,09;3,1;3,08;3,18;3,18;0
12/09/2017;3,1;3,12;3,08;3,1;3,1;0
13/09/2017;3,12;3,14;3,12;3,12;3,12;0
14/09/2017;3,13;3,14;3,12;3,13;3,13;0
15/09/2017;3,12;3,13;3,12;3,12;3,12;0
18/09/2017;3,11;3,13;3,11;3,11;3,11;0
19/09/2017;3,13;3,14;3,13;3,13;3,13;0
20/09/2017;3,13;3,14;3,12;3,13;3,13;0
21/09/2017;3,13;3,14;3,13;3,13;3,13;0
22/09/2017;3,13;3,14;3,12;3,13;3,13;0
25/09/2017;3,12;3,15;3,12;3,12;3,12;0
26/09/2017;3,16;3,17;3,15;3,16;3,16;0
27/09/2017;3,17;3,2;3,15;3,16;3,16;0
28/09/2017;3,19;3,19;3,17;3,19;3,19;0
29/09/2017;3,17;3,19;3,16;3,18;3,18;0
02/10/2017;3,16;3,17;3,16;3,16;3,16;0
03/10/2017;3,15;3,16;3,14;3,15;3,15;0
04/10/2017;3,14;3,14;3,12;3,14;3,14;0
05/10/2017;3,13;3,14;3,12;3,13;3,13;0
06/10/2017;3,15;3,17;3,15;3,15;3,15;0
09/10/2017;3,12;3,19;3,12;3,16;3,16;0
10/10/2017;3,18;3,19;3,16;3,19;3,19;0
11/10/2017;3,18;3,18;3,15;3,18;3,18;0
12/10/2017;3,17;3,17;3,15;3,17;3,17;0
13/10/2017;3,17;3,18;3,15;3,17;3,17;0
16/10/2017;3,14;3,17;3,13;3,15;3,15;0
17/10/2017;3,17;3,18;3,16;3,17;3,17;0
18/10/2017;3,15;3,18;3,14;3,16;3,16;0
19/10/2017;3,17;3,18;3,16;3,17;3,17;0
20/10/2017;3,16;3,19;3,16;3,16;3,16;0
23/10/2017;3,19;3,21;3,19;3,19;3,19;0
24/10/2017;3,24;3,26;3,23;3,23;3,23;0
25/10/2017;3,22;3,25;3,22;3,24;3,24;0
26/10/2017;3,23;3,26;3,23;3,23;3,23;0
27/10/2017;3,26;3,3;3,26;3,29;3,29;0
30/10/2017;3,23;3,26;3,23;3,23;3,23;0
31/10/2017;3,29;3,29;3,27;3,29;3,29;0
01/11/2017;3,27;3,29;3,26;3,27;3,27;0
02/11/2017;3,27;3,27;3,24;3,27;3,27;0
03/11/2017;3,27;3,33;3,25;3,26;3,26;0
06/11/2017;3,31;3,31;3,27;3,29;3,29;0
07/11/2017;3,25;3,29;3,25;3,25;3,25;0
08/11/2017;3,27;3,27;3,24;3,27;3,27;0
09/11/2017;3,25;3,27;3,24;3,25;3,25;0
10/11/2017;3,25;3,27;3,25;3,25;3,25;0
13/11/2017;3,28;3,3;3,26;3,28;3,28;0
14/11/2017;3,28;3,3;3,27;3,28;3,28;0
15/11/2017;3,31;3,31;3,31;3,31;3,31;0
16/11/2017; null ; null ; null ; null ; null ;null
17/11/2017;3,27;3,29;3,26;3,27;3,27;0
20/11/2017;3,26;3,27;3,25;3,25;3,25;0
21/11/2017;3,25;3,26;3,24;3,25;3,25;0
22/11/2017;3,26;3,26;3,23;3,26;3,26;0
23/11/2017;3,22;3,24;3,22;3,22;3,22;0
24/11/2017;3,22;3,23;3,22;3,22;3,22;0
27/11/2017;3,23;3,23;3,21;3,23;3,23;0
28/11/2017;3,23;3,23;3,2;3,23;3,23;0
29/11/2017;3,21;3,23;3,2;3,21;3,21;0
30/11/2017;3,24;3,29;3,24;3,24;3,24;0
01/12/2017;3,27;3,28;3,25;3,27;3,27;0
04/12/2017;3,26;3,26;3,24;3,26;3,26;0
05/12/2017;3,24;3,24;3,22;3,24;3,24;0
06/12/2017;3,24;3,25;3,23;3,24;3,24;0
07/12/2017;3,23;3,32;3,23;3,23;3,23;0
08/12/2017;3,29;3,31;3,26;3,29;3,29;0
11/12/2017;3,29;3,3;3,27;3,29;3,29;0
12/12/2017;3,3;3,33;3,29;3,3;3,3;0
13/12/2017;3,3;3,32;3,28;3,3;3,3;0
14/12/2017;3,31;3,34;3,31;3,31;3,31;0
15/12/2017;3,34;3,34;3,31;3,34;3,34;0
18/12/2017;3,29;3,3;3,28;3,29;3,29;0
19/12/2017;3,29;3,31;3,28;3,29;3,29;0
20/12/2017;3,29;3,3;3,26;3,29;3,29;0
21/12/2017;3,29;3,31;3,29;3,3;3,3;0
22/12/2017;3,31;3,33;3,28;3,31;3,31;0
25/12/2017;3,34;3,34;3,34;3,34;3,34;0
26/12/2017;3,34;3,34;3,31;3,34;3,34;0
27/12/2017;3,31;3,31;3,29;3,31;3,31;0
28/12/2017;3,31;3,32;3,28;3,31;3,31;0
29/12/2017;3,31;3,31;3,28;3,31;3,31;0
01/01/2018;3,31;3,31;3,31;3,31;3,31;0
02/01/2018;3,31;3,31;3,26;3,31;3,31;0
03/01/2018;3,26;3,26;3,24;3,26;3,26;0
04/01/2018;3,24;3,24;3,22;3,24;3,24;0
05/01/2018;3,23;3,25;3,23;3,23;3,23;0
08/01/2018;3,23;3,24;3,22;3,23;3,23;0
09/01/2018;3,24;3,25;3,23;3,24;3,24;0
10/01/2018;3,25;3,25;3,24;3,25;3,25;0
11/01/2018;3,23;3,24;3,22;3,23;3,23;0
12/01/2018;3,21;3,23;3,2;3,21;3,21;0
15/01/2018;3,2;3,21;3,18;3,2;3,2;0
16/01/2018;3,21;3,24;3,21;3,21;3,21;0
17/01/2018;3,22;3,24;3,22;3,22;3,22;0
18/01/2018;3,22;3,22;3,2;3,22;3,22;0
19/01/2018;3,2;3,21;3,2;3,21;3,21;0
22/01/2018;3,19;3,21;3,18;3,19;3,19;0
23/01/2018;3,2;3,24;3,2;3,2;3,2;0
24/01/2018;3,23;3,24;3,18;3,24;3,24;0
25/01/2018;3,15;3,15;3,12;3,15;3,15;0
26/01/2018;3,15;3,15;3,13;3,15;3,15;0
29/01/2018;3,15;3,17;3,14;3,15;3,15;0
30/01/2018;3,15;3,19;3,15;3,15;3,15;0
31/01/2018;3,18;3,18;3,14;3,18;3,18;0
01/02/2018;3,18;3,19;3,16;3,18;3,18;0
02/02/2018;3,16;3,22;3,16;3,16;3,16;0
05/02/2018;3,22;3,25;3,21;3,22;3,22;0
06/02/2018;3,26;3,28;3,22;3,26;3,26;0
07/02/2018;3,23;3,26;3,23;3,23;3,23;0
08/02/2018;3,27;3,29;3,26;3,27;3,27;0
09/02/2018;3,28;3,31;3,27;3,28;3,28;0
12/02/2018;3,29;3,29;3,26;3,29;3,29;0
13/02/2018;3,29;3,29;3,29;3,29;3,29;0
14/02/2018;3,29;3,3;3,25;3,29;3,29;0
15/02/2018;3,21;3,23;3,19;3,22;3,22;0
16/02/2018;3,23;3,25;3,22;3,23;3,23;0
19/02/2018;3,23;3,24;3,22;3,23;3,23;0
20/02/2018;3,23;3,26;3,23;3,23;3,23;0
21/02/2018;3,25;3,26;3,23;3,25;3,25;0
22/02/2018;3,27;3,27;3,25;3,27;3,27;0
23/02/2018;3,25;3,25;3,23;3,25;3,25;0
26/02/2018;3,24;3,24;3,23;3,24;3,24;0
27/02/2018;3,22;3,25;3,22;3,22;3,22;0
28/02/2018;3,25;3,25;3,22;3,25;3,25;0
01/03/2018;3,24;3,27;3,24;3,24;3,24;0
02/03/2018;3,25;3,27;3,25;3,25;3,25;0
05/03/2018;3,25;3,26;3,25;3,25;3,25;0
06/03/2018;3,24;3,24;3,22;3,24;3,24;0
07/03/2018;3,21;3,24;3,21;3,21;3,21;0
08/03/2018;3,24;3,27;3,21;3,24;3,24;0
09/03/2018;3,27;3,27;3,24;3,27;3,27;0
12/03/2018;3,26;3,26;3,25;3,26;3,26;0
13/03/2018;3,26;3,26;3,24;3,26;3,26;0
14/03/2018;3,26;3,27;3,24;3,26;3,26;0
15/03/2018;3,26;3,29;3,26;3,26;3,26;0
16/03/2018;3,28;3,3;3,28;3,28;3,28;0
19/03/2018;3,28;3,29;3,28;3,28;3,28;0
20/03/2018;3,28;3,3;3,28;3,28;3,28;0
21/03/2018;3,31;3,31;3,28;3,31;3,31;0
22/03/2018;3,27;3,31;3,27;3,27;3,27;0
23/03/2018;3,31;3,31;3,27;3,31;3,31;0
26/03/2018;3,31;3,31;3,29;3,31;3,31;0
27/03/2018;3,31;3,33;3,31;3,31;3,31;0
28/03/2018;3,32;3,34;3,32;3,32;3,32;0
29/03/2018;3,32;3,33;3,31;3,32;3,32;0
30/03/2018;3,3;3,3;3,3;3,3;3,3;0
02/04/2018;3,3;3,32;3,3;3,3;3,3;0
03/04/2018;3,3;3,32;3,3;3,31;3,31;0
04/04/2018;3,34;3,37;3,32;3,34;3,34;0
05/04/2018;3,32;3,33;3,3;3,33;3,33;0
06/04/2018;3,34;3,38;3,32;3,34;3,34;0
09/04/2018;3,37;3,4;3,36;3,37;3,37;0
10/04/2018;3,42;3,43;3,39;3,42;3,42;0
11/04/2018;3,41;3,42;3,39;3,41;3,41;0
12/04/2018;3,37;3,39;3,36;3,37;3,37;0
13/04/2018;3,41;3,43;3,39;3,41;3,41;0
16/04/2018;3,39;3,43;3,39;3,42;3,42;0
17/04/2018;3,4;3,42;3,4;3,42;3,42;0
18/04/2018;3,4;3,41;3,38;3,41;3,41;0
19/04/2018;3,38;3,4;3,36;3,38;3,38;0
20/04/2018;3,39;3,42;3,37;3,38;3,38;0
23/04/2018;3,41;3,45;3,4;3,41;3,41;0
24/04/2018;3,45;3,48;3,43;3,45;3,45;0
25/04/2018;3,47;3,51;3,43;3,47;3,47;0
26/04/2018;3,48;3,51;3,46;3,48;3,48;0
27/04/2018;3,47;3,48;3,46;3,47;3,47;0
30/04/2018;3,46;3,49;3,45;3,46;3,46;0
01/05/2018;3,5;3,51;3,5;3,51;3,51;0
02/05/2018;3,5;3,55;3,49;3,51;3,51;0
03/05/2018;3,55;3,56;3,51;3,55;3,55;0
04/05/2018;3,53;3,55;3,51;3,53;3,53;0
07/05/2018;3,51;3,56;3,51;3,53;3,53;0
08/05/2018;3,55;3,59;3,55;3,55;3,55;0
09/05/2018;3,56;3,6;3,55;3,56;3,56;0
10/05/2018;3,59;3,59;3,55;3,59;3,59;0
11/05/2018;3,55;3,6;3,54;3,55;3,55;0
14/05/2018;3,6;3,62;3,57;3,6;3,6;0
15/05/2018;3,62;3,69;3,62;3,62;3,62;0
16/05/2018;3,65;3,69;3,63;3,65;3,65;0
17/05/2018;3,67;3,71;3,66;3,67;3,67;0
18/05/2018;3,7;3,77;3,68;3,7;3,7;0
21/05/2018;3,74;3,74;3,69;3,74;3,74;0
22/05/2018;3,68;3,68;3,63;3,68;3,68;0
23/05/2018;3,65;3,68;3,64;3,65;3,65;0
24/05/2018;3,63;3,65;3,6;3,63;3,63;0
25/05/2018;3,65;3,68;3,64;3,65;3,65;0
28/05/2018;3,63;3,72;3,63;3,63;3,63;0
29/05/2018;3,73;3,76;3,71;3,73;3,73;0
30/05/2018;3,72;3,77;3,67;3,72;3,72;0
31/05/2018;3,69;3,73;3,69;3,72;3,72;0
01/06/2018;3,72;3,76;3,7;3,72;3,72;0
04/06/2018;3,76;3,77;3,73;3,76;3,76;0
05/06/2018;3,75;3,8;3,74;3,74;3,74;0
06/06/2018;3,8;3,84;3,77;3,8;3,8;0
07/06/2018;3,85;3,94;3,84;3,84;3,84;0
08/06/2018;3,9;3,9;3,74;3,9;3,9;0
11/06/2018;3,71;3,73;3,67;3,7;3,7;0
12/06/2018;3,71;3,73;3,67;3,71;3,71;0
13/06/2018;3,71;3,72;3,69;3,72;3,72;0
14/06/2018;3,72;3,72;3,68;3,72;3,72;0
15/06/2018;3,8;3,8;3,75;3,8;3,8;0
18/06/2018;3,73;3,76;3,73;3,73;3,73;0
19/06/2018;3,74;3,78;3,72;3,75;3,75;0
20/06/2018;3,71;3,75;3,71;3,75;3,75;0
21/06/2018;3,77;3,8;3,75;3,77;3,77;0
22/06/2018;3,77;3,78;3,74;3,77;3,77;0
25/06/2018;3,78;3,79;3,76;3,79;3,79;0
26/06/2018;3,75;3,78;3,75;3,78;3,78;0
27/06/2018;3,8;3,86;3,78;3,8;3,8;0
28/06/2018;3,86;3,87;3,83;3,86;3,86;0
29/06/2018;3,86;3,87;3,83;3,86;3,86;0
02/07/2018;3,88;3,92;3,86;3,88;3,88;0
03/07/2018;3,91;3,91;3,87;3,91;3,91;0
04/07/2018;3,89;3,92;3,88;3,9;3,9;0
05/07/2018;3,91;3,93;3,89;3,91;3,91;0
06/07/2018;3,93;3,95;3,9;3,93;3,93;0
09/07/2018;3,86;3,87;3,84;3,87;3,87;0
10/07/2018;3,87;3,88;3,82;3,87;3,87;0
11/07/2018;3,82;3,86;3,81;3,82;3,82;0
12/07/2018;3,88;3,88;3,84;3,88;3,88;0
13/07/2018;3,88;3,9;3,86;3,88;3,88;0
16/07/2018;3,85;3,87;3,82;3,85;3,85;0
17/07/2018;3,83;3,88;3,83;3,86;3,86;0
18/07/2018;3,84;3,86;3,83;3,84;3,84;0
19/07/2018;3,85;3,89;3,85;3,85;3,85;0
20/07/2018;3,83;3,83;3,76;3,83;3,83;0
23/07/2018;3,76;3,8;3,76;3,77;3,77;0
24/07/2018;3,75;3,79;3,73;3,78;3,78;0
25/07/2018;3,75;3,75;3,7;3,75;3,75;0
26/07/2018;3,69;3,73;3,67;3,69;3,69;0
27/07/2018;3,74;3,75;3,7;3,74;3,74;0
30/07/2018;3,71;3,73;3,69;3,71;3,71;0
31/07/2018;3,72;3,76;3,71;3,73;3,73;0
01/08/2018;3,75;3,77;3,73;3,75;3,75;0
02/08/2018;3,74;3,78;3,73;3,75;3,75;0
03/08/2018;3,75;3,75;3,7;3,75;3,75;0
06/08/2018;3,71;3,73;3,69;3,7;3,7;0
07/08/2018;3,73;3,74;3,7;3,73;3,73;0
08/08/2018;3,75;3,77;3,73;3,75;3,75;0
09/08/2018;3,77;3,82;3,74;3,77;3,77;0
10/08/2018;3,77;3,87;3,77;3,8;3,8;0
13/08/2018;3,86;3,91;3,85;3,87;3,87;0
14/08/2018;3,88;3,89;3,86;3,88;3,88;0
15/08/2018;3,86;3,93;3,86;3,86;3,86;0
16/08/2018;3,9;3,92;3,87;3,9;3,9;0
17/08/2018;3,88;3,95;3,88;3,9;3,9;0
20/08/2018;3,91;3,95;3,91;3,91;3,91;0
21/08/2018;3,97;4;3,93;3,97;3,97;0
22/08/2018;4,05;4,09;4,03;4,05;4,05;0
23/08/2018;4,04;4,09;4,02;4,04;4,04;0
24/08/2018;4,11;4,12;4,07;4,11;4,11;0
27/08/2018;4,07;4,11;4,05;4,1;4,1;0
28/08/2018;4,08;4,14;4,05;4,08;4,08;0
29/08/2018;4,13;4,16;4,11;4,13;4,13;0
30/08/2018;4,1;4,21;4,1;4,11;4,11;0
31/08/2018;4,15;4,17;4,11;4,15;4,15;0
03/09/2018;4,05;4,14;4,03;4,05;4,05;0
04/09/2018;4,16;4,18;4,14;4,15;4,15;0
05/09/2018;4,13;4,18;4,13;4,15;4,15;0
06/09/2018;4,14;4,16;4,1;4,14;4,14;0
07/09/2018;4,06;4,06;4,06;4,06;4,06;0
10/09/2018;4,05;4,11;4,05;4,04;4,04;0
11/09/2018;4,08;4,18;4,08;4,08;4,08;0
12/09/2018;4,15;4,15;4,1;4,15;4,15;0
13/09/2018;4,16;4,18;4,13;4,16;4,16;0
14/09/2018;4,21;4,21;4,16;4,21;4,21;0
17/09/2018;4,17;4,2;4,14;4,17;4,17;0
18/09/2018;4,13;4,15;4,12;4,13;4,13;0
19/09/2018;4,16;4,17;4,11;4,16;4,16;0
20/09/2018;4,13;4,13;4,08;4,13;4,13;0
21/09/2018;4,08;4,09;4,05;4,08;4,08;0
24/09/2018;4,05;4,08;4,02;4,05;4,05;0
25/09/2018;4,09;4,14;4,07;4,09;4,09;0
26/09/2018;4,07;4,09;4,03;4,07;4,07;0
27/09/2018;4,03;4,05;3,97;4,03;4,03;0
28/09/2018;4,01;4,05;3,99;4,01;4,01;0
01/10/2018;4,05;4,06;4;4,05;4,05;0
02/10/2018;4,02;4,02;3,92;4,02;4,02;0
03/10/2018;3,94;3,94;3,82;3,94;3,94;0
04/10/2018;3,9;3,93;3,88;3,9;3,9;0
05/10/2018;3,87;3,89;3,84;3,87;3,87;0
08/10/2018;3,83;3,84;3,66;3,84;3,84;0
09/10/2018;3,78;3,79;3,73;3,78;3,78;0
10/10/2018;3,71;3,76;3,71;3,71;3,71;0
11/10/2018;3,75;3,77;3,68;3,75;3,75;0
12/10/2018;3,78;3,78;3,77;3,78;3,78;0
15/10/2018;3,78;3,78;3,72;3,78;3,78;0
16/10/2018;3,73;3,73;3,69;3,73;3,73;0
17/10/2018;3,71;3,74;3,68;3,72;3,72;0
18/10/2018;3,69;3,71;3,67;3,69;3,69;0
19/10/2018;3,72;3,72;3,69;3,72;3,72;0
22/10/2018;3,71;3,72;3,67;3,71;3,71;0
23/10/2018;3,68;3,72;3,66;3,68;3,68;0
24/10/2018;3,7;3,73;3,68;3,69;3,69;0
25/10/2018;3,73;3,73;3,69;3,73;3,73;0
26/10/2018;3,7;3,72;3,67;3,7;3,7;0
29/10/2018;3,64;3,67;3,59;3,64;3,64;0
30/10/2018;3,72;3,72;3,65;3,72;3,72;0
31/10/2018;3,69;3,74;3,69;3,69;3,69;0
01/11/2018;3,72;3,72;3,68;3,72;3,72;0
02/11/2018;3,7;3,7;3,68;3,69;3,69;0
05/11/2018;3,7;3,72;3,69;3,7;3,7;0
06/11/2018;3,72;3,77;3,7;3,72;3,72;0
07/11/2018;3,76;3,78;3,72;3,76;3,76;0
08/11/2018;3,73;3,76;3,72;3,73;3,73;0
09/11/2018;3,76;3,77;3,73;3,76;3,76;0
12/11/2018;3,73;3,76;3,73;3,73;3,73;0
13/11/2018;3,77;3,81;3,75;3,77;3,77;0
14/11/2018;3,8;3,82;3,77;3,8;3,8;0
15/11/2018;3,78;3,78;3,77;3,78;3,78;0
16/11/2018;3,78;3,78;3,73;3,78;3,78;0
19/11/2018;3,74;3,77;3,72;3,74;3,74;0
20/11/2018;3,75;3,76;3,75;3,75;3,75;0
21/11/2018;3,76;3,8;3,75;3,76;3,76;0
22/11/2018;3,8;3,82;3,79;3,8;3,8;0
23/11/2018;3,8;3,82;3,8;3,8;3,8;0
26/11/2018;3,83;3,89;3,82;3,67;3,67;0
27/11/2018;3,94;3,94;3,87;3,94;3,94;0
28/11/2018;3,87;3,89;3,85;3,87;3,87;0
29/11/2018;3,85;3,87;3,83;3,85;3,85;0
30/11/2018;3,85;3,89;3,84;3,85;3,85;0
03/12/2018;3,87;3,87;3,82;3,87;3,87;0
04/12/2018;3,84;3,84;3,82;3,84;3,84;0
05/12/2018;3,85;3,88;3,83;3,85;3,85;0
06/12/2018;3,87;3,94;3,85;3,87;3,87;0
07/12/2018;3,88;3,92;3,86;3,88;3,88;0
10/12/2018;3,91;3,93;3,89;3,91;3,91;0
11/12/2018;3,92;3,92;3,89;3,92;3,92;0
12/12/2018;3,9;3,91;3,84;3,9;3,9;0
13/12/2018;3,85;3,89;3,83;3,85;3,85;0
14/12/2018;3,89;3,92;3,89;3,89;3,89;0
17/12/2018;3,92;3,93;3,89;3,92;3,92;0
18/12/2018;3,9;3,92;3,88;3,9;3,9;0
19/12/2018;3,91;3,91;3,86;3,91;3,91;0
20/12/2018;3,9;3,9;3,83;3,9;3,9;0
21/12/2018;3,84;3,88;3,84;3,84;3,84;0
24/12/2018;3,9;3,9;3,88;3,84;3,84;0
25/12/2018;3,9;3,9;3,9;3,9;3,9;0
26/12/2018;3,9;3,94;3,89;3,9;3,9;0
27/12/2018;3,92;3,94;3,89;3,92;3,92;0
28/12/2018;3,87;3,89;3,83;3,87;3,87;0
31/12/2018;3,88;3,88;3,87;3,87;3,87;0
01/01/2019;3,88;3,88;3,88;3,88;3,88;0
02/01/2019;3,88;3,9;3,8;3,88;3,88;0
03/01/2019;3,79;3,8;3,74;3,79;3,79;0
04/01/2019;3,76;3,78;3,71;3,76;3,76;0
07/01/2019;3,71;3,72;3,69;3,66;3,66;0
08/01/2019;3,73;3,74;3,71;3,73;3,73;0
09/01/2019;3,71;3,71;3,68;3,71;3,71;0
10/01/2019;3,68;3,69;3,67;3,68;3,68;0
11/01/2019;3,71;3,73;3,69;3,71;3,71;0
14/01/2019;3,71;3,73;3,69;3,66;3,66;0
15/01/2019;3,7;3,72;3,69;3,7;3,7;0
16/01/2019;3,72;3,74;3,71;3,72;3,72;0
17/01/2019;3,74;3,77;3,72;3,73;3,73;0
18/01/2019;3,75;3,77;3,71;3,75;3,75;0
21/01/2019;3,75;3,78;3,74;3,75;3,75;0
22/01/2019;3,75;3,78;3,74;3,75;3,75;0
23/01/2019;3,81;3,81;3,78;3,81;3,81;0
24/01/2019;3,76;3,79;3,74;3,76;3,76;0
25/01/2019;3,77;3,77;3,71;3,77;3,77;0
28/01/2019;3,75;3,79;3,75;3,77;3,77;0
29/01/2019;3,76;3,76;3,72;3,76;3,76;0
30/01/2019;3,72;3,72;3,7;3,72;3,72;0
31/01/2019;3,68;3,69;3,64;3,68;3,68;0
01/02/2019;3,64;3,68;3,64;3,64;3,64;0
04/02/2019;3,66;3,69;3,66;3,66;3,66;0
05/02/2019;3,67;3,68;3,66;3,67;3,67;0
06/02/2019;3,67;3,71;3,66;3,67;3,67;0
07/02/2019;3,69;3,73;3,67;3,69;3,69;0
08/02/2019;3,71;3,75;3,7;3,71;3,71;0
11/02/2019;3,73;3,77;3,72;3,73;3,73;0
12/02/2019;3,76;3,76;3,71;3,76;3,76;0
13/02/2019;3,71;3,76;3,7;3,71;3,71;0
14/02/2019;3,75;3,79;3,73;3,75;3,75;0
15/02/2019;3,72;3,72;3,7;3,72;3,72;0
18/02/2019;3,7;3,74;3,69;3,65;3,65;0
19/02/2019;3,73;3,74;3,7;3,73;3,73;0
20/02/2019;3,72;3,73;3,69;3,72;3,72;0
21/02/2019;3,72;3,77;3,72;3,72;3,72;0
22/02/2019;3,77;3,77;3,73;3,77;3,77;0
25/02/2019;3,75;3,75;3,72;3,75;3,75;0
26/02/2019;3,75;3,76;3,73;3,75;3,75;0
27/02/2019;3,75;3,75;3,72;3,75;3,75;0
28/02/2019;3,73;3,75;3,72;3,73;3,73;0
01/03/2019;3,75;3,79;3,74;3,75;3,75;0
04/03/2019;3,77;3,78;3,77;3,72;3,72;0
05/03/2019;3,77;3,78;3,77;3,77;3,77;0
06/03/2019;3,77;3,82;3,76;3,77;3,77;0
07/03/2019;3,84;3,89;3,78;3,84;3,84;0
08/03/2019;3,87;3,9;3,85;3,87;3,87;0
11/03/2019;3,87;3,87;3,83;3,81;3,81;0
12/03/2019;3,84;3,84;3,8;3,84;3,84;0
13/03/2019;3,81;3,83;3,8;3,81;3,81;0
14/03/2019;3,81;3,84;3,8;3,81;3,81;0
15/03/2019;3,84;3,87;3,81;3,84;3,84;0
18/03/2019;3,81;3,83;3,8;3,81;3,81;0
19/03/2019;3,79;3,79;3,77;3,79;3,79;0
20/03/2019;3,79;3,8;3,78;3,79;3,79;0
21/03/2019;3,77;3,82;3,74;3,77;3,77;0
22/03/2019;3,79;3,89;3,77;3,79;3,79;0
25/03/2019;3,9;3,93;3,86;3,91;3,91;0
26/03/2019;3,85;3,88;3,83;3,85;3,85;0
27/03/2019;3,88;3,96;3,85;3,88;3,88;0
28/03/2019;3,99;4,01;3,95;3,99;3,99;0
29/03/2019;3,9;3,91;3,86;3,9;3,9;0
01/04/2019;3,88;3,92;3,86;3,92;3,92;0
02/04/2019;3,85;3,88;3,82;3,85;3,85;0
03/04/2019;3,85;3,86;3,83;3,85;3,85;0
04/04/2019;3,87;3,89;3,86;3,87;3,87;0
05/04/2019;3,85;3,87;3,83;3,86;3,86;0
08/04/2019;3,87;3,87;3,86;3,87;3,87;0
09/04/2019;3,85;3,86;3,84;3,85;3,85;0
10/04/2019;3,83;3,85;3,82;3,85;3,85;0
11/04/2019;3,82;3,86;3,81;3,82;3,82;0
12/04/2019;3,86;3,88;3,83;3,86;3,86;0
15/04/2019;3,88;3,89;3,86;3,88;3,88;0
16/04/2019;3,87;3,91;3,87;3,87;3,87;0
17/04/2019;3,9;3,94;3,88;3,9;3,9;0
18/04/2019;3,94;3,95;3,9;3,94;3,94;0
19/04/2019;3,93;3,94;3,93;3,93;3,93;0
22/04/2019;3,92;3,93;3,9;3,93;3,93;0
23/04/2019;3,93;3,96;3,93;3,93;3,93;0
24/04/2019;3,92;3,98;3,9;3,92;3,92;0
25/04/2019;3,99;4;3,95;3,99;3,99;0
26/04/2019;3,95;3,97;3,92;3,95;3,95;0
29/04/2019;3,92;3,94;3,92;3,93;3,93;0
30/04/2019;3,94;3,95;3,92;3,94;3,94;0
01/05/2019;3,92;3,94;3,92;3,92;3,92;0
02/05/2019;3,93;3,97;3,91;3,92;3,92;0
03/05/2019;3,97;3,97;3,93;3,97;3,97;0
06/05/2019;3,93;3,97;3,93;3,94;3,94;0
07/05/2019;3,97;4;3,95;3,97;3,97;0
08/05/2019;3,97;3,99;3,93;3,97;3,97;0
09/05/2019;3,93;3,98;3,91;3,93;3,93;0
10/05/2019;3,95;3,97;3,94;3,95;3,95;0
13/05/2019;3,92;4;3,92;3,96;3,96;0
14/05/2019;3,99;3,99;3,97;3,99;3,99;0
15/05/2019;3,98;4,02;3,97;3,98;3,98;0
16/05/2019;4;4,02;3,98;4;4;0
17/05/2019;4,05;4,1;4,02;4,05;4,05;0
20/05/2019;4,1;4,12;4,08;4,1;4,1;0
21/05/2019;4,1;4,11;4,06;4,09;4,09;0
22/05/2019; null ; null ; null ; null ; null ;null
23/05/2019;4,04;4,07;4,03;4,04;4,04;0
24/05/2019;4,04;4,05;4,02;4,04;4,04;0
27/05/2019;4,01;4,03;4,01;4,02;4,02;0
28/05/2019;4,04;4,05;4,01;4,04;4,04;0
29/05/2019;4,02;4,04;3,99;4,02;4,02;0
30/05/2019;3,97;3,99;3,95;3,97;3,97;0
31/05/2019;3,98;4;3,91;3,98;3,98;0
03/06/2019;3,92;3,93;3,89;3,92;3,92;0
04/06/2019;3,88;3,89;3,86;3,88;3,88;0
05/06/2019;3,85;3,88;3,84;3,85;3,85;0
06/06/2019;3,85;3,89;3,85;3,88;3,88;0
07/06/2019;3,88;3,88;3,85;3,88;3,88;0
10/06/2019;3,88;3,89;3,87;3,88;3,88;0
11/06/2019;3,85;3,89;3,85;3,88;3,88;0
12/06/2019;3,86;3,86;3,83;3,86;3,86;0
13/06/2019;3,87;3,87;3,83;3,87;3,87;0
14/06/2019;3,85;3,9;3,85;3,85;3,85;0
17/06/2019;3,89;3,9;3,88;3,89;3,89;0
18/06/2019;3,89;3,89;3,85;3,89;3,89;0
19/06/2019;3,86;3,88;3,86;3,86;3,86;0
20/06/2019;3,83;3,84;3,83;3,84;3,84;0
21/06/2019;3,84;3,84;3,81;3,84;3,84;0
24/06/2019;3,79;3,83;3,79;3,82;3,82;0
25/06/2019;3,83;3,84;3,81;3,83;3,83;0
26/06/2019;3,81;3,85;3,81;3,85;3,85;0
27/06/2019;3,84;3,87;3,84;3,84;3,84;0
28/06/2019;3,82;3,84;3,8;3,82;3,82;0
01/07/2019;3,85;3,85;3,81;3,85;3,85;0
02/07/2019;3,84;3,88;3,84;3,84;3,84;0
03/07/2019;3,84;3,87;3,82;3,84;3,84;0
04/07/2019;3,83;3,83;3,78;3,83;3,83;0
05/07/2019;3,8;3,84;3,8;3,8;3,8;0
08/07/2019;3,82;3,82;3,8;3,82;3,82;0
09/07/2019;3,8;3,82;3,8;3,8;3,8;0
10/07/2019;3,8;3,81;3,76;3,8;3,8;0
11/07/2019;3,75;3,79;3,72;3,75;3,75;0
12/07/2019;3,75;3,76;3,74;3,75;3,75;0
15/07/2019;3,73;3,75;3,72;3,73;3,73;0
16/07/2019;3,72;3,77;3,72;3,75;3,75;0
17/07/2019;3,74;3,77;3,74;3,77;3,77;0
18/07/2019;3,76;3,76;3,74;3,76;3,76;0
19/07/2019;3,72;3,74;3,7;3,72;3,72;0
22/07/2019;3,75;3,75;3,73;3,75;3,75;0
23/07/2019;3,73;3,77;3,72;3,74;3,74;0
24/07/2019;3,77;3,77;3,75;3,77;3,77;0
25/07/2019;3,77;3,8;3,75;3,77;3,77;0
26/07/2019;3,75;3,79;3,75;3,78;3,78;0
29/07/2019;3,77;3,8;3,75;3,77;3,77;0
30/07/2019;3,75;3,8;3,75;3,78;3,78;0
31/07/2019;3,79;3,79;3,75;3,79;3,79;0
01/08/2019;3,81;3,84;3,79;3,81;3,81;0
02/08/2019;3,84;3,89;3,81;3,84;3,84;0
05/08/2019;3,89;3,95;3,88;3,88;3,88;0
06/08/2019;3,97;3,98;3,94;3,97;3,97;0
07/08/2019;3,96;3,99;3,93;3,96;3,96;0
08/08/2019;3,97;3,97;3,93;3,97;3,97;0
09/08/2019;3,92;3,94;3,9;3,92;3,92;0
12/08/2019;3,94;4,01;3,92;3,94;3,94;0
13/08/2019;3,98;4,01;3,94;3,98;3,98;0
14/08/2019;3,96;4,02;3,96;3,96;3,96;0
15/08/2019;4,05;4,05;4;4,05;4,05;0
16/08/2019;3,99;4;3,97;3,99;3,99;0
19/08/2019;4;4,04;3,99;4;4;0
20/08/2019;4,07;4,07;4,02;4,07;4,07;0
21/08/2019;4,05;4,05;4,01;4,05;4,05;0
22/08/2019;4,02;4,06;4,02;4,02;4,02;0
23/08/2019;4,07;4,11;4,05;4,07;4,07;0
26/08/2019;4,12;4,16;4,1;4,13;4,13;0
27/08/2019;4,15;4,18;4,12;4,15;4,15;0
28/08/2019;4,12;4,17;4,1;4,12;4,12;0
29/08/2019;4,17;4,18;4,14;4,17;4,17;0
30/08/2019;4,17;4,17;4,12;4,17;4,17;0
02/09/2019;4,14;4,16;4,14;4,14;4,14;0
03/09/2019;4,18;4,18;4,15;4,18;4,18;0
04/09/2019;4,15;4,17;4,11;4,17;4,17;0
05/09/2019;4,09;4,1;4,07;4,09;4,09;0
06/09/2019;4,08;4,11;4,05;4,11;4,11;0
09/09/2019;4,06;4,09;4,05;4,06;4,06;0
10/09/2019;4,09;4,13;4,09;4,09;4,09;0
11/09/2019;4,08;4,08;4,05;4,08;4,08;0
12/09/2019;4,06;4,07;4,02;4,06;4,06;0
13/09/2019;4,03;4,06;4,03;4,06;4,06;0
16/09/2019;4,08;4,1;4,08;4,09;4,09;0
17/09/2019;4,07;4,11;4,07;4,08;4,08;0
18/09/2019;4,04;4,1;4,04;4,08;4,08;0
19/09/2019;4,11;4,14;4,09;4,11;4,11;0
20/09/2019;4,17;4,18;4,14;4,17;4,17;0
23/09/2019;4,15;4,18;4,14;4,15;4,15;0
24/09/2019;4,12;4,18;4,12;4,16;4,16;0
25/09/2019;4,13;4,19;4,13;4,16;4,16;0
26/09/2019;4,15;4,16;4,12;4,15;4,15;0
27/09/2019;4,17;4,17;4,15;4,17;4,17;0
30/09/2019;4,16;4,17;4,12;4,16;4,16;0
01/10/2019;4,15;4,18;4,15;4,15;4,15;0
02/10/2019;4,15;4,18;4,12;4,15;4,15;0
03/10/2019;4,12;4,13;4,08;4,12;4,12;0
04/10/2019;4,08;4,08;4,05;4,08;4,08;0
07/10/2019;4,05;4,08;4,05;4,05;4,05;0
08/10/2019;4,1;4,11;4,08;4,11;4,11;0
09/10/2019;4,09;4,11;4,07;4,09;4,09;0
10/10/2019;4,11;4,13;4,09;4,11;4,11;0
11/10/2019;4,11;4,12;4,09;4,11;4,11;0
14/10/2019;4,11;4,14;4,1;4,11;4,11;0
15/10/2019;4,09;4,15;4,09;4,12;4,12;0
16/10/2019;4,18;4,19;4,16;4,18;4,18;0
17/10/2019;4,14;4,16;4,12;4,15;4,15;0
18/10/2019;4,12;4,16;4,12;4,16;4,16;0
21/10/2019;4,12;4,15;4,11;4,11;4,11;0
22/10/2019;4,12;4,13;4,06;4,12;4,12;0
23/10/2019;4,08;4,09;4,06;4,08;4,08;0
24/10/2019;4,03;4,04;4;4,03;4,03;0
25/10/2019;4,04;4,04;3,99;4,04;4,04;0
28/10/2019;4;4,01;3,97;4;4;0
29/10/2019;3,99;4;3,98;3,99;3,99;0
30/10/2019;4;4,03;3,96;4;4;0
31/10/2019;3,99;4,02;3,96;3,99;3,99;0
01/11/2019;4,02;4,02;3,97;4,02;4,02;0
04/11/2019;3,99;4;3,97;3,99;3,99;0
05/11/2019;4,01;4,02;3,98;4,01;4,01;0
06/11/2019;3,99;4,08;3,97;3,99;3,99;0
07/11/2019;4,08;4,1;4,04;4,08;4,08;0
08/11/2019;4,1;4,15;4,07;4,1;4,1;0
11/11/2019;4,13;4,17;4,13;4,13;4,13;0
12/11/2019;4,15;4,18;4,14;4,15;4,15;0
13/11/2019;4,17;4,18;4,16;4,17;4,17;0
14/11/2019;4,17;4,19;4,16;4,17;4,17;0
15/11/2019;4,19;4,19;4,19;4,19;4,19;0
18/11/2019;4,19;4,19;4,17;4,19;4,19;0
19/11/2019;4,22;4,22;4,19;4,22;4,22;0
20/11/2019;4,19;4,2;4,18;4,19;4,19;0
21/11/2019;4,2;4,22;4,18;4,2;4,2;0
22/11/2019;4,19;4,2;4,17;4,19;4,19;0
25/11/2019;4,2;4,22;4,17;4,2;4,2;0
26/11/2019;4,23;4,27;4,22;4,23;4,23;0
27/11/2019;4,23;4,27;4,23;4,23;4,23;0
28/11/2019;4,26;4,26;4,24;4,26;4,26;0
29/11/2019;4,19;4,24;4,18;4,19;4,19;0
02/12/2019;4,24;4,25;4,21;4,24;4,24;0
03/12/2019;4,22;4,22;4,19;4,22;4,22;0
04/12/2019;4,2;4,21;4,18;4,2;4,2;0
05/12/2019;4,21;4,22;4,18;4,21;4,21;0
06/12/2019;4,18;4,19;4,17;4,18;4,18;0
09/12/2019;4,12;4,16;4,12;4,12;4,12;0
10/12/2019;4,14;4,15;4,12;4,14;4,14;0
11/12/2019;4,14;4,15;4,11;4,14;4,14;0
12/12/2019;4,12;4,13;4,1;4,12;4,12;0
13/12/2019;4,09;4,11;4,07;4,09;4,09;0
16/12/2019;4,09;4,11;4,06;4,09;4,09;0
17/12/2019;4,06;4,08;4,05;4,06;4,06;0
18/12/2019;4,07;4,07;4,05;4,07;4,07;0
19/12/2019;4,06;4,07;4,04;4,06;4,06;0
20/12/2019;4,07;4,09;4,04;4,07;4,07;0
23/12/2019;4,08;4,1;4,06;4,08;4,08;0
24/12/2019;4,08;4,08;4,06;4,08;4,08;0
25/12/2019;4,08;4,08;4,06;4,08;4,08;0
26/12/2019;4,08;4,08;4,05;4,08;4,08;0
27/12/2019;4,05;4,08;4,03;4,05;4,05;0
30/12/2019;4,02;4,05;4,01;4,02;4,02;0
31/12/2019;4,02;4,03;4,01;4,02;4,02;0
01/01/2020;4,02;4,02;4,02;4,02;4,02;0
02/01/2020;4,02;4,04;4;4,02;4,02;0
03/01/2020;4,02;4,07;4,02;4,02;4,02;0
06/01/2020;4,06;4,07;4,04;4,06;4,06;0
07/01/2020;4,06;4,09;4,04;4,06;4,06;0
08/01/2020;4,07;4,08;4,04;4,07;4,07;0
09/01/2020;4,06;4,08;4,04;4,06;4,06;0
10/01/2020;4,09;4,09;4,06;4,09;4,09;0
13/01/2020;4,09;4,14;4,09;4,07;4,07;0
14/01/2020;4,15;4,16;4,13;4,15;4,15;0
15/01/2020;4,13;4,18;4,11;4,13;4,13;0
16/01/2020;4,17;4,19;4,16;4,17;4,17;0
17/01/2020;4,18;4,19;4,17;4,18;4,18;0
20/01/2020;4,16;4,19;4,16;4,16;4,16;0
21/01/2020;4,19;4,21;4,17;4,19;4,19;0
22/01/2020;4,21;4,21;4,18;4,21;4,21;0
23/01/2020;4,18;4,19;4,16;4,18;4,18;0
24/01/2020;4,17;4,19;4,15;4,17;4,17;0
27/01/2020;4,16;4,23;4,16;4,16;4,16;0
28/01/2020;4,21;4,22;4,19;4,21;4,21;0
29/01/2020;4,19;4,22;4,18;4,19;4,19;0
30/01/2020;4,23;4,27;4,23;4,23;4,23;0
31/01/2020;4,24;4,28;4,24;4,24;4,24;0
03/02/2020;4,28;4,28;4,23;4,28;4,28;0
04/02/2020;4,25;4,25;4,22;4,25;4,25;0
05/02/2020;4,25;4,26;4,22;4,25;4,25;0
06/02/2020;4,23;4,27;4,21;4,23;4,23;0
07/02/2020;4,28;4,32;4,28;4,28;4,28;0
10/02/2020;4,32;4,33;4,3;4,32;4,32;0
11/02/2020;4,32;4,34;4,3;4,32;4,32;0
12/02/2020;4,33;4,35;4,32;4,33;4,33;0
13/02/2020;4,35;4,38;4,31;4,35;4,35;0
14/02/2020;4,35;4,35;4,3;4,35;4,35;0
17/02/2020;4,3;4,32;4,29;4,3;4,3;0
18/02/2020;4,33;4,35;4,32;4,33;4,33;0
19/02/2020;4,35;4,38;4,35;4,35;4,35;0
20/02/2020;4,36;4,4;4,33;4,36;4,36;0
21/02/2020;4,39;4,4;4,37;4,39;4,39;0
24/02/2020;4,39;4,4;4,37;4,39;4,39;0
25/02/2020;4,39;4,39;4,37;4,39;4,39;0
26/02/2020;4,39;4,43;4,35;4,39;4,39;0
27/02/2020;4,45;4,5;4,45;4,45;4,45;0
28/02/2020;4,48;4,51;4,46;4,48;4,48;0
02/03/2020;4,44;4,5;4,44;4,44;4,44;0
03/03/2020;4,47;4,51;4,45;4,47;4,47;0
04/03/2020;4,51;4,56;4,5;4,51;4,51;0
05/03/2020;4,58;4,65;4,58;4,58;4,58;0
06/03/2020;4,6;4,67;4,6;4,61;4,61;0
09/03/2020;4,63;4,79;4,62;4,59;4,59;0
10/03/2020;4,72;4,72;4,66;4,72;4,72;0
11/03/2020;4,64;4,68;4,62;4,64;4,64;0
12/03/2020;4,81;5,02;4,81;4,81;4,81;0
13/03/2020;4,79;4,79;4,65;4,79;4,79;0
16/03/2020;4,85;4,99;4,85;4,85;4,85;0
17/03/2020;5;5,08;5;5;5;0
18/03/2020;5,01;5,2;4,98;5,01;5,01;0
19/03/2020;5,1;5,21;5,1;5,1;5,1;0
20/03/2020;5,09;5,1;4,99;5,09;5,09;0
23/03/2020;5,05;5,13;5,01;5,05;5,05;0
24/03/2020;5,14;5,14;5,04;5,14;5,14;0
25/03/2020;5,1;5,1;5,05;5,1;5,1;0
26/03/2020;5,03;5,06;4,97;5,03;5,03;0
27/03/2020;5,02;5,12;4,98;5,02;5,02;0
30/03/2020;5,1;5,18;5,08;5,1;5,1;0
31/03/2020;5,19;5,2;5,17;5,19;5,19;0
01/04/2020;5,2;5,25;5,2;5,2;5,2;0
02/04/2020;5,25;5,28;5,22;5,25;5,25;0
03/04/2020;5,26;5,32;5,25;5,26;5,26;0
06/04/2020;5,34;5,35;5,22;5,35;5,35;0
07/04/2020;5,28;5,29;5,19;5,29;5,29;0
08/04/2020;5,22;5,24;5,16;5,22;5,22;0
09/04/2020;5,12;5,15;5,05;5,12;5,12;0
10/04/2020;5,11;5,11;5,07;5,11;5,11;0
13/04/2020;5,11;5,2;5,1;5,11;5,11;0
14/04/2020;5,2;5,21;5,07;5,2;5,2;0
15/04/2020;5,16;5,26;5,16;5,16;5,16;0
16/04/2020;5,24;5,26;5,2;5,24;5,24;0
17/04/2020;5,23;5,27;5,2;5,23;5,23;0
20/04/2020;5,23;5,3;5,23;5,23;5,23;0
21/04/2020;5,32;5,32;5,31;5,32;5,32;0
22/04/2020;5,32;5,4;5,3;5,32;5,32;0
23/04/2020;5,46;5,48;5,4;5,46;5,46;0
24/04/2020;5,53;5,71;5,5;5,53;5,53;0
27/04/2020;5,59;5,68;5,54;5,57;5,57;0
28/04/2020;5,65;5,65;5,55;5,65;5,65;0
29/04/2020;5,5;5,52;5,37;5,5;5,5;0
30/04/2020;5,33;5,44;5,33;5,33;5,33;0
01/05/2020;5,49;5,49;5,48;5,49;5,49;0
04/05/2020;5,49;5,6;5,48;5,48;5,48;0
05/05/2020;5,54;5,56;5,48;5,54;5,54;0
06/05/2020;5,58;5,69;5,58;5,58;5,58;0
07/05/2020;5,71;5,87;5,71;5,72;5,72;0
08/05/2020;5,83;5,83;5,72;5,83;5,83;0
11/05/2020;5,73;5,81;5,73;5,48;5,48;0
12/05/2020;5,82;5,82;5,74;5,82;5,82;0
13/05/2020;5,89;5,93;5,82;5,88;5,88;0
14/05/2020;5,89;5,97;5,88;5,89;5,89;0
15/05/2020;5,81;5,86;5,76;5,81;5,81;0
18/05/2020;5,85;5,86;5,71;5,86;5,86;0
19/05/2020;5,72;5,76;5,68;5,72;5,72;0
20/05/2020;5,75;5,76;5,67;5,76;5,76;0
21/05/2020;5,69;5,7;5,57;5,69;5,69;0
22/05/2020;5,55;5,62;5,55;5,55;5,55;0
25/05/2020;5,48;5,53;5,44;5,53;5,53;0
26/05/2020;5,44;5,44;5,35;5,44;5,44;0
27/05/2020;5,34;5,35;5,27;5,34;5,34;0
28/05/2020;5,27;5,36;5,27;5,27;5,27;0
29/05/2020;5,4;5,46;5,34;5,4;5,4;0
01/06/2020;5,33;5,4;5,31;5,33;5,33;0
02/06/2020;5,37;5,37;5,21;5,37;5,37;0
03/06/2020;5,2;5,2;5,02;5,2;5,2;0
04/06/2020;5,06;5,14;5,02;5,06;5,06;0
05/06/2020;5,12;5,12;4,93;5,12;5,12;0
08/06/2020;4,96;4,97;4,88;4,96;4,96;0
09/06/2020;4,82;4,93;4,82;4,82;4,82;0
10/06/2020;4,9;4,91;4,85;4,9;4,9;0
11/06/2020;4,97;4,98;4,95;4,97;4,97;0
12/06/2020;4,98;5,1;4,97;4,98;4,98;0
15/06/2020;5,36;5,36;5,05;5,05;5,05;0
16/06/2020;5,15;5,21;5,05;5,15;5,15;0
17/06/2020;5,24;5,27;5,18;5,24;5,24;0
18/06/2020;5,23;5,37;5,22;5,23;5,23;0
19/06/2020;5,38;5,38;5,32;5,38;5,38;0
22/06/2020;5,14;5,31;5,14;5,31;5,31;0
23/06/2020;5,25;5,25;5,15;5,25;5,25;0
24/06/2020;5,15;5,32;5,15;5,15;5,15;0
25/06/2020;5,35;5,37;5,27;5,35;5,35;0
26/06/2020;5,36;5,49;5,36;5,36;5,36;0
29/06/2020;5,48;5,49;5,39;5,48;5,48;0
30/06/2020;5,4;5,5;5,4;5,4;5,4;0
01/07/2020;5,46;5,47;5,34;5,46;5,46;0
02/07/2020;5,32;5,34;5,27;5,32;5,32;0
03/07/2020;5,36;5,38;5,31;5,36;5,36;0
06/07/2020;5,14;5,35;5,14;5,31;5,31;0
07/07/2020;5,35;5,4;5,29;5,35;5,35;0
08/07/2020;5,38;5,39;5,32;5,38;5,38;0
09/07/2020;5,34;5,34;5,24;5,34;5,34;0
10/07/2020;5,34;5,39;5,32;5,34;5,34;0
13/07/2020;5,32;5,37;5,31;5,33;5,33;0
14/07/2020;5,4;5,45;5,35;5,4;5,4;0
15/07/2020;5,37;5,37;5,29;5,37;5,37;0
16/07/2020;5,37;5,38;5,33;5,37;5,37;0
17/07/2020;5,33;5,36;5,31;5,33;5,33;0
20/07/2020;5,38;5,39;5,33;5,39;5,39;0
21/07/2020;5,33;5,33;5,18;5,33;5,33;0
22/07/2020;5,17;5,2;5,09;5,17;5,17;0
23/07/2020;5,12;5,19;5,12;5,12;5,12;0
24/07/2020;5,21;5,25;5,18;5,21;5,21;0
27/07/2020;5,23;5,23;5,15;5,23;5,23;0
28/07/2020;5,14;5,2;5,12;5,14;5,14;0
29/07/2020;5,15;5,16;5,11;5,15;5,15;0
30/07/2020;5,17;5,21;5,15;5,17;5,17;0
31/07/2020;5,15;5,22;5,15;5,15;5,15;0
03/08/2020;5,22;5,33;5,2;5,22;5,22;0
04/08/2020;5,32;5,37;5,3;5,32;5,32;0
05/08/2020;5,29;5,29;5,23;5,29;5,29;0
06/08/2020;5,29;5,37;5,25;5,29;5,29;0
07/08/2020;5,33;5,44;5,33;5,33;5,33;0
10/08/2020;5,44;5,44;5,35;5,44;5,44;0
11/08/2020;5,48;5,48;5,4;5,48;5,48;0
12/08/2020;5,38;5,48;5,38;5,38;5,38;0
13/08/2020;5,44;5,44;5,36;5,44;5,44;0
14/08/2020;5,37;5,42;5,36;5,37;5,37;0
17/08/2020;5,42;5,48;5,41;5,42;5,42;0
18/08/2020;5,51;5,51;5,42;5,51;5,51;0
19/08/2020;5,47;5,5;5,43;5,47;5,47;0
20/08/2020;5,56;5,67;5,54;5,56;5,56;0
21/08/2020;5,56;5,63;5,55;5,56;5,56;0
24/08/2020;5,62;5,62;5,56;5,62;5,62;0
25/08/2020;5,61;5,61;5,56;5,61;5,61;0
26/08/2020;5,51;5,61;5,51;5,51;5,51;0
27/08/2020;5,61;5,62;5,56;5,61;5,61;0
28/08/2020;5,57;5,57;5,44;5,57;5,57;0
31/08/2020;5,39;5,49;5,36;5,39;5,39;0
01/09/2020;5,49;5,49;5,36;5,49;5,49;0
02/09/2020;5,4;5,42;5,34;5,4;5,4;0
03/09/2020;5,34;5,37;5,29;5,34;5,34;0
04/09/2020;5,29;5,32;5,25;5,29;5,29;0
07/09/2020;5,3;5,3;5,3;5,3;5,3;0
08/09/2020;5,3;5,4;5,3;5,3;5,3;0
09/09/2020;5,36;5,36;5,28;5,36;5,36;0
10/09/2020;5,31;5,32;5,27;5,31;5,31;0
11/09/2020;5,32;5,32;5,26;5,32;5,32;0
14/09/2020;5,32;5,32;5,28;5,32;5,32;0
15/09/2020;5,27;5,3;5,22;5,27;5,27;0
16/09/2020;5,27;5,28;5,22;5,27;5,27;0
17/09/2020;5,24;5,29;5,22;5,24;5,24;0
18/09/2020;5,24;5,31;5,19;5,24;5,24;0
21/09/2020;5,4;5,49;5,39;5,39;5,39;0
22/09/2020;5,41;5,47;5,38;5,41;5,41;0
23/09/2020;5,47;5,56;5,47;5,47;5,47;0
24/09/2020;5,59;5,62;5,53;5,59;5,59;0
25/09/2020;5,51;5,59;5,51;5,51;5,51;0
28/09/2020;5,56;5,62;5,51;5,56;5,56;0
29/09/2020;5,66;5,67;5,61;5,66;5,66;0
30/09/2020;5,63;5,67;5,61;5,63;5,63;0
01/10/2020;5,61;5,65;5,58;5,61;5,61;0
02/10/2020;5,64;5,68;5,61;5,64;5,64;0
05/10/2020;5,68;5,69;5,61;5,68;5,68;0
06/10/2020;5,57;5,57;5,48;5,57;5,57;0
07/10/2020;5,59;5,63;5,55;5,59;5,59;0
08/10/2020;5,61;5,64;5,58;5,61;5,61;0
09/10/2020;5,6;5,6;5,51;5,6;5,6;0
12/10/2020;5,52;5,53;5,52;5,53;5,53;0
13/10/2020;5,53;5,62;5,52;5,53;5,53;0
14/10/2020;5,57;5,58;5,53;5,57;5,57;0
15/10/2020;5,59;5,64;5,59;5,59;5,59;0
16/10/2020;5,61;5,64;5,6;5,61;5,61;0
19/10/2020;5,64;5,65;5,57;5,64;5,64;0
20/10/2020;5,61;5,62;5,57;5,61;5,61;0
21/10/2020;5,6;5,63;5,57;5,6;5,6;0
22/10/2020;5,61;5,62;5,57;5,61;5,61;0
23/10/2020;5,59;5,63;5,56;5,59;5,59;0
26/10/2020;5,62;5,66;5,61;5,62;5,62;0
27/10/2020;5,62;5,66;5,6;5,62;5,62;0
28/10/2020;5,71;5,79;5,7;5,71;5,71;0
29/10/2020;5,75;5,79;5,74;5,74;5,74;0
30/10/2020;5,78;5,8;5,74;5,78;5,78;0
02/11/2020;5,74;5,77;5,72;5,74;5,74;0
03/11/2020;5,74;5,74;5,65;5,74;5,74;0
04/11/2020;5,76;5,76;5,65;5,75;5,75;0
05/11/2020;5,66;5,66;5,54;5,66;5,66;0
06/11/2020;5,52;5,57;5,45;5,52;5,52;0
09/11/2020;5,36;5,38;5,22;5,36;5,36;0
10/11/2020;5,38;5,41;5,34;5,38;5,38;0
11/11/2020;5,41;5,45;5,38;5,41;5,41;0
12/11/2020;5,39;5,43;5,35;5,39;5,39;0
13/11/2020;5,46;5,52;5,45;5,46;5,46;0
16/11/2020;5,46;5,46;5,37;5,46;5,46;0
17/11/2020;5,41;5,42;5,34;5,41;5,41;0
18/11/2020;5,33;5,34;5,28;5,33;5,33;0
19/11/2020;5,36;5,37;5,3;5,36;5,36;0
20/11/2020;5,3;5,39;5,29;5,3;5,3;0
23/11/2020;5,38;5,45;5,34;5,38;5,38;0
24/11/2020;5,44;5,44;5,38;5,44;5,44;0
25/11/2020;5,37;5,4;5,31;5,37;5,37;0
26/11/2020;5,32;5,36;5,3;5,32;5,32;0
27/11/2020;5,34;5,38;5,3;5,34;5,34;0
30/11/2020;5,34;5,39;5,28;5,34;5,34;0